time,current,V0,T0,V1,T1,V2,T2,V3,T3,V4,T4,V5,T5,V6,T6,V7,T7,V8,T8,V9,T9,pack_mean,V0_dev,V1_dev,V2_dev,V3_dev,V4_dev,V5_dev,V6_dev,V7_dev,V8_dev,V9_dev,T0_roc,T1_roc,T2_roc,T3_roc,T4_roc,T5_roc,T6_roc,T7_roc,T8_roc,T9_roc,anomaly
0,21.854305348131312,3.6777623976390617,31.632890161902655,3.7063780436937876,26.95224800476828,3.705580825844003,29.14390787164753,3.720210305696131,28.515186325761654,3.6883824373195297,28.593312396585187,3.6894966038564374,25.72075868784752,3.6885723966849175,28.7410500781515,3.6815183432450582,31.195440933825218,3.647749019746128,35.11897606207559,3.719007393647938,30.7884660437592,3.6924657767372993,-0.014703379098237601,0.013912266956488395,0.01311504910670358,0.027744528958831616,-0.004083339417769505,-0.002969172880861848,-0.003893380052381712,-0.010947433492241032,-0.04471675699117128,0.026541616910638943,0.0,0.0,0.0,0.0,0.0,0.0,0.0,0.0,0.0,0.0,1
1,7.090268572399898,3.676980128451554,30.41772719000951,3.7075139603669136,26.08065975224045,3.6879872262016242,27.34362790220314,3.6941661250041347,30.393722471738247,3.687965867755412,31.47693315999082,3.737045563690179,30.34273656237994,3.6997300555052415,29.768703435223518,3.678845781420882,29.397792608821423,3.716450898242064,27.042956019265144,3.67558312700058,28.560311583210584,3.696226873363859,-0.019246744912304603,0.011287087003054808,-0.008239647162234576,-0.0020607483597241405,-0.00826100560844667,0.04081869032632035,0.003503182141382677,-0.017381091942976656,0.02022402487820507,-0.020643746363278925,-1.2151629718931432,-0.8715882525278289,-1.800279969444393,1.878536145976593,2.8836207634056343,4.621977874532419,1.027653357072019,-1.7976483250037951,-8.076020042810445,-2.228154460548616,1
2,42.29318791183682,3.673066438052773,26.983693420905034,3.682388174679058,32.19929395156964,3.6773889539063687,29.64453575745869,3.7026885776525607,29.179233382627398,3.711642455894261,32.3594326894014,3.7177549691918674,28.203584121088642,3.7178866466021754,31.669590838460856,3.7150999559448947,30.593122768657942,3.695856682197909,27.924340246969034,3.687530452100301,29.84839250994363,3.6981303306222157,-0.025063892569442636,-0.015742155943157865,-0.020741376715847082,0.0045582470303449085,0.01351212527204515,0.019624638569651687,0.019756315979959638,0.016969625322678983,-0.0022736484243068844,-0.010599878521914796,-3.4340337691044773,6.118634199329193,2.300907855255552,-1.2144890891108489,0.8824995294105804,-2.139152441291298,1.9008874032373377,1.1953301598365194,0.8813842277038901,1.2880809267330449,1
3,37.09601542503478,3.7072279121101683,29.560656224324976,3.7307607313293194,30.714225143023494,3.6992834792178013,32.95578808948303,3.7312928731162804,28.963459563452705,3.647605097918205,28.383012794213624,3.7164380500875045,28.996485912830927,3.7017409413647635,31.83080423540415,3.694019852990683,30.65750221931937,3.70183521553071,28.940479592465923,3.660248621707982,31.02653486622671,3.6990452775373415,0.008182634572826863,0.03171545379197793,0.00023820168045984857,0.03224759557893897,-0.051440179619136384,0.017392772550163027,0.0026956638274220346,-0.005025424546658552,0.002789937993368685,-0.03879665582935932,2.576962803419942,-1.4850688085461492,3.3112523320243383,-0.21577381917469296,-3.976419895187778,0.7929017917422847,0.1612133969432925,0.06437945066142703,1.0161393454968888,1.1781423562830824,1
4,45.165154932049,3.727437242670996,29.208967096839412,3.7035110658790966,29.421726287060117,3.6938142290711085,30.905872653067018,3.71346251005548,29.66787818329787,3.694867396346149,30.42987766018951,3.692643485517345,25.95537013360853,3.7254746724027914,28.113886383065477,3.6941609465834877,32.80791747731859,3.646896479048731,29.96289839097672,3.7069103588777756,26.652990756019555,3.699917838645296,0.027519404025699856,0.003593227233800622,-0.006103609574187541,0.013544671410183895,-0.005050442299146862,-0.007274353127951105,0.0255568337574954,-0.005756892061808294,-0.053021359596565176,0.006992520232479649,-0.3516891274855638,-1.2924988559633768,-2.0499154364160113,0.7044186198451641,2.0468648659758877,-3.041115779222398,-3.7169178523386712,2.150415257999221,1.0224187985107953,-4.373544110207156,1
5,18.539523941754634,3.701204604198821,32.8055886218722,3.7492648422497057,27.19629787441544,3.6961527807043777,31.17371418760054,3.7060309468466723,34.380911251619956,3.6993057646058953,28.01892734973862,3.6766264392476096,28.867404540794457,3.7228564562903004,30.199302730175283,3.7150386606537356,28.9930486917676,3.715820638940861,26.898673137867736,3.6818122509041054,30.137125949612056,3.7064113384642083,-0.005206734265387425,0.04285350378549735,-0.010258557759830644,-0.00038039161753600226,-0.007105573858313008,-0.02978489921659877,0.016445117826092037,0.00862732218952722,0.009409300476652671,-0.024599087560102983,3.596621525032784,-2.2254284126446784,0.2678415345335239,4.713033068322087,-2.4109503104508896,2.912034407185928,2.085416347109806,-3.8148687855509884,-3.064225253108983,3.4841351935925005,1
6,34.032775568425244,3.7107267206476413,32.72777304883421,3.6817061813747745,35.07832543253866,3.712410964319235,29.351018084342215,3.696781252462739,29.58826656580899,3.692234712020468,27.119917104632403,3.682289752523423,32.38145451222728,3.6928650994846364,32.59879362852897,3.7111224359706796,28.265707687900893,3.7208772122183733,31.23528169102229,3.710528963226694,32.43414159396022,3.701154329424866,0.009572391222775423,-0.01944814805009143,0.011256634894369011,-0.004373076962127076,-0.00891961740439795,-0.01886457690144283,-0.008289229940229514,0.009968106545813704,0.019722882793507424,0.009374633801828125,-0.07781557303798792,7.882027558123223,-1.8226961032583269,-4.792644685810966,-0.8990102451062185,3.514049971432822,2.3994908983536902,-0.7273410038667087,4.336608553154555,2.297015644348164,1
7,8.786298424777197,3.705861449465974,31.926752258488644,3.685712971639473,30.825561853872998,3.7373154902228953,31.64412031998898,3.709476658418236,33.7935859653079,3.6761739300559473,29.50922376799426,3.713131072172677,28.49252767128502,3.680506366595454,28.220971140748954,3.7157416920748494,28.368379430069123,3.723171911580148,29.845796581171793,3.683586353632966,30.682303949633287,3.7030677895858615,0.0027936598801123758,-0.01735481794638849,0.03424770063703386,0.006408868832374459,-0.026893859529914188,0.010063282586815436,-0.022561422990407642,0.01267390248898792,0.020104121994286572,-0.01948143595289542,-0.8010207903455644,-4.252763578665665,2.2931022356467636,4.205319399498908,2.3893066633618574,-3.8889268409422577,-4.377822487780019,0.10267174216822994,-1.3894851098504972,-1.7518376443269332,1
8,45.1420949829701,3.7241876394137328,29.751735222236682,3.71075920007384,31.480681635895476,3.754688443181235,29.095075535310663,3.701875308603039,31.554099589807215,3.6718718946563693,32.091142336692634,3.699309406878104,29.31571657478924,3.6807396874786775,28.147906761577044,3.719543600016262,28.974069364728756,3.7008396012894007,31.420218480727907,3.697254563658044,30.184957743102196,3.7061069345248705,0.018080704888862265,0.004652265548969581,0.04858150865636457,-0.004231625921831572,-0.03423503986850118,-0.006797527646766444,-0.025367247046192976,0.01343666549139133,-0.0052673332354697955,-0.008852370866826664,-2.175017036251962,0.6551197820224779,-2.5490447846783155,-2.2394863755006824,2.5819185686983737,0.8231889035042173,-0.07306437917191033,0.6056899346596332,1.5744218995561141,-0.4973462065310912,1
9,36.32134085037379,3.6823228512759774,31.03007053441732,3.703074502118911,31.027571901824416,3.70116417436892,31.030095372612095,3.677140594043388,37.705462981309445,3.707155747206966,31.141781021386333,3.7112156905273648,32.271131280361196,3.7216610248635056,31.908003526986406,3.7210760410406984,31.302782502611596,3.6724466126408584,29.369461510719308,3.6812434992016976,31.517938440986534,3.6978500737288287,-0.01552722245285132,0.005224428390082192,0.003314100640091411,-0.02070947968544079,0.009305673478137155,0.013365616798536095,0.023810951134676905,0.023225967311869766,-0.025403461087970314,-0.0166065745271311,1.2783353121806371,-0.4531097340710595,1.9350198373014322,6.15136339150223,-0.9493613153063016,2.9554147055719575,3.7600967654093616,2.32871313788284,-2.0507569700085995,1.332980697884338,1
10,21.901232868797482,3.703300455962187,33.120760282265756,3.6828814216434127,30.25710200014216,3.699207277159208,31.099152690125333,3.689306745162999,27.45825638624792,3.6642300699003902,34.778071914784924,3.707146090838733,33.68682751664107,3.6917093638922025,32.72687098190341,3.7016039742508164,31.65753195520975,3.6821375945274157,30.03028655651973,3.6933036550521057,30.884148033733464,3.691482664838947,0.011817791123239996,-0.008601243195534458,0.007724612320260782,-0.0021759196759481014,-0.027252594938556918,0.015663425999785652,0.00022669905325534145,0.010121309411869284,-0.009345070311531423,0.0018209902131585132,2.0906897478484368,-0.7704699016822545,0.06905731751323785,-10.247206595061524,3.6362908933985914,1.4156962362798708,0.8188674549170045,0.3547494525981527,0.6608250458004221,-0.6337904072530698,1
11,19.533041282356066,3.686764270704632,33.530908480562196,3.717048666695925,30.80996342192191,3.684149585231346,27.47823209132991,3.6977052711706624,31.835723894109552,3.710099745579609,34.244312394025265,3.7173151038834025,32.06493052110229,3.675994071858885,26.961260068091974,3.693309975283181,29.0315318542675,3.6905010937767813,32.533822298373245,3.686933415348526,28.58466106876244,3.695982119953295,-0.00921784924866298,0.021066546742629644,-0.011832534721949006,0.0017231512173672137,0.014117625626314023,0.021332983930107297,-0.01998804809441035,-0.0026721446701141183,-0.0054810261765139145,-0.009048704604769142,0.4101481982964401,0.552861421779749,-3.620920598795422,4.377467507861631,-0.5337595207596593,-1.6218969955387763,-5.765610913811436,-2.6260001009422496,2.503535741853515,-2.299486964971024,1
12,5.647706988339014,3.695252160775867,29.743175706920585,3.737440113609446,29.068670457490907,3.699611157182009,30.11701780461369,3.6813481668687786,34.69599385690064,3.674101150510403,30.80995101754105,3.697897629905072,31.819476349919633,3.660100768568847,29.595084948336897,3.6739961431681314,30.12179321423432,3.7308613530371817,31.294325393574088,3.726465276143025,30.25218965564806,3.697707391976876,-0.0024552312010093225,0.03973272163257002,0.0019037652051330234,-0.016359225108097508,-0.023606241466473055,0.0001902379281957245,-0.037606623408029005,-0.023711248808744756,0.03315396106030555,0.028757884166148884,-3.7877327736416113,-1.741292964431004,2.6387857132837773,2.86026996279109,-3.4343613764842154,-0.2454541711826579,2.633824880244923,1.0902613599668207,-1.2394969047991573,1.66752858688562,1
13,30.896338004414552,3.731720336322907,28.821270486111576,3.6752436900234633,31.69920419404205,3.7426606674931255,30.714030971930093,3.6609582440095503,28.614180809478693,3.6969642980992887,31.799199750866503,3.7117663441296918,30.61459904175322,3.7056198373547007,31.62572423767792,3.6875460096035884,31.259257683847224,3.695837554992855,28.342009978155854,3.6901399813068236,28.87963791960606,3.699845696333599,0.03187463998930795,-0.02460200631013576,0.04281497115952648,-0.03888745232404878,-0.0028813982343103284,0.011920647796092698,0.005774141021101631,-0.012299686730010695,-0.004008141340744231,-0.009705715026775419,-0.921905220809009,2.6305337365511434,0.5970131673164047,-6.081813047421949,0.9892487333254536,-1.204877308166413,2.030639289341025,1.1374644696129046,-2.9523154154182336,-1.3725517360419985,1
14,38.77766382383862,3.6642465677613645,28.953623812825782,3.675588597914363,31.898285975561997,3.686615945436376,29.52155040426049,3.7232387463549355,31.707949422135712,3.7310571955167866,29.457919075422915,3.6912096424905148,28.773810634183246,3.6918416929445743,33.82463527967994,3.7052324611194494,32.13045416509384,3.7002429301814646,26.41590979972957,3.718618681679482,29.106452976420183,3.698789246139931,-0.03454267837856673,-0.023200648225568,-0.012173300703555157,0.02444950021500425,0.0322679493768554,-0.007579603649416455,-0.0069475531953568925,0.006443214979518164,0.001453684041533343,0.019829435539550744,0.13235332671420608,0.19908178151994704,-1.1924805676696018,3.093768612657019,-2.3412806754435884,-1.840788407569974,2.198911042002017,0.8711964812466135,-1.9261001784262852,0.22681505681412162,1
15,19.789904541646216,3.7231622174700014,28.349005606414977,3.715833253879259,29.357228316694012,3.712482396341043,30.825862908551247,3.7125669101852856,28.87255089439205,3.6997550645430617,28.355559208867138,3.6820549125702837,30.487374422983823,3.701516091163875,30.489933142217446,3.686456765769758,28.98611364925774,3.719502394668355,29.057923388763353,3.6970588523699575,30.464099874715274,3.705038885896088,0.018123331573913326,0.010794367983170794,0.007443510444955059,0.007528024289197521,-0.005283821353026408,-0.022983973325804374,-0.0035227947322131747,-0.018582120126330093,0.014463508772267097,-0.007980033526130637,-0.6046182064108052,-2.5410576588679845,1.3043125042907562,-2.8353985277436635,-1.1023598665557763,1.7135637888005775,-3.334702137462493,-3.144340515836099,2.642013589033784,1.3576468982950907,1
16,8.817697133833637,3.7230870867681785,32.54227645196183,3.6904523653884937,31.54172620292808,3.6867154511339115,30.98537296760081,3.7272022273249634,30.177746012263487,3.6592584813005575,27.108780055055835,3.7314006456108535,28.31172617296452,3.693953515158474,29.313597526737663,3.699908743420194,30.915352908857678,3.6863531479775973,30.139305329037757,3.699036090289284,31.96700861271693,3.6997367754372505,0.02335031133092791,-0.009284410048756797,-0.013021324303339021,0.027465451887712877,-0.040478294136693016,0.03166387017360295,-0.005783260278776403,0.00017196798294349946,-0.013383627459653269,-0.0007006851479665066,4.193270845546856,2.184497886234066,0.1595100590495626,1.3051951178714383,-1.2467791538113033,-2.1756482500193037,-1.1763356154797826,1.9292392595999388,1.0813819402744045,1.5029087380016577,1
17,49.68341582536851,3.7019535219709767,34.37960586643534,3.684539804322891,28.383403429289697,3.700490203485179,28.32055631563845,3.7099599658249094,28.801214709111957,3.729022872155901,25.752208551380384,3.719185416521704,28.94848995663848,3.743063649150231,28.481734676892604,3.684653048742239,30.300787572952416,3.7174464127344136,30.68351195155432,3.703666840114767,33.752341678431776,3.7093981735023207,-0.007444651531343993,-0.02485836917942974,-0.008907970017141498,0.0005617923225886834,0.019624698653580186,0.009787243019383496,0.03366547564791045,-0.024745124760081616,0.008048239232092858,-0.005731333387553494,1.8373294144735084,-3.158322773638382,-2.6648166519623615,-1.3765313031515305,-1.3565715036754504,0.6367637836739597,-0.8318628498450593,-0.6145653359052616,0.5442066225165618,1.7853330657148447,1
18,18.92874273288475,3.711426950206536,30.681844397117906,3.7194104764002645,29.827172986336773,3.7148392603305895,30.551270315774815,3.7295331725085927,30.55744606994132,3.7140048590672485,25.095470797368534,3.697354011121151,28.197412362670665,3.698527777684162,29.782742671822287,3.694355576220256,29.889030083404652,3.705909550488464,30.518778617999388,3.678053082628667,30.604696580663287,3.706341471665593,0.0050854785409431,0.013069004734671541,0.00849778866499662,0.02319170084299982,0.007663387401655619,-0.008987460544441994,-0.007813693981431058,-0.011985895445337125,-0.00043192117712909095,-0.028288389036926098,-3.6977614693174345,1.4437695570470765,2.2307140001363663,1.7562313608293643,-0.65673775401185,-0.751077593967814,1.3010079949296838,-0.4117574895477638,-0.16473333355493125,-3.147645097768489,1
19,49.987295297875875,3.700104873994364,26.931771658528756,3.700939611875295,32.55535364379702,3.6909986905704155,30.66462802395918,3.71245699864695,28.503026926886893,3.678647591412348,33.102303951045045,3.6971524102995743,30.231349268585717,3.702405912634238,32.358594368127655,3.710288776681175,30.13503696282022,3.714232297561778,34.121495849763974,3.677507158163243,33.51068168488641,3.6984734321839374,0.001631441810426626,0.0024661796913574285,-0.007474741613521907,0.013983566463012576,-0.01982584077158922,-0.001321021884363116,0.003932480450300702,0.011815344497237756,0.015758865377840436,-0.02096627402069462,-3.75007273858915,2.7281806574602463,0.11335770818436686,-2.054419143054428,8.00683315367651,2.033936905915052,2.5758516963053673,0.24600687941556743,3.6027172317645864,2.90598510422312,1
20,44.44941211962553,3.6795923350547572,30.400268838346847,3.694618111241421,25.65826834373918,3.72978090347769,29.0265710079145,3.7175565033696025,32.66889128172827,3.691326993464563,31.96309475346016,3.6931538272275124,30.661401114127862,3.665382537924689,29.970563482730128,3.7288867758396362,31.592810859392653,3.7177212712049235,29.437229786897827,3.6972584435791633,26.670613607609983,3.701527770238396,-0.02193543518363894,-0.006909658996975043,0.028253133239293682,0.01602873313120634,-0.01020077677383302,-0.008373943010883789,-0.036145232313707254,0.02735900560124005,0.016193500966527274,-0.004269326659232853,3.4684971798180904,-6.897085300057839,-1.6380570160446801,4.1658643548413785,-1.1392091975848828,0.4300518455421454,-2.3880308853975265,1.4577738965724336,-4.684266062866147,-6.840068077276424,1
21,49.101465887846466,3.6586511579992025,28.028547907328914,3.6982175992097446,31.00809303103569,3.6739106099899033,28.93948476325512,3.713393450976601,28.414254335475313,3.707331964921937,29.785939280090883,3.6812024042734532,27.92951535516125,3.689722661653266,28.892701389305635,3.678815729562221,27.6042442148223,3.6987464180545366,33.92945026583278,3.719102846410025,30.07052710394346,3.6919094843050884,-0.03325832630588588,0.006308114904656215,-0.0179988743151851,0.021483966671512533,0.015422480616848588,-0.010707080031635119,-0.00218682265182224,-0.013093754742867336,0.006836933749448271,0.027193362104936725,-2.371720931017933,5.349824687296508,-0.08708624465938186,-4.254636946252958,-2.177155473369279,-2.7318857589666123,-1.0778620934244927,-3.9885666445703514,4.49222047893495,3.3999134963334754,1
22,6.769046292849453,3.710291779813811,28.746951634622913,3.7240927014515166,25.615739887516042,3.71702708529201,31.702804184757657,3.687592725549289,28.02412830840692,3.6852717565548474,30.057241119135654,3.7115900880309973,31.937246312608842,3.68905440327325,28.055462904551856,3.6754389196175277,30.158964903635077,3.7474828348680123,33.04757482038762,3.693785514707656,25.08650588627304,3.7041627809158917,0.006128998897919402,0.019929920535624923,0.012864304376118518,-0.01657005536660261,-0.018891024361044284,0.007427307115105641,-0.015108377642641724,-0.028723861298364017,0.043320053952120574,-0.010377266208235536,0.7184037272939996,-5.392353143519646,2.763319421502537,-0.39012602706839417,0.2713018390447708,4.007730957447592,-0.8372384847537795,2.5547206888127754,-0.8818754454451607,-4.984021217670417,1
23,15.911172663562835,3.684872985094314,33.04624815453931,3.6715549258080467,31.077820087369318,3.6870685423151497,27.925507691347086,3.6783690399277122,29.619322643832785,3.7337428327014517,28.248763493230484,3.7176327951389894,27.234400538071327,3.6998405471736677,31.85235509506328,3.729598882777801,33.81883328094026,3.7015473661529525,27.202864852361717,3.6827743159734347,31.12593847338114,3.698700223306352,-0.013827238212038129,-0.02714529749830552,-0.011631680991202487,-0.020331183378639928,0.03504260939509951,0.01893257183263719,0.0011403238673155514,0.030898659471448653,0.00284714284660037,-0.015925907332917433,4.2992965199164,5.4620801998532755,-3.777296493410571,1.595194335425866,-1.8084776259051694,-4.702845774537515,3.796892190511425,3.659868377305184,-5.844709968025899,6.039432587108099,1
24,9.580211267918168,3.6908378019433727,30.474648769519487,3.687480141394912,30.547154806277256,3.692361795552625,28.551996406791403,3.691730975223646,28.93483939555919,3.6834283245796255,31.056633219260753,3.689096616013363,30.415006970318274,3.649944809566756,34.08664097936461,3.7136928440311037,33.23922431087462,3.707805065379663,31.8660242807767,3.6983018233500835,28.47653016854436,3.6904680197035153,0.0003697822398573969,-0.0029878783086032534,0.001893775849109769,0.0012629555201306708,-0.0070396951238898,-0.0013714036901522064,-0.04052321013675941,0.023224824327588323,0.01733704567614769,0.00783380364656816,-2.5715993850198267,-0.5306652810920625,0.6264887154443173,-0.6844832482735939,2.807869726030269,3.1806064322469467,2.234285884301329,-0.5796089700656424,4.663159428414982,-2.649408304836779,1
25,13.416968685088552,3.68473481686915,28.69632778439568,3.66390235798671,30.094797342632827,3.667449151242337,28.279173269432096,3.7009616989332277,29.23088891154035,3.70519445003443,32.01258561842888,3.681913667497912,28.846216260953703,3.7127718491755477,31.671384224130282,3.666769598754621,27.740586290684764,3.6986784040270537,31.059608355830566,3.675779676004751,32.8831372413158,3.685815567052574,-0.0010807501834242395,-0.021913209065864248,-0.018366415810237235,0.015146131880653613,0.01937888298185575,-0.003901899554662247,0.02695628212297363,-0.01904596829795313,0.012862836974479652,-0.010035891047822876,-1.7783209851238055,-0.45235746364442875,-0.27282313735930686,0.29604951598116,0.955952399168126,-1.5687907093645705,-2.415256755234328,-5.498638020189855,-0.8064159249461333,4.40660707277144,1
26,26.220928484757128,3.6645951362331624,29.363042978699323,3.6793474186193142,29.361885957867315,3.7033945856878074,31.086966305927554,3.701787878382913,32.0698418541612,3.709760881587575,25.583786896652246,3.7316026819015042,30.721556849346857,3.6976029816126883,29.459593362644924,3.7022745892042597,31.89523387532282,3.6881096789455152,29.499754797850976,3.711766570369213,32.6021048663246,3.6990242402543956,-0.034429104021233226,-0.019676821635081332,0.00437034543341186,0.0027636381285174316,0.01073664133317953,0.03257844164710866,-0.0014212586417072792,0.0032503489498640903,-0.010914561308880355,0.012742330114817513,0.6667151943036416,-0.7329113847655115,2.8077930364954575,2.838952942620846,-6.428798721776634,1.8753405883931542,-2.2117908614853583,4.154647584638056,-1.55985355797959,-0.2810323749911987,1
27,21.96249932412084,3.662584161579483,27.04282750844032,3.692969730319174,32.28750808641386,3.700368367583791,30.67699281498883,3.733528746245506,29.169424172198397,3.7065385474752834,31.26556373221257,3.695617989423823,34.54138571560879,3.71658811162367,30.36373251011699,3.6557772938198423,30.496441172600672,3.7047122911621715,29.081278200919513,3.7154173038777394,28.300311261070416,3.698410254311048,-0.03582609273156523,-0.005440523991874002,0.0019581132727428674,0.03511849193445782,0.008128293164235245,-0.002792264887225393,0.018177857312621892,-0.04263296049120591,0.006302036851123294,0.01700704956669119,-2.3202154702590043,2.925622128546543,-0.40997349093872515,-2.9004176819628,5.681776835560324,3.8198288662619326,0.9041391474720655,-1.3987927027221474,-0.41847659693146255,-4.301793605254186,1
28,16.18201129165096,3.7301954262491925,32.7718066425822,3.7080406896009386,32.01720589969767,3.693049465324541,26.735563841142962,3.7165827736917056,30.5619286418364,3.725739499276992,27.883229194305898,3.6911072488350873,28.974171250057168,3.691451841151011,30.341188407161727,3.68894708453306,31.671130796699806,3.7192770063743072,28.218313315097845,3.7194711489504027,25.350560677095196,3.7083862183987235,0.021809207850469026,-0.00034552879778493306,-0.015336753074182585,0.008196555292982133,0.017353280878268595,-0.01727896956363617,-0.01693437724771263,-0.01943913386566365,0.010890787975583738,0.01108493055167914,5.7289791341418805,-0.27030218671618655,-3.9414289738458663,1.392504469638002,-3.3823345379066723,-5.567214465551622,-0.02254410295526199,1.174689624099134,-0.8629648858216683,-2.94975058397522,1
29,47.62775028253169,3.7055993725263967,33.764048992950066,3.677490219054033,32.690840092309955,3.7489150395923367,33.186373253278795,3.7025844236395047,28.97756864713763,3.702187895892098,28.020790359482838,3.714515332477974,29.748426159800704,3.7096201846347343,30.111449824577388,3.704477680485583,32.1883830369419,3.684190510891094,26.61507074057036,3.7094293671427203,33.05910063892123,3.7059010026336465,-0.0003016301072498173,-0.028410783579613685,0.043014036958690216,-0.003316578994141839,-0.0037131067415483443,0.008614329844327528,0.003719182001087784,-0.0014233221480637326,-0.021710491742552573,0.003528364509073789,0.9922423503678672,0.6736341926122833,6.450809412135833,-1.5843599946987688,0.1375611651769404,0.7742549097435365,-0.2297385825843392,0.5172522402420938,-1.603242574527485,7.708539961826034,1
30,7.4642737469914096,3.7214199293441053,27.749161984506223,3.68834398797174,29.701926666540942,3.7170449297806054,29.986693090737525,3.6535852525204375,27.36170990959611,3.6954024085710726,31.60887822022173,3.7125628002696134,29.685572213271097,3.7254025109315143,32.1609197380107,3.6836305156591522,26.310189519407814,3.669944699647388,27.96561565890922,3.6947852967021637,31.033338617296245,3.6962122331397795,0.025207696204325725,-0.007868245168039412,0.020832696640825876,-0.042626980619342,-0.0008098245687069294,0.01635056712983385,0.029190277791734776,-0.012581717480627308,-0.026267533492391415,-0.0014269364376158222,-6.014887008443843,-2.988913425769013,-3.19968016254127,-1.6158587375415188,3.5880878607388915,-0.06285394652960719,2.0494699134333096,-5.878193517534086,1.3505449183388585,-2.0257620216249848,1
31,48.24816428612548,3.6946222261889035,29.934493459568003,3.6778694818251667,28.91315045773247,3.7514671960649975,28.574308434645673,3.70118436868029,30.212860455383794,3.700278585838259,29.49004556515829,3.6995174982578,33.007985977165376,3.7039616952153573,24.698060383213978,3.6971127917615214,32.18301370384492,3.6885267598623956,32.492170384995255,3.689062821175192,25.8532195351837,3.700360342486989,-0.005738116298085405,-0.022490860661822154,0.05110685357800859,0.0008240261933010196,-8.175664872966948e-05,-0.0008428442291887883,0.0036013527283684788,-0.003247550725467452,-0.01183358262459322,-0.011297521311796732,2.18533147506178,-0.7887762088084713,-1.4123846560918523,2.8511505457876822,-2.1188326550634393,3.3224137638942786,-7.46285935479672,5.872824184437107,4.526554726086037,-5.180119082112544,1
32,11.985811066882063,3.7057968452833694,29.82155764881266,3.6949035746325527,30.059967269054315,3.697002440664751,28.59105979308094,3.7105552952186334,28.54336970010423,3.716664477552415,30.19749155527467,3.673469219677805,29.739309708025583,3.69276218057534,31.000955038841266,3.69860820354174,27.89348255871001,3.7097063199312093,29.298636944242425,3.684546657154531,29.541567896892815,3.6984015214232344,0.0073953238601349724,-0.0034979467906817163,-0.0013990807584836062,0.012153773795398948,0.01826295612918072,-0.024932301745429264,-0.005639340847894303,0.0002066821185056078,0.011304798507974834,-0.013854864268703526,-0.1129358107553422,1.1468168113218447,0.016751358435268315,-1.6694907552795648,0.7074459901163799,-3.2686762691397924,6.302894655627288,-4.289531145134912,-3.19353344075283,3.6883483617091137,1
33,15.942748594975434,3.71421919936407,31.848054038413803,3.708885266229721,29.63019572711402,3.6927806766836184,28.95455395896192,3.723186596067285,32.09801845167378,3.6783787334480023,28.591312618914483,3.7123187121388854,27.18307740727288,3.711862025159368,26.886741652952193,3.69380907121372,31.212019902691278,3.7065226604448425,27.439141295007435,3.674977728472294,33.50958836396873,3.7016940669221805,0.012525132441889575,0.007191199307540419,-0.00891339023856208,0.021492529145104466,-0.023315333474178246,0.01062464521670492,0.010167958237187413,-0.007884995708460352,0.004828593522661961,-0.0267163384498863,2.0264963896011423,-0.4297715419402941,0.3634941658809794,3.5546487515695517,-1.6061789363601875,-2.556232300752704,-4.114213385889073,3.3185373439812693,-1.8594956492349901,3.9680204670759167,1
34,29.84212313833911,3.664930611674987,27.42310524048535,3.689101555300822,30.201634844508103,3.719436453803455,26.740814028047346,3.6993808349872688,31.103727310619,3.693285698542269,34.01114809127991,3.7269208841492945,31.4351831595861,3.7431047907686614,29.06170455961013,3.7134451456882758,31.05387482526358,3.6875429099379744,33.24106689033175,3.691637139319815,33.140989270522276,3.7028786024172824,-0.03794799074229527,-0.013777047116460217,0.016557851386172384,-0.0034977674300136208,-0.009592903875013548,0.02404228173201206,0.04022618835137903,0.010566543270993378,-0.015335692479307994,-0.011241463097467541,-4.4249487979284545,0.5714391173940818,-2.213739930914574,-0.9942911410547808,5.419835472365424,4.25210575231322,2.174962906657939,-0.15814507742769734,5.801925595324317,-0.3685990934464556,1
35,34.9266503545815,3.6631825153733675,28.153533507778192,3.674408460665286,27.29663078876733,3.6875036284460867,28.048253494045333,3.700521821004217,32.107283593215676,3.7103531804093826,28.101202222336113,3.685485123736931,35.26476412967478,3.703735335289542,30.98663580176178,3.6848923413529335,30.369672247389747,3.687769643940161,28.283284439637573,3.671866778063036,31.40061975881798,3.686971882828094,-0.023789367454726484,-0.012563422162807925,0.0005317456179927404,0.013549938176122822,0.023381297581288596,-0.0014867590911631368,0.016763452461447947,-0.002079541475160429,0.0007977611120670858,-0.015105104765058108,0.7304282672928437,-2.905004055740772,1.3074394659979873,1.0035562825966764,-5.909945868943794,3.8295809700886814,1.9249312421516471,-0.6842025778738332,-4.957782450694179,-1.7403695117042943,1
36,6.40324107775781,3.7121513372866275,33.950054707261565,3.6696164003402765,29.905470694741982,3.699893270583267,26.884095364646665,3.686824623484373,29.199237279633365,3.666208855478435,30.99947524022422,3.7197424440025744,31.0651902187411,3.6929565403280082,27.824438129476476,3.7048504085122507,31.858965014689538,3.7035969083745615,26.47426614225792,3.693302954552478,32.288270405232836,3.694914374294285,0.017236962992342342,-0.02529797395400868,0.004978896288981627,-0.008089750809912033,-0.02870551881585026,0.024828069708289213,-0.0019578339662769118,0.009936034217965517,0.008682534080276305,-0.0016114197418071186,5.796521199483372,2.6088399059746514,-1.1641581293986683,-2.908046313582311,2.8982730178881084,-4.19957391093368,-3.162197672285302,1.4892927672997907,-1.8090182973796516,0.8876506464148548,1
37,9.121193299698536,3.698511331417999,29.859668577082704,3.7124134419510137,26.678078132968018,3.7035540200186654,30.85923643826517,3.673293112825798,30.41537537432622,3.7076039570201194,30.54315767439075,3.712211714905677,27.44650284835938,3.711195808958621,27.837886919183475,3.7216156145110926,32.10630570666581,3.716678443090978,29.92088969228669,3.7091836015845687,31.36300139474525,3.706626104628454,-0.008114773210454729,0.005787337322559871,-0.0030720846097884724,-0.0333329918026557,0.000977852391665479,0.00558561027722293,0.004569704330167124,0.014989509882638696,0.01005233846252418,0.0025574969561148464,-4.09038613017886,-3.2273925617739643,3.9751410736185058,1.2161380946928553,-0.4563175658334728,-3.6186873703817213,0.01344878970699881,0.2473406919762695,3.446623550028768,-0.925269010487586,1
38,43.791919294519104,3.690690996351919,28.698830316886287,3.717730348251381,32.08709181857311,3.671896801552711,31.735530048341776,3.710020666870347,30.566064410790432,3.6791503025154575,27.301072857148952,3.7255585365847637,31.171006921717158,3.6947794549350643,31.426799180410892,3.702699694416394,30.09403442624749,3.7082514079328828,32.44634190118291,3.661406308073717,28.633136419739753,3.6962184517484635,-0.005527455396544312,0.021511896502917516,-0.024321650195752387,0.01380221512188351,-0.017068149233006036,0.02934008483630013,-0.001438996813399207,0.006481242667930598,0.012032956184419241,-0.03481214367474639,-1.1608382601964173,5.409013685605089,0.8762936100766048,0.15068903646421106,-3.242084817241796,3.724504073357778,3.588912261227417,-2.012271280418318,2.5254522088962226,-2.7298649750054977,1
39,23.0868911124159,3.7459779624723852,27.991718466495865,3.692743228791207,28.464404869791743,3.691089949571985,29.930630225226437,3.729067689542354,30.46842946507304,3.7315914429146146,33.101000985628154,3.6895427994569348,28.003291918522418,3.691596263658083,31.968644796953168,3.69436430782279,29.57202231154898,3.673110989779315,29.901072580695136,3.6816269610703163,31.349638984333208,3.702071159507999,0.043906802964386316,-0.009327930716791943,-0.010981209936014036,0.026996530034355093,0.02952028340661572,-0.012528360051064169,-0.0104748958499159,-0.007706851685208793,-0.028960169728684093,-0.020444198437682637,-0.7071118503904223,-3.6226869487813644,-1.8048998231153384,-0.09763494571739173,5.799928128479202,-3.16771500319474,0.5418456165422754,-0.5220121146985086,-2.545269320487776,2.716502564593455,1
40,32.60351251448185,3.723342058287673,29.25320146324686,3.7324221711557546,27.65285958597575,3.668600793246853,31.59181300969495,3.7014792592814714,32.0970618770152,3.6896493269818356,30.687237179070436,3.6880215120688136,29.24689469795547,3.7111075363361383,28.58957852734044,3.6875425900715344,28.592759874147106,3.6900806190734707,34.71475273006541,3.6966377020874943,31.87567660313329,3.698888356859104,0.02445370142856884,0.033533814296650366,-0.030287563612251045,0.0025909024223671473,-0.009239029877268656,-0.010866844790290653,0.012219179477034103,-0.011345766787569822,-0.008807737785633485,-0.0022506547716099057,1.2614829967509955,-0.8115452838159918,1.6611827844685116,1.62863241194216,-2.413763806557718,1.2436027794330506,-3.3790662696127285,-0.979262437401875,4.813680149370278,0.5260376188000819,1
41,31.103879352701505,3.6877442261903126,29.933746054252406,3.6922459688012803,33.589115727035576,3.7057173078144983,28.964777401927655,3.7066891357997407,30.447575903277798,3.7131708854534566,29.967154207854495,3.740204090775327,32.37678654689617,3.6964610554501194,35.05386485174724,3.684034055109231,28.938262454159357,3.6724136154397096,29.021121114963556,3.685381399201162,32.08832175413814,3.698406174003484,-0.010661947813171313,-0.006160205202203617,0.0073111338110143365,0.00828296179625676,0.014764711449972712,0.04179791677184319,-0.0019451185533645443,-0.014372118894252939,-0.02599255856377436,-0.013024774802322003,0.6805445910055461,5.936256141059825,-2.6270356077672936,-1.6494859737374021,-0.7200829712159411,3.1298918489407015,6.464286324406803,0.3455025800122513,-5.693631615101857,0.21264515100485326,1
42,35.510726865157864,3.667212074646719,32.017041649557164,3.709250971052951,33.06337760248183,3.704800454753701,28.70161735019264,3.7061110864075455,30.961124214821496,3.7186599328530114,29.25935326280541,3.7084336984782453,28.332882025441467,3.7081123518628076,28.620919357839266,3.714300140276023,30.98991103512305,3.7100483326437406,30.836505109572002,3.7171489186343485,30.800824058476874,3.70640779616091,-0.03919572151419093,0.0028431748920407784,-0.0016073414072090841,-0.00029670975336459904,0.012252136692101345,0.0020259023173352375,0.0017045557018975366,0.00789234411511286,0.00364053648283047,0.010741122473438391,2.083295595304758,-0.5257381245537474,-0.26316005173501367,0.5135483115436976,-0.7078009450490867,-4.043904521454703,-6.432945493907976,2.0516485809636933,1.815383994608446,-1.2874976956612691,1
43,27.83604801923763,3.7038219813603983,29.809408935226095,3.700928730963123,30.55804305154068,3.672802877180402,31.21579301943308,3.7149250713205446,30.373218246312717,3.7129096836228217,29.107132770898943,3.743265094466109,30.388179985796615,3.69384443530094,32.14726349971954,3.704383006553279,27.94696940117788,3.704987673674215,30.265939348293752,3.73154906559527,28.599758370121652,3.7083417620037102,-0.0045197806433119325,-0.007413031040587104,-0.03553888482330825,0.006583309316834374,0.004567921619111459,0.03492333246239898,-0.014497326702770152,-0.00395875545043145,-0.0033540883294951307,0.023207303591559647,-2.2076327143310692,-2.50533455094115,2.514175669240437,-0.5879059685087782,-0.15222049190646558,2.055297960355148,3.5263441418802763,-3.042941633945169,-0.5705657612782495,-2.2010656883552215,1
44,20.564737562883053,3.6903973626460833,27.540261243518373,3.702556053947336,29.64451935702519,3.7073420453357615,31.297272669441924,3.689483892253741,31.97461779851325,3.6973792318600203,32.243706378853695,3.65929519518749,32.62108764938443,3.7146424721466618,29.55517444308887,3.7216013800064434,27.70608274253312,3.665980128961225,29.770819399384063,3.691870142466075,31.266535004607153,3.6940547904810836,-0.0036574278350003375,0.00850126346625224,0.013287254854677855,-0.004570898227342468,0.0033244413789366156,-0.03475959529359374,0.020587681665578117,0.02754658952535971,-0.0280746615198586,-0.0021846480150085057,-2.2691476917077225,-0.9135236945154901,0.08147965000884483,1.601399552200533,3.1365736079547517,2.232907663587813,-2.592089056630673,-0.24088665864476155,-0.49511994890968936,2.666776634485501,1
45,33.73366764488385,3.6694894965815053,30.68545069275541,3.6861618386023753,30.913506438307568,3.6990882796728903,31.13953456046441,3.704866788986454,30.89541712003463,3.6951752788428736,31.285445519735088,3.7070411079302863,32.658305060264865,3.674969211516191,30.39304233940294,3.728875292081465,31.418007515177024,3.698356976432149,29.820528611425548,3.7223459166317627,32.880234430898945,3.6986370187277955,-0.02914752214629024,-0.012475180125420149,0.0004512609450948446,0.006229770258658451,-0.0034617398849219327,0.008404089202490805,-0.02366780721160433,0.030238273353669687,-0.00028004229564659866,0.02370889790396724,3.145189449237037,1.2689870812823791,-0.15773810897751517,-1.079200678478621,-0.9582608591186066,0.037217410880437285,0.8378678963140693,3.711924772643904,0.04970921204148482,1.6136994262917916,1
46,10.278868503307752,3.7074995587667945,29.446202320407245,3.684852009662034,29.949221907231024,3.672834576065533,29.653930242606165,3.6936780426312694,28.623680619799455,3.6851833518406463,34.94455892454532,3.699714219372201,29.00826764398543,3.6681719070500742,32.04704304493132,3.7112940212507235,27.81274210787321,3.687307899294133,30.744262782186322,3.7199150447336273,30.957744327863672,3.693045063066703,0.014454495700091385,-0.008193053404669026,-0.02021048700117012,0.0006329795645663161,-0.007861711226056833,0.006669156305497914,-0.024873156016628872,0.018248958184020392,-0.005737163772570053,0.026869981666924225,-1.2392483723481647,-0.9642845310765438,-1.4856043178582432,-2.271736500235175,3.659113404810231,-3.650037416279435,1.6540007055283823,-3.605265407303815,0.923734170760774,-1.9224901030352726,1
47,6.782847140676072,3.680660477137416,29.505645234958806,3.6990457728771604,28.636031504004404,3.6999279492181887,27.996759980210168,3.676832706216149,29.437799414228092,3.7300679660353433,33.59537305369904,3.7175472458115135,31.28168572253402,3.695580716523407,28.857642020434405,3.7005377167798907,31.145165562712318,3.704167656158951,32.798710873172006,3.6591653026315143,31.849267365825536,3.6963533509389537,-0.015692873801537832,0.002692421938206735,0.0035745982792350084,-0.01952064472280446,0.03371461509638962,0.02119389487255985,-0.0007726344155467579,0.004184365840937065,0.007814305219997486,-0.03718804830743938,0.05944291455156048,-1.3131904032266206,-1.6571702623959972,0.8141187944286372,-1.3491858708462772,2.273418078548591,-3.1894010244969166,3.332423454839109,2.0544480909856837,0.8915230379618642,1
48,6.421376517153892,3.736239602482698,30.80268725404958,3.7071585145738357,34.365014048354176,3.707865263027674,29.26095676635554,3.7136289016071458,30.409098792181492,3.6884107345185986,27.936847506259685,3.721780199635696,28.94140352490756,3.7022906673243097,31.237373095695812,3.719002909419977,32.258648875079004,3.6960409374686334,35.93002070344144,3.7263455645346237,29.80674218675356,3.7118763294593196,0.024363273023378262,-0.00471781488548384,-0.004011066431645727,0.0017525721478262035,-0.02346559494072098,0.009903870176376284,-0.009585662135009887,0.007126579960657242,-0.015835391990686176,0.014469235075304177,1.2970420190907745,5.728982544349773,1.264196786145373,0.9712993779534003,-5.658525547439357,-2.340282197626461,2.3797310752614074,1.1134833123666859,3.131309830269437,-2.0425251790719763,1
49,37.36408002225187,3.7007600695633642,27.548468673995316,3.702400626534365,27.07125023958036,3.7122703594546085,30.448903637119944,3.679544148696032,32.09419660522431,3.694852469251533,33.367855382915735,3.666628318522448,29.08223147426212,3.7079844624521057,32.15736166686259,3.712943918794055,29.922983060998586,3.690336270754013,29.65474540011836,3.731479735265801,31.767319874973346,3.6999200379288326,0.0008400316345316128,0.0024805886055325743,0.012350321525775865,-0.02037588923280076,-0.0050675686772994055,-0.033291719406384424,0.00806442452327305,0.013023880865222548,-0.00958376717481979,0.031559697336968284,-3.254218580054264,-7.293763808773818,1.187946870764403,1.6850978130428196,5.43100787665605,0.14082794935455922,0.9199885711667797,-2.335665814080418,-6.275275303323081,1.9605776882197858,1
50,17.457250875577323,3.7160099648353198,26.699017579924476,3.703585492088534,29.899154296557025,3.7106571978562695,29.686539203554947,3.674923835324135,32.12480301975024,3.7275360698575786,25.531147115371596,3.715540321915146,30.4703996577094,3.7080325101098297,27.688863903788565,3.686287794378364,30.63844668439109,3.7064760025521193,30.74856011115461,3.6941702004201304,29.826310445739615,3.704321938933743,0.011688025901576804,-0.0007364468452091266,0.00633525892252651,-0.02939810360960804,0.02321413092383562,0.011218382981402986,0.003710571176086752,-0.018034144555378884,0.002154063618376334,-0.010151738513612507,-0.8494510940708402,2.827904056976667,-0.7623644335649971,0.03060641452592705,-7.8367082675441395,1.3881681834472808,-4.468497763074026,0.7154636233925054,1.0938147110362486,-1.9410094292337305,1
51,16.61600447155074,3.674106370485582,26.8868362026805,3.7232165357475706,29.143769678068175,3.690645975973762,33.001519581268624,3.7069300776346146,31.700443484226987,3.6990615884224165,29.302695731184283,3.7095408165444628,29.301484591363142,3.7015364378212054,29.356729897565234,3.6743401555162287,34.153495967121685,3.719925336388943,30.763870904463108,3.690124868336774,30.86008329438214,3.6989428162871563,-0.024836445801574403,0.024273719460414345,-0.00829684031339406,0.007987261347458308,0.00011877213526023667,0.010598000257306506,0.002593621534049184,-0.024602660770927542,0.020982520101786584,-0.008817947950382266,0.1878186227560228,-0.7553846184888506,3.3149803777136775,-0.42435953552325145,3.771548615812687,-1.1689150663462584,1.6678659937766689,3.515049282730594,0.015310793308497495,1.0337728486425242,1
52,31.34094639785385,3.693933830761281,28.822472927586407,3.707594523738803,30.018583505061827,3.693462384406407,30.27868518724253,3.6889810377106915,30.90506978364267,3.700967702365716,29.73284031738957,3.6862491309732084,32.17173268373561,3.697381680544605,25.798162277096164,3.6793009027093575,35.875505694335544,3.696200112256353,28.257732471924967,3.7089678058723172,30.806780046708155,3.695303911133874,-0.0013700803725931188,0.012290612604928697,-0.0018415267274671798,-0.006322873423182607,0.005663791231842019,-0.009054780160665743,0.002077769410731012,-0.01600300842451663,0.0008962011224786792,0.013663894738443094,1.9356367249059083,0.8748138269936518,-2.722834394026094,-0.7953737005843173,0.4301445862052873,2.8702480923724707,-3.55856762046907,1.7220097272138588,-2.5061384325381404,-0.05330324767398409,1
53,6.348811544270507,3.7221636563347507,30.300837810287153,3.6792018814574896,30.72992200493245,3.712255478101252,34.80683117047655,3.678931688736527,29.88476240593283,3.687524620786084,30.402198093429934,3.738280627077336,32.101308792015224,3.6961863519847333,32.21105186591597,3.7043486574635947,32.37406061112076,3.7174013546137754,31.27746044405837,3.709913637759452,27.713990174539035,3.7046207954314996,0.01754286090325108,-0.02541891397400997,0.007634682669752202,-0.025689106694972708,-0.017096174645415463,0.0336598316458363,-0.008434443446766249,-0.0002721379679049285,0.01278055918227583,0.005292842327952574,1.4783648827007454,0.7113384998706245,4.528145983234019,-1.020307377709841,0.6693577760403642,-0.0704238917203881,6.412889588819805,-3.501445083214783,3.0197279721334027,-3.0927898721691207,1
54,22.72389825443713,3.6845674335516625,32.09384025530002,3.705932566393524,31.139900610682766,3.7201028514655605,31.442932547570148,3.6949523991307114,31.270793864429795,3.7068120003819973,32.57951305675075,3.728703630983801,29.477200150089754,3.7112880597578655,30.240999917578602,3.7071110125934874,27.942651333741832,3.666304292103591,27.443954833127247,3.6813255549451958,26.712518568823885,3.70070998013074,-0.016142546579077433,0.005222586262783935,0.019392871334820594,-0.005757581000028544,0.0061020202512573896,0.02799365085306116,0.010578079627125536,0.00640103246274748,-0.03440568802714905,-0.019384425185544174,1.7930024450128705,0.40997860575031453,-3.363898622906401,1.3860314584969657,2.177314963320814,-2.6241086419254707,-1.9700519483373675,-4.431409277378929,-3.833505610931123,-1.0014716057151496,1
55,36.2960243010438,3.680172153010874,25.001188570252854,3.656932197727926,34.58188514518148,3.6872207650462103,27.220855066472808,3.6735382041318503,26.709202506086218,3.7328403032027277,32.04514086401928,3.7201963417868527,34.87950481267855,3.6862369930964456,32.768545637021035,3.7450487161068864,31.12781824010472,3.7196353097398323,31.189508683330573,3.6935033723298276,31.706831117560615,3.699532435617944,-0.019360282607070012,-0.0426002378900181,-0.012311670571733657,-0.0259942314860937,0.03330786758478377,0.020663906168908674,-0.01329544252149839,0.04551628048894241,0.02010287412188827,-0.006029063288116365,-7.092651685047169,3.441984534498715,-4.22207748109734,-4.561591358343577,-0.5343721927314675,5.402304662588794,2.5275457194424327,3.1851669063628876,3.7455538502033257,4.99431254873673,1
56,47.99856631797206,3.694946286239981,26.175793677830278,3.7078416905940177,30.793677331697612,3.6962220662443106,33.02903512517916,3.7110614655288097,31.546166378355053,3.699326269461826,28.793352869556575,3.6809930363379655,26.82637656880982,3.682588547674765,29.73146379328498,3.68031455249415,29.68155224380658,3.7194180146386864,28.06160077937247,3.687651067750818,31.102074604485075,3.696036299696533,-0.0010900134565519082,0.011805390897484891,0.00018576654777779922,0.015025165832276866,0.003289969765293055,-0.015043263358567316,-0.013447752021767734,-0.01572174720238273,0.023381714942153575,-0.008385231945714722,1.174605107577424,-3.7882078134838686,5.8081800587063555,4.836963872268836,-3.251787994462706,-8.053128243868727,-3.037081843736054,-1.4462659962981412,-3.1279079039581035,-0.6047565130755395,1
57,28.63235226501771,3.6879726471209757,30.244595006064568,3.7063956386828507,31.086596058072775,3.6681401253293666,30.097720140651408,3.7088094947592083,30.081183382407765,3.6996072440214665,28.59601662438649,3.711049799088343,28.674198164898105,3.7044782826812934,27.194789456400613,3.727282808599477,33.49915348637388,3.7025044900529585,27.51227352921743,3.691411889177495,28.614189604408185,3.7007652419513435,-0.012792594830367765,0.005630396731507226,-0.03262511662197687,0.008044252807864805,-0.0011579979298770304,0.010284557136999606,0.0037130407299499346,0.026517566648133428,0.0017392481016149652,-0.0093533527738483,4.06880132823429,0.2929187263751629,-2.9313149845277557,-1.4649829959472882,-0.19733624517008508,1.8478215960882842,-2.536674336884367,3.8176012425672994,-0.5493272501550379,-2.48788500007689,1
58,40.123648185973785,3.716058032362914,29.291784717104026,3.6887910369702097,30.907075667490354,3.7363914609339735,32.44916887525228,3.683436120374685,33.24679312459809,3.704789549234118,26.926104079947358,3.684359647261848,30.535502448728923,3.744453912582702,32.91898720676704,3.675243581118258,26.62937812247612,3.7104872549450585,30.628766988109696,3.6853017917104443,29.995832405159632,3.7029312387494215,0.013126793613492449,-0.014140201779211825,0.03346022218455191,-0.01949511837473672,0.0018583104846965348,-0.018571591487573702,0.041522673833280344,-0.027687657631163543,0.00755601619563695,-0.017629447038977286,-0.9528102889605421,-0.17952039058242164,2.3514487346008757,3.165609742190327,-1.669912544439132,1.861304283830819,5.724197750366429,-6.869775363897759,3.116493458892265,1.3816428007514467,1
59,11.13978886505299,3.6839265086406057,28.701444909867988,3.7327823361088814,27.55211946647549,3.733554016281529,30.068166936518452,3.6889282351658403,28.460053537882715,3.7113796615837056,30.467571823581494,3.732567932462571,26.888208707592746,3.6924174451802503,30.661760464428916,3.695928392797953,31.66705792321785,3.6883663817210275,26.01252871485709,3.679704865386143,30.748113139695143,3.703955577532851,-0.020029068892245316,0.028826758576030453,0.029598438748677847,-0.015027342367010643,0.007424084050854596,0.02861235492972014,-0.011538132352600705,-0.00802718473489783,-0.015589195811823497,-0.024250712146708153,-0.5903398072360382,-3.354956201014865,-2.3810019387338315,-4.7867395867153775,3.5414677436341364,-3.6472937411361777,-2.2572267423381263,5.037679800741731,-4.6162382732526055,0.7522807345355105,1
60,19.985086087618907,3.7138999580155376,33.16693005076819,3.7389308567502955,29.38643921425726,3.6947900287612256,32.6280189492878,3.7345366768443755,27.570913020547188,3.70192867437587,28.9321817973664,3.6863822543592186,27.185711947570166,3.6801861522272463,30.145993511946717,3.712588271697736,31.560156359433165,3.6817008186443463,30.150374175212374,3.7016255368553406,32.45410011994031,3.704656922853119,0.009243035162418423,0.034273933897176256,-0.009866894091893563,0.029879753991256308,-0.0027282484772492843,-0.01827466849390058,-0.024470770625872884,0.007931348844616881,-0.02295610420877292,-0.003031385997778635,4.465485140900199,1.8343197477817696,2.5598520127693476,-0.8891405173355267,-1.5353900262150937,0.29750323997742,-0.5157669524821991,-0.1069015637846853,4.137845460355283,1.7059869802451644,1
61,33.06135596012419,3.7038409823298006,27.793266787652254,3.69381767071595,25.694218814095034,3.702670818095646,30.77715720906193,3.696950603272389,34.98599903486558,3.714162173533772,29.987858176920213,3.719134046335892,31.676981548903285,3.6842802107898414,30.16365871709513,3.6733753409288448,29.802220693617716,3.6632758925379343,31.83815296597554,3.710159826538251,29.419450911622697,3.696166756507832,0.007674225821968417,-0.0023490857918821995,0.006504061587813581,0.0007838467645568947,0.017995417025939986,0.022967289828059734,-0.01188654571799086,-0.02279141557898745,-0.03289086396989793,0.013993070030418941,-5.373663263115933,-3.692220400162224,-1.85086174022587,7.4150860143183905,1.0556763795538124,4.491269601333119,0.017665205148414742,-1.7579356658154488,1.687778790763165,-3.03464920831761,1
62,44.06255105483527,3.711368820125123,29.549706945299956,3.71199188226563,30.395157844102815,3.6898575387988686,34.929755271715365,3.69527290525822,29.39971943121502,3.676241743827159,28.699173930580013,3.692939678865489,31.059386265810886,3.679268481672874,24.948562732795025,3.7262613703117746,30.127913573821864,3.70101071631188,29.2565741934142,3.703409944700809,28.015373467927812,3.6987623082137824,0.012606511911340768,0.01322957405184777,-0.008904769414913805,-0.0034894029555623263,-0.02252056438662331,-0.005822629348293251,-0.019493826540908366,0.027499062097992244,0.002248408098097787,0.004647636487026485,1.7564401576477024,4.700939030007781,4.152598062653436,-5.58627960365056,-1.2886842463401997,-0.617595283092399,-5.215095984300106,0.3256928802041479,-2.5815787725613397,-1.4040774436948844,1
63,8.067753922347212,3.7011329984979424,33.0615016646874,3.7105938550871347,32.43752370339463,3.6985900244388183,29.573114258139583,3.709730032876524,32.9814522736999,3.7012894882962026,30.297334914404225,3.6604906686729226,29.32582805776392,3.681213292123625,28.77319467291812,3.697118248885568,29.395060627023742,3.675806105143178,29.223646362917542,3.7119985745999244,30.340832444750976,3.6947963288621843,0.006336669635758074,0.015797526224950342,0.003793695576634004,0.0149337040143398,0.006493159434018292,-0.03430566018926173,-0.013583036738559429,0.0023219200233834947,-0.018990223719006494,0.017202245737740096,3.511794719387442,2.0423658592918166,-5.356641013575782,3.5817328424848824,1.5981609838242115,-1.733558208046965,3.824631940123094,-0.732852946798122,-0.03292783049665715,2.325458976823164,1
64,27.923995766740536,3.669314027472311,32.415618616922,3.7182487049851836,29.366699941477545,3.7099905397019084,31.757287019452086,3.7457736413759535,31.524396801584423,3.679120543200035,29.9402190521954,3.6958207902533595,29.651372589930503,3.697429850382884,29.216870387340393,3.719787388765643,29.96961374246002,3.689857842117348,31.726200452341264,3.6765791629164832,28.40711963788084,3.700192249117111,-0.030878221644799808,0.018056455868072696,0.009798290584797531,0.04558139225884261,-0.021071705917075967,-0.004371458863751343,-0.0027623987342266787,0.0195951396485321,-0.010334406999763068,-0.02361308620062763,-0.6458830477653947,-3.0708237619170866,2.184172761312503,-1.4570554721154778,-0.3571158622088255,0.32554453216658175,0.44367571442227316,0.5745531154362773,2.5025540894237217,-1.9337128068701368,1
65,11.169936757804958,3.6704217686245175,29.11343549761698,3.7036671983955833,28.2303945719462,3.6996938030165403,29.654107880153155,3.711585829992022,33.42341696028468,3.702391607368283,27.256197714137286,3.680538621182369,26.77287720424652,3.72393143003329,32.94234065498722,3.6968294085394606,29.581352645696267,3.6994539092098013,28.661854522680166,3.681334640818536,32.079809374792156,3.69698482171804,-0.02656305309352236,0.006682376677543456,0.0027089812985003903,0.014601008273982252,0.005406785650243329,-0.01644620053567092,0.02694660831525031,-0.00015541317857925563,0.002469087491761446,-0.015650180899503763,-3.302183119305024,-1.136305369531346,-2.1031791392989305,1.8990201587002602,-2.6840213380581126,-2.8784953856839834,3.725470267646827,-0.38826109676375253,-3.0643459296610978,3.672689736911316,1
66,35.966061773894396,3.66801727027106,27.617419721424387,3.6918655383390684,30.125370793773747,3.698233146819818,30.177293394796024,3.71842699205973,33.44425721136994,3.7282113601001035,29.542034277019507,3.7242895826781472,30.18008567530657,3.7055308733378536,30.473922831424087,3.7159899850700833,29.090359368223094,3.6871901313046167,28.395014533576706,3.703367903849505,32.5976226496941,3.7041122783829983,-0.03609500811193822,-0.012246740043929893,-0.0058791315631800956,0.01431471367673165,0.024099081717105175,0.020177304295148968,0.0014185949548553012,0.011877706687084988,-0.016922147078381578,-0.0007443745334931862,-1.4960157761925927,1.894976221827548,0.5231855146428686,0.02084025108525367,2.2858365628822206,3.407208471060052,-2.468417823563133,-0.4909932774731729,-0.26683998910345963,0.5178132749019468,1
67,18.344101157944486,3.724008278158889,29.354640322315728,3.686862114420572,29.498333967089906,3.679061780346361,32.656388283698114,3.7107330550505457,31.11246001880132,3.72371408309326,30.911775544163216,3.7143790662133016,34.330004689802166,3.7199209537161164,28.712963539239713,3.684864098228611,31.855680256162476,3.671563786665163,30.11402624979417,3.73002667303911,30.537184557726516,3.7045133888931927,0.01949488926569609,-0.017651274472620493,-0.025451608546831483,0.006219666157353032,0.019200694200067314,0.009865677320108901,0.015407564822923714,-0.019649290664581542,-0.03294960222802956,0.025513284145917137,1.737220600891341,-0.6270368266838418,2.4790948889020896,-2.3317971925686187,1.3697412671437093,4.149919014495595,-1.7609592921843742,2.7653208879393816,1.7190117162174623,-2.060438091967587,1
68,31.209019619326092,3.7149160250212083,31.158885145734523,3.7118685834638723,30.295398650453553,3.682925269306302,29.032377736917805,3.707184188009157,29.337087404550722,3.7111364168155,30.42094108306097,3.6957925968287793,29.670873857982812,3.688104474908887,27.318893639992343,3.6743740465304633,31.8260004405486,3.6652454048989744,30.608252341339618,3.661042329733577,30.531796959627698,3.691258933551672,0.02365709146953643,0.02060964991220038,-0.008333664245369743,0.01592525445748505,0.01987748326382821,0.004533663277107358,-0.003154458642784963,-0.016884887021208606,-0.02601352865269746,-0.030216603818094878,1.804244823418795,0.7970646833636472,-3.6240105467803083,-1.7753726142505961,-0.4908344611022457,-4.659130831819354,-1.39406989924737,-0.029679815613874894,0.4942260915454497,-0.005387598098817392,1
69,43.09314524106251,3.696657565724272,30.799375903505283,3.7056515990097663,28.69728621241634,3.695026177476329,28.942766636500487,3.7321469115204002,31.172728037510186,3.7098194990327653,32.47656614286727,3.7146975557209965,30.042543153472124,3.7132576253733482,30.617666025197927,3.7234694771497066,33.404429889270475,3.703620431174074,30.481506358977136,3.6740633610408833,35.20336622836079,3.706841020322255,-0.010183454597982866,-0.0011894213124885589,-0.01181484284592571,0.025305891198145414,0.0029784787105104904,0.007856535398741649,0.006416605051093427,0.016628456827451732,-0.003220589148180686,-0.03277765928137155,-0.3595092422292403,-1.5981124380372123,-0.08961110041731857,1.8356406329594641,2.0556250598062995,0.37166929548931193,3.2987723852055844,1.5784294487218737,-0.12674598236248258,4.671569268733094,1
70,18.389680309346925,3.7362275005732997,32.57596494760388,3.712470977138033,29.154376077828914,3.7065730432074644,30.521325666300815,3.718004573178305,27.198984079450113,3.687552436100184,31.439674581742782,3.7095617999325494,32.893007871893154,3.694990639220162,28.970716901563705,3.6996075302837905,27.779553226980802,3.7165690903139024,30.555966129485416,3.6814657379501567,32.909621289983484,3.7063023327897846,0.02992516778351506,0.0061686443482482645,0.000270710417679787,0.011702240388520302,-0.018749896689600476,0.003259467142764816,-0.011311693569622694,-0.00669480250599408,0.010266757524117764,-0.024836594839627857,1.7765890440985963,0.45708986541257346,1.5785590298003278,-3.973743958060073,-1.036891561124488,2.85046471842103,-1.6469491236342222,-5.624876662289672,0.07445977050828034,-2.2937449383773085,1
71,5.235332609431073,3.6843020337383554,30.44936945150377,3.7129656086768774,31.86518166374618,3.6975810370278444,27.163268534133937,3.7083906488781406,26.478382376038446,3.682250156443958,26.948687370859812,3.691250833993532,32.52516820685437,3.7144476271565554,28.89628370821511,3.692543336958165,35.116398571336504,3.7345392770246684,28.871504802685223,3.692007276287708,30.369102606394073,3.7010277836185805,-0.016725749880225127,0.01193782505829688,-0.0034467465907361827,0.007362865259560092,-0.018777627174622502,-0.009776949625048381,0.013419843537974874,-0.008484446660415479,0.03351149340608783,-0.009020507330872451,-2.1265954961001086,2.7108055859172673,-3.358057132166877,-0.720601703411667,-4.49098721088297,-0.36783966503878673,-0.07443319334859666,7.336845344355702,-1.684461326800193,-2.5405186835894114,1
72,31.099270434265907,3.737226311944728,31.89565160567443,3.7377322929217884,31.36406890008785,3.732618583625259,24.452874274173105,3.719128806966953,31.601873279258925,3.687504209061319,29.136408422719587,3.7165570019192486,28.22791509133665,3.6998591440215054,28.313478791412514,3.7262481724348526,29.72951420873594,3.7223180410673073,30.960119160173367,3.687014688438482,27.26907595561564,3.716620725240145,0.0206055867045829,0.02111156768164335,0.015997858385113695,0.0025080817268077205,-0.029116516178826046,-6.372332089643606e-05,-0.016761581218639687,0.009627447194707539,0.005697315827162264,-0.029606036801663294,1.4462821541706603,-0.5011127636583304,-2.7103942599608324,5.123490903220478,2.187721051859775,-4.297253115517716,-0.5828049168025942,-5.386884362600565,2.0886143574881437,-3.1000266507784318,1
73,38.10484014076354,3.679516263513416,29.022301156427453,3.737081851326684,27.760765133421977,3.7244206739105072,30.28177249382241,3.7116419540693726,26.463121268874296,3.6954703180230037,30.646335428369564,3.6808112152655306,29.70479482740266,3.692555864478579,29.067926996263516,3.721774972394084,26.81059386546641,3.737691726118692,31.027200213139434,3.730864870565444,28.934598320676177,3.7111829709665316,-0.03166670745311562,0.025898880360152532,0.013237702943975638,0.00045898310284098187,-0.01571265294352786,-0.030371755701001035,-0.018627106487952627,0.010592001427552233,0.026508755152160557,0.019681899598912533,-2.8733504492469777,-3.6033037666658743,5.828898219649304,-5.1387520103846285,1.5099270056499776,1.4768797360660102,0.754448204851002,-2.91892034326953,0.06708105296606703,1.6655223650605357,1
74,25.61840990320517,3.6777717397573113,30.790618924916966,3.6989671168966987,28.853124356915522,3.7041137274992137,30.706965811897334,3.692430918963071,30.243010022803432,3.642574346740851,28.047249457433256,3.6967819018390164,28.215088321286192,3.7180035397382496,30.710044908843035,3.7155621837225206,29.557773809422997,3.7070955696434043,28.319437138685743,3.6780427528330155,28.154339620546335,3.693134379763335,-0.015362640006023831,0.005832737133363519,0.010979347735878608,-0.0007034608002642884,-0.05056003302248424,0.0036475220756813087,0.024869159974914457,0.02242780395918542,0.013961189880069114,-0.015091626930319624,1.7683177684895135,1.0923592234935455,0.4251933180749248,3.7798887539291357,-2.599085970936308,-1.4897065061164696,1.6421179125795184,2.7471799439565885,-2.707763074453691,-0.780258700129842,1
75,39.17292180880837,3.7298537713791906,26.874908286226916,3.6945775279791486,28.94189464530741,3.6995726541130316,31.588529359243655,3.685055766417044,27.491421153661502,3.6515151947945412,30.58711586433326,3.717680907927221,27.28683639075319,3.714736877941849,30.932859964867053,3.694373448857636,29.928717035405032,3.7013398143444975,26.76973636818898,3.710318784354082,32.329478708914344,3.6999024748108242,0.02995129656836637,-0.005324946831675614,-0.0003298206977926377,-0.014846708393780439,-0.04838728001628301,0.01777843311639682,0.014834403131024576,-0.00552902595318816,0.0014373395336733097,0.010416309543257896,-3.915710638690051,0.08877028839188839,0.881563547346321,-2.75158886914193,2.5398664069000034,-0.9282519305330013,0.22281505602401808,0.37094322598203533,-1.549700770496763,4.1751390883680095,1
76,10.134310319957002,3.691464857662353,29.834704429923622,3.6891633002466273,28.341966160683274,3.7126592350301966,27.46731898874859,3.6910084792354945,29.88403210513553,3.7203500245816836,29.103239561892234,3.7532636470023966,34.0200185786,3.6940891751970693,33.53972484135393,3.7030463102715325,27.931254344152805,3.7075896411433105,28.578479792901643,3.7362300962518704,30.147540215773773,3.7098864766622532,-0.018421618999900247,-0.020723176415625932,0.0027727583679433288,-0.018877997426758775,0.010463547919430383,0.04337717034014332,-0.015797301465183988,-0.006840166390720714,-0.0022968355189427747,0.026343619589617173,2.959796143696707,-0.5999284846241366,-4.121210370495064,2.3926109514740297,-1.4838763024410255,6.733182187846811,2.6068648764868776,-1.9974626912522275,1.808743424712663,-2.1819384931405708,1
77,28.062619194664926,3.6963420711779036,29.41637746216891,3.7274975283829637,26.873618382606686,3.6870807164175097,31.766219554294317,3.684016159866995,29.844325605974397,3.6903451295563596,29.63904017281875,3.680933427834826,36.386215135689724,3.702453406319896,30.597505816731374,3.7324935691693915,28.496417899809632,3.706461585462321,29.147284807588914,3.6949529299574744,32.29689141839351,3.700257652414564,-0.003915581236660248,0.02723987596839983,-0.013176935997054162,-0.016241492547568903,-0.009912522858204209,-0.019324224579738036,0.0021957539053323316,0.03223591675482762,0.006203933047757015,-0.005304722457089461,-0.41832696775471234,-1.4683477780765877,4.2989005655457255,-0.039706499161134445,0.5358006109265148,2.3661965570897223,-2.942219024622556,0.5651635556568273,0.5688050146872712,2.1493512026197337,1
78,39.902533291639735,3.6633846310321028,31.965146927255553,3.7040130360791137,31.312721739657096,3.70725141630053,31.667614678318728,3.7273684390894535,29.144488625906497,3.72376291469414,29.468906323963154,3.7107348724602494,30.966850976229207,3.715307804283409,28.90698521098249,3.6961635708358673,28.968565860133996,3.6756177077736156,30.595964472754904,3.7023544243476185,31.521809486313817,3.70259588168961,-0.03921125065750708,0.0014171543895038496,0.0046555346109200535,0.02477255739984363,0.021167033004529934,0.00813899077063951,0.012711922593799052,-0.006432310853742518,-0.02697817391599422,-0.00024145734199132463,2.548769465086643,4.43910335705041,-0.09860487597558887,-0.6998369800679001,-0.17013384885559546,-5.4193641594605175,-1.6905206057488833,0.4721479603243637,1.4486796651659901,-0.77508193207969,1
79,11.84469274500228,3.741250498384863,32.3747721031295,3.6786493417149146,35.17912728403723,3.700484389133455,31.159266346427152,3.728244411108309,30.651592633164334,3.6984071721750857,30.388768603154674,3.7090474359249948,29.293667414378625,3.6787521294370626,30.676967686923383,3.708566141944153,29.409197179721943,3.6962571146999093,30.336921952539228,3.7197145999135977,32.63519507121592,3.7059373234436337,0.03531317494122943,-0.027287981728719046,-0.00545293431017857,0.02230708766467515,-0.007530151268547947,0.0031101124813610603,-0.027185194006571045,0.0026288185005194364,-0.009680208743724439,0.013777276469963962,0.4096251758739484,3.8664055443801324,-0.5083483318915754,1.507104007257837,0.9198622791915199,-1.673183561850582,1.7699824759408926,0.440631319587947,-0.25904252021567586,1.113385584902101,1
80,36.960925938049016,3.69392676952252,28.869430447201836,3.660894471473798,29.178582681795167,3.69669201963713,28.67457245627414,3.726119398346544,25.940652264520836,3.6981766176088766,31.52718220123971,3.65519900202961,32.51411991337819,3.690032752156151,26.96310211207052,3.719853770778256,32.48770586517263,3.7109163434912404,29.79395359720557,3.6832023820697857,32.45026469633575,3.6935013527113916,0.0004254168111286205,-0.03260688123759348,0.003190666925738217,0.03261804563515236,0.004675264897485043,-0.03830235068178167,-0.003468600555240453,0.02635241806686439,0.01741499077984887,-0.010298970641605898,-3.5053416559276656,-6.000544602242062,-2.484693890153011,-4.710940368643499,1.1384135980850374,3.2204524989995633,-3.713865574852864,3.078508685450686,-0.5429683553336595,-0.1849303748801674,1
81,49.059722210681954,3.6819259627853977,31.74259459491449,3.7064871856344324,27.3080406395065,3.676419204176804,30.252759159092825,3.7237535877692314,33.87785799811657,3.6907076540540324,27.99933735078885,3.704023193117457,28.644510058950296,3.705665757430923,31.02781569931783,3.6948219005259184,30.359163563879196,3.7117338760295056,30.701260198547118,3.6905019268675496,30.978374260295325,3.6986040248391254,-0.016678062053727682,0.007883160795306932,-0.022184820662321414,0.02514956293010595,-0.007896370785092977,0.005419168278331554,0.007061732591797654,-0.0037821243132070137,0.013129851190380126,-0.008102097971575795,2.8731641477126537,-1.8705420422886654,1.5781867028186838,7.937205733595732,-3.5278448504508617,-3.8696098544278925,4.0647135872473115,-2.1285423012934324,0.9073066013415492,-1.4718904360404252,1
82,40.48013044639844,3.675758202161235,30.50587362853016,3.7166846533148035,29.87310787211171,3.705453955870599,29.624931759890252,3.7130076357744257,28.11486921711387,3.6806737522846977,29.556278192409387,3.7030027223274278,30.84336893652889,3.6659024289173536,29.129555534398744,3.6544601758493394,31.501173707671555,3.702816568530555,30.391950067729205,3.7220119521352264,30.633958835546814,3.6939772047165667,-0.01821900255533171,0.022707448598236812,0.01147675115403235,0.019030431057859065,-0.013303452431868923,0.009025517610861122,-0.028074775799213025,-0.0395170288672273,0.00883936381398831,0.028034747418659745,-1.236720966384329,2.565067232605209,-0.6278273992025731,-5.762988781002697,1.5569408416205377,2.198858877578594,-1.898260164919087,1.1420101437923584,-0.3093101308179129,-0.3444154247485116,1
83,41.220804957864736,3.681291225959108,31.5998838038841,3.721719642323501,26.767378783126823,3.6892807310977194,27.892635161707293,3.716161155965623,27.864394156841612,3.707345746268027,31.900615183947153,3.7367636735359024,33.42122674516385,3.695530680352563,29.791101562925057,3.693013664077636,29.66235655361998,3.6996116078822454,30.140104326226364,3.6939364043433147,32.32375660521638,3.7034654531805637,-0.022174227221455567,0.018254189142937083,-0.014184722082844381,0.012695702785059382,0.0038802930874632935,0.03329822035533869,-0.007934772828000813,-0.010451789102927656,-0.003853845298318337,-0.009529048837249032,1.0940101753539402,-3.105729088984887,-1.732296598182959,-0.2504750602722581,2.344336991537766,2.5778578086349597,0.6615460285263133,-1.8388171540515756,-0.2518457415028408,1.6897977696695676,1
84,7.863840917898905,3.7069506075231615,31.77160627520344,3.7232701753591,30.460019047525673,3.705303110545978,34.21040480241602,3.7128386106992313,27.773891145872575,3.713065663464991,32.44360110503763,3.7537506873139392,33.499162610545,3.6637993519345486,27.971162245664,3.6862413226632564,31.565740487162692,3.7294811210497616,28.06900402834189,3.692959738502931,30.06032314507025,3.708766038905689,-0.0018154313825275992,0.014504136453410865,-0.0034629283597111815,0.004072571793542146,0.004299624559301662,0.044984648408250116,-0.04496668697114048,-0.022524716242432685,0.020715082144072472,-0.01580630040275821,0.17172247131933815,3.6926402643988503,6.317769640708729,-0.09050301096903723,0.5429859210904766,0.07793586538114994,-1.8199393172610563,1.9033839335427132,-2.071100297884474,-2.263433460146132,1
85,22.303009744016563,3.7434188543499562,28.77646181818943,3.6964822837513536,29.925926405903176,3.70246409613569,29.14139555096548,3.7110297075208094,28.61515804025229,3.700872048927449,27.187365072656334,3.733901020808615,29.83378885474261,3.687547012765311,26.990559251937995,3.703892149104745,31.520111927379205,3.685150588286039,30.164879505869006,3.6735995497755862,27.08489700107014,3.7038357311425556,0.03958312320740065,-0.007353447391202028,-0.0013716350068655458,0.007193976378253808,-0.0029636822151064557,0.03006528966605959,-0.01628871837724466,5.641796218958106e-05,-0.018685142856516457,-0.030236181366969372,-2.9951444570140104,-0.5340926416224967,-5.069009251450542,0.8412668943797144,-5.256236032381295,-3.6653737558023884,-0.9806029937260057,-0.04562855978348779,2.095875477527116,-2.97542614400011,1
86,5.247760962218937,3.7216895916614616,30.207088277278785,3.688449398129849,25.675561558164414,3.7096029227244474,29.962883988467865,3.7546173446644717,32.152292625280026,3.707547014055265,29.2017762955945,3.6963902042213674,28.694206455176875,3.684416966961434,27.244598453766294,3.6961133690915937,26.28401591675119,3.682275593127812,31.66269853412651,3.705373228533676,29.637043340841608,3.704647563317137,0.017042028344324667,-0.016198165187288005,0.0049553594073104,0.04996978134733476,0.0028994507381279178,-0.008257359095769523,-0.02023059635570279,-0.008534194225543246,-0.02237197018932502,0.0007256652165388289,1.430626459089357,-4.250364847738762,0.821488437502385,3.5371345850277365,2.0144112229381648,-1.139582399565736,0.25403920182829864,-5.236096010628014,1.4978190282575028,2.5521463397714683,1
87,37.13146900100854,3.6683761859593575,29.57773952234461,3.7179007662815224,28.02564094569763,3.6903387789663316,29.73748606581539,3.702935860239711,30.153703765917538,3.732244412565109,29.550288036383844,3.7179367863173107,28.69999483835308,3.6946293870418834,30.337309343933455,3.6821761554916943,30.883881299138817,3.656963691973414,27.819201845114307,3.685616933615152,32.82186475949254,3.6949118958451486,-0.026535709885791015,0.022988870436373876,-0.004573116878817007,0.008023964394562544,0.037332516719960296,0.023024890472162163,-0.00028250880326519123,-0.012735740353454261,-0.0379482038717347,-0.009294962229996706,-0.6293487549341741,2.350079387533217,-0.22539792265247627,-1.9985888593624885,0.34851174078934477,0.005788383176206224,3.0927108901671616,4.599865382387627,-3.843496689012202,3.184821418650934,1
88,31.71473560438423,3.7041344809449,26.081219547818513,3.715178772002439,31.465298721458165,3.707630771251787,31.71092001736529,3.7127319265164367,32.57464878030428,3.70116702008571,30.94195700741356,3.6851043158654697,31.691203028933902,3.6660580523002753,33.680434269683985,3.6870886114270305,28.509053015875768,3.753562197472768,28.112298589152566,3.6902869764781867,27.810826920894144,3.7022943124345,0.001840168510400364,0.012884459567939377,0.00533645881728706,0.010437614081936886,-0.0011272923487899433,-0.017189996569030086,-0.03623626013422454,-0.015205701007469319,0.05126788503826818,-0.012007335956313092,-3.496519974526098,3.4396577757605336,1.9734339515499002,2.420945014386742,1.3916689710297163,2.9912081905808208,3.34312492575053,-2.3748282832630494,0.2930967440382588,-5.011037838598398,1
89,40.5043321964357,3.727849306001287,32.06509240868331,3.6949990697080213,32.25341027365516,3.7057738725855973,27.818067139569603,3.7052064367754247,29.17837142409083,3.697313825170589,27.788590663028128,3.7162161654631958,29.57015793942253,3.7158697744110443,29.38393143162852,3.6650293605352364,31.55932106453868,3.7260868048575633,32.62061749223922,3.6667501602392867,32.79136762157991,3.7021094775747243,0.02573982842656264,-0.007110407866703028,0.0036643950108730117,0.003096959200700411,-0.004795652404135264,0.01410668788847147,0.013760296836319963,-0.03708011703948788,0.023977327282838967,-0.03535931733543762,5.9838728608648,0.7881115521969981,-3.8928528777956863,-3.3962773562134494,-3.1533663443854323,-2.121045089511373,-4.296502838055467,3.050268048662911,4.5083189030866535,4.980540700685765,1
90,20.327187496158125,3.696987881611263,30.010985100486785,3.685724922874587,29.048589472537607,3.7222060472396556,29.795743119930002,3.6763318762346695,30.818516775194485,3.66742219632851,27.803709043938305,3.725449748931975,29.276377321534866,3.737827756991007,26.392437156443645,3.6907580796269723,29.290025431773422,3.699080599841657,29.813131858166003,3.6770667057095823,30.457964850122156,3.6978855815389884,-0.0008976999277252595,-0.012160658664401414,0.02432046570066726,-0.021553705304318882,-0.03046338521047831,0.027564167392986505,0.03994217545201861,-0.007127501912016054,0.001195018302668771,-0.020818875829406114,-2.054107308196528,-3.204820801117556,1.9776759803603987,1.640145351103655,0.015118380910177365,-0.29378061788766274,-2.9914942751848734,-2.2692956327652567,-2.807485634073217,-2.3334027714577523,1
91,44.97816525389066,3.723462492751733,31.276102202881514,3.707392843843962,31.001688949888916,3.6978539571199156,26.397884531694523,3.7089543385162056,28.914652400531956,3.66858247695863,28.42443249618352,3.677464650621804,28.75830480349777,3.676121499872019,29.66371236283042,3.7028588618952742,29.055818844605746,3.734650299989702,26.041400379248426,3.744626002923853,31.495820512235067,3.7041967424493096,0.019265750302423168,0.0031961013946522066,-0.0063427853293940295,0.004757596066895964,-0.035614265490679475,-0.026732091827505577,-0.02807524257729055,-0.0013378805540353866,0.030453557540392584,0.040429260474543316,1.2651171023947292,1.9530994773513086,-3.3978585882354793,-1.903864374662529,0.6207234522452154,-0.5180725180370978,3.2712752063867754,-0.23420658716767662,-3.7717314789175767,1.0378556621129107,1
92,31.12104204471632,3.696562740270734,29.939711460958296,3.677836709376184,28.86458843156263,3.695894258170238,26.95095742676165,3.746683271602541,30.481849994578937,3.7058372352400006,30.531772596118667,3.7179892994229653,33.53823340052657,3.7392138254432212,29.276473862326373,3.7225471648634954,30.5602427779389,3.6910417104062603,28.66902917061957,3.6744833582686014,31.74633886138693,3.706808957306424,-0.010246217035689842,-0.02897224793023989,-0.010914699136185924,0.039874314296116875,-0.000971722066423375,0.011180342116541286,0.032404868136797216,0.015738207557071338,-0.015767246900163734,-0.03232559903782262,-1.3363907419232177,-2.1371005183262852,0.5530728950671282,1.5671975940469807,2.107340099935147,4.779928597028803,-0.38723850050404707,1.504423933333154,2.6276287913711442,0.25051834915186433,1
93,44.469076145818505,3.707542007878044,25.728651572042608,3.6994147437263005,36.27549706731999,3.7225210050154436,32.112113618132106,3.6989721255282304,30.44647782825832,3.6645393506358626,29.890211998767427,3.7252384300142802,30.571108149715315,3.681885353982748,31.04224485675868,3.6869246732270238,31.290431171900114,3.6880867741191303,31.111208932006896,3.7274887618634165,30.1791613625105,3.700261322599048,0.007280685278995946,-0.0008465788727476387,0.02225968241639542,-0.0012891970708177602,-0.035721971963185606,0.02497710741523207,-0.01837596861630031,-0.01333664937202439,-0.012174548479917835,0.027227439264368325,-4.211059888915688,7.410908635757359,5.161156191370456,-0.03537216632061657,-0.6415605973512406,-2.9671252508112573,1.7657709944323052,0.7301883939612139,2.442179761387326,-1.5671774988764327,1
94,14.021353198778126,3.723316120384168,29.180078992294455,3.6959109004062958,28.505843841396718,3.6972949134921262,32.2907783770947,3.7200713312036657,28.936886125513887,3.7466648880857063,28.211300174649196,3.703845653487981,28.632080996401807,3.739141272810833,28.928773323149176,3.695171711791596,31.713234209251354,3.719039207270196,31.030085346552376,3.722023115244946,31.431316489515783,3.7162479114177507,0.007068208966417355,-0.02033701101145491,-0.018952997925624437,0.00382341978591505,0.03041697666795562,-0.012402257929769789,0.0228933613930824,-0.02107619962615459,0.002791295852445419,0.00577520382719543,3.4514274202518465,-7.769653225923271,0.17866475896259715,-1.5095917027444337,-1.6789118241182308,-1.939027153313507,-2.113471533609502,0.42280303735124036,-0.08112358545452025,1.2521551270052846,1
95,11.428262928537738,3.716008190504554,28.649643450051236,3.7150858265962716,29.710962658568963,3.723778267429493,28.415160158000077,3.7141660769440215,29.38407694072192,3.707028964150832,26.21277066609243,3.7214030047663287,30.426587414745878,3.699469574815019,30.00241095072445,3.682362506975446,28.365822737863617,3.696738660721125,31.31849133686481,3.6851019471038713,31.875140275253116,3.706114302000697,0.009893888503857085,0.00897152459557482,0.017663965428796224,0.008051774943324652,0.000914662150135026,0.015288702765631879,-0.00664472718567799,-0.02375179502525082,-0.009375641279572022,-0.021012354896825514,-0.5304355422432181,1.2051188171722451,-3.8756182190946262,0.4471908152080317,-1.9985295085567678,1.7945064183440707,1.0736376275752733,-3.347411471387737,0.28840599031243386,0.44382378573733305,1
96,7.260170515878819,3.6967727125398095,26.918413915138267,3.6858085541409356,29.734966640916205,3.680039403256406,30.157792193197018,3.684731373197,30.046277446196335,3.717458383735416,26.694162604322234,3.6874018949056317,32.406225292861606,3.6969015079632745,28.290654110057165,3.714014725702658,30.670074250524934,3.6944321765837804,30.01592856529466,3.7126672262968734,32.007419047621354,3.697022795832178,-0.0002500832923684193,-0.01121424169124241,-0.016983392575772083,-0.012291422635177796,0.020435587903238073,-0.009620900926546216,-0.00012128786890341914,0.01699192987048015,-0.002590619248397541,0.015644430464695436,-1.7312295349129698,0.024003982347242214,1.7426320351969409,0.6622005054744164,0.4813919382298053,1.979637878115728,-1.7117568406672845,2.304251512661317,-1.3025627715701482,0.13227877236823815,1
97,25.220738391783893,3.7360102236302173,30.784831934357534,3.724778927058789,28.982072748585004,3.7041931883054926,29.948851375616012,3.6901672762873594,26.461848190221765,3.7161424519327464,28.610573737821884,3.680529076005911,29.18143512377379,3.7095271553871245,28.951823204130815,3.7101094031833326,30.304709744067445,3.721204198149978,28.3551601352356,3.755193200778222,32.242061334648945,3.714785510071917,0.021224713558300135,0.00999341698687184,-0.01059232176642455,-0.02461823378455774,0.0013569418608292416,-0.034256434066006314,-0.005258354684792632,-0.0046761068885845525,0.006418688078060786,0.04040769070630468,3.8664180192192674,-0.7528938923312012,-0.2089408175810057,-3.5844292559745696,1.9164111334996505,-3.2247901690878145,0.6611690940736494,-0.36536450645748886,-1.6607684300590613,0.23464228702759016,1
98,5.0060611852018395,3.6874761993555687,32.05484307067755,3.7003075796274425,28.672559246040574,3.7191019275888295,29.68081087635001,3.679342615428259,31.889943330777463,3.6828310011925063,29.547478257652497,3.722511755420807,31.512106644157292,3.6945404920016034,29.86890478643799,3.6844492192031004,33.96338361280006,3.7145736959443383,33.1375572082057,3.6902360600553554,27.343807475132504,3.697537054581781,-0.01006085522621225,0.0027705250456615538,0.02156487300704857,-0.018194439153521813,-0.014706053389274665,0.024974700839026198,-0.002996562580177553,-0.013087835378680523,0.017036641362557337,-0.007300994526425519,1.270011136320015,-0.30951350254443,-0.2680404992660037,5.428095140555698,0.9369045198306125,2.3306715203835005,0.9170815823071763,3.6586738687326132,4.782397072970099,-4.898253859516441,1
99,36.67356912354491,3.7193079496918235,30.001055917713195,3.7247226144361245,31.20241349785823,3.701773151819229,27.112290367732918,3.703946314148112,25.407638093725524,3.6876469620913133,28.898926301016832,3.6936785428794594,27.558575148171684,3.712315422995423,28.983719604705378,3.7240776887433764,29.704439362365058,3.69721107448638,29.093503181953974,3.690996214702972,32.90493506894149,3.7055675935994214,0.013740356092402095,0.019155020836703063,-0.0037944417801925034,-0.0016212794513092987,-0.017920631508108187,-0.011889050719962047,0.006747829396001492,0.018510095143954963,-0.008356519113041472,-0.014571378896449438,-2.053787152964354,2.5298542518176568,-2.568520508617091,-6.482305237051939,-0.6485519566356643,-3.953531495985608,-0.8851851817326128,-4.258944250435,-4.044054026251725,5.561127593808987,1
100,41.99809490673905,3.6920667568035617,32.54918375058703,3.709650480976572,31.62012460810538,3.6925881895385513,32.150351871336916,3.7420761218425485,27.262590912880665,3.6945396047854797,33.095999507848035,3.7073025082396605,28.47718491343039,3.719418826627537,30.384585956283793,3.7320450645121386,29.70355424481646,3.6851598772868472,28.24303432690386,3.6916407299232272,27.174928473157994,3.7066488160536126,-0.01458205925005096,0.0030016649229591685,-0.014060626515061347,0.035427305788935826,-0.012109211268132913,0.0006536921860478273,0.012770010573924573,0.02539624845852595,-0.021488938766765386,-0.0150080861303854,2.5481278328738313,0.4177111102471507,5.038061503603998,1.854952819155141,4.197073206831202,0.9186097652587044,1.400866351578415,-0.0008851175485986573,-0.8504688550501136,-5.730006595783497,1
101,7.61413784361574,3.7008183835079147,29.96147924053121,3.679956250884371,29.474218341583466,3.704816486908403,30.044931785624094,3.6897357286705685,31.09423823035042,3.6954280016932,27.638374369382312,3.68011301250783,32.22864338933775,3.648753326824094,31.430762630882487,3.696179444747997,31.43637145141587,3.7482523084322583,30.876951477619453,3.7156920857579605,30.03923331538798,3.695974502993459,0.004843880514455723,-0.016018252109088138,0.008841983914944063,-0.006238774322890439,-0.0005465013002590169,-0.015861490485629126,-0.04722117616936483,0.00020494175453800167,0.05227780543879934,0.01971758276450153,-2.587704510055815,-2.1459062665219157,-2.1054200857128222,3.8316473174697556,-5.457625138465723,3.7514584759073593,1.0461766745986942,1.7328172065994103,2.633917150715593,2.864304842229984,1
102,10.6497596643194,3.695246097506207,25.45300748176939,3.703844695283905,28.127422735186457,3.6996170689827497,29.208342438536675,3.6851554095961676,29.640751999529527,3.656768793333616,28.513731470464034,3.7051114730742474,28.405994392835638,3.7197733833871602,33.34296578236418,3.672971084702161,29.784881736282184,3.713404397945547,28.60991267970052,3.713539327746791,29.9176610461749,3.696543173155855,-0.001297075649647983,0.007301522128049687,0.003073895826894546,-0.011387763559687514,-0.03977437982223897,0.008568299918392253,0.023230210231305115,-0.023572088453694295,0.016861224789691764,0.01699615459093584,-4.5084717587618215,-1.3467956063970092,-0.8365893470874184,-1.453486230820893,0.8753571010817218,-3.82264899650211,1.9122031514816946,-1.6514897151336854,-2.267038797918932,-0.12157226921307895,1
103,48.100541044469175,3.7004177297659195,30.99644349699357,3.704614018114374,32.28029807704253,3.6447967046965486,33.161081373136746,3.687672771839211,27.969811616344263,3.6924960723935216,28.378284977579323,3.6936456980648753,27.48484428217077,3.7256328759000756,29.531960281786038,3.7111538212145025,30.93271674889267,3.6777708408612595,31.974669033178202,3.70493009556864,29.848097952714955,3.6943130628418928,0.00610466692402678,0.010300955272481094,-0.049516358145344164,-0.006640291002681931,-0.0018169904483711363,-0.000667364777017454,0.03131981305818288,0.016840758372609788,-0.016542221980633265,0.01061703272674741,5.543436015224181,4.152875341856074,3.9527389346000703,-1.6709403831852647,-0.13544649288471078,-0.9211501106648683,-3.811005500578144,1.1478350126104857,3.3647563534776808,-0.06956309345994427,1
104,36.847460762038736,3.678218397677044,34.37529974910004,3.696883570513418,26.21105386232607,3.660757238300179,28.872599649884197,3.7116914525589917,29.833932793014455,3.7000760615224637,29.598501672894272,3.6674736129207686,27.535715340370334,3.6894012446107505,30.89572349550359,3.7044925157077806,30.742188102627843,3.7168305668407955,30.09592289196309,3.6876472678121153,30.663687726517033,3.691347192846431,-0.013128795169387253,0.00553637766698678,-0.03058995454625224,0.020344259712560486,0.008728868676032508,-0.023873579925662636,-0.0019459482356807278,0.013145322861349396,0.02548337399436429,-0.0036999250343159318,3.3788562521064662,-6.069244214716459,-4.2884817232525485,1.8641211766701922,1.2202166953149494,0.050871058199565056,1.3637632137175508,-0.19052864626482702,-1.8787461412151103,0.8155897738020776,1
105,16.679380242924065,3.7404861924657373,31.439515884296362,3.672736519908144,27.413454084257673,3.6537941233522084,28.087127246363984,3.686760356444068,30.944812555760755,3.708517744123861,32.96823205707193,3.7003829555483154,30.71122669757132,3.687170261819114,29.373883938953693,3.709757445697422,29.99858281084671,3.736086962195735,27.499184532060564,3.696181924165454,31.209030652710734,3.6991874485720055,0.04129874389373178,-0.02645092866386145,-0.04539332521979711,-0.012427092127937467,0.009330295551855272,0.0011955069763098791,-0.01201718675289154,0.010569997125416286,0.03689951362372934,-0.003005524406551441,-2.9357838648036747,1.202400221931601,-0.7854724035202132,1.1108797627463005,3.3697303841776574,3.1755113572009854,-1.5218395565498959,-0.7436052917811331,-2.5967383599025275,0.5453429261937011,1
106,19.475149534679687,3.709391436366969,27.311771059273624,3.714282069994402,26.7934790663681,3.636923479456033,30.49502383315241,3.6825414064652087,30.30081087635233,3.6996050181293074,30.201040189016325,3.690268402186524,31.175463304959884,3.684076585906125,32.383917712234236,3.7067798737061852,28.81546693834977,3.684840155549627,30.812954954476837,3.668673005340718,26.840768985188248,3.687738143310111,0.021653293056858036,0.026543926684291286,-0.050814663854077846,-0.005196736844902183,0.011866874819196571,0.0025302588764133382,-0.0036615574039857712,0.019041730396074374,-0.002897987760484,-0.019065137969392687,-4.127744825022738,-0.6199750178895727,2.407896586788425,-0.6440016794084258,-2.7671918680556047,0.464236607388564,3.0100337732805436,-1.1831158724969413,3.3137704224162725,-4.368261667522486,1
107,21.136030768619293,3.6757765614143847,33.234425149937245,3.7146152823813305,30.208711875046426,3.630285461356729,28.202431903353745,3.680921211612067,27.33937274852202,3.6918592737414646,29.621759218445934,3.7137263691391342,31.843300223848917,3.702117889062305,29.744901759244932,3.71168825960945,33.022309860494694,3.73952881169031,27.097648619896884,3.668715167765779,29.97582210430789,3.692923428777296,-0.017146867362911156,0.021691853604034694,-0.06263796742056682,-0.012002217165228757,-0.001064155035831238,0.020802940361838385,0.009194460285009143,0.01876483083215419,0.04660538291301419,-0.02420826101151663,5.92265409066362,3.4152328086783257,-2.2925919297986646,-2.9614381278303092,-0.579280970570391,0.6678369188890336,-2.639015952989304,4.206842922144926,-3.715306334579953,3.135053119119643,1
108,31.60086364663324,3.68898557608609,32.07409457747986,3.6794756072250996,31.481181736206093,3.612675369213635,28.095642386521302,3.708877604604349,30.845310131003206,3.7002228312609753,30.218941208094577,3.7141928258101164,32.10505788269933,3.7253125907117126,28.854255820924504,3.6926240812664433,26.66677941770017,3.690428655159678,31.380473600760546,3.71915455307324,24.883263233485795,3.6931949694411337,-0.004209393355043556,-0.013719362216034092,-0.0805196002274986,0.01568263516321533,0.007027861819841608,0.02099785636898277,0.03211762127057893,-0.0005708881746904204,-0.002766314281455795,0.025959583632106487,-1.160330572457383,1.2724698611596672,-0.10678951683244264,3.5059373824811857,0.597181989648643,0.26175765885041,-0.8906459383204286,-6.3555304427945245,4.282824980863662,-5.092558870822096,1
109,7.458548900043754,3.678255081222744,29.071191475381223,3.6782834974222967,30.924121786503793,3.6235874656591305,31.56678101856519,3.677024119296827,29.496922227911007,3.7133262500181843,28.804979610616716,3.7092518258570792,32.84473972339701,3.6654838654241884,33.47779932759516,3.686448706953287,31.95771610156359,3.723882188060948,30.170636285130048,3.6803766893772067,28.383468556718146,3.683591968929189,-0.005336887706445026,-0.005308471506892509,-0.060004503270058684,-0.006567849632362233,0.029734281088995118,0.02565985692789008,-0.018108103505000805,0.0028567380240978046,0.040290219131758676,-0.0032152795519824195,-3.0029031020986388,-0.5570599497022997,3.471138632043889,-1.348387903092199,-1.4139615974778614,0.7396818406976848,4.623543506670654,5.290936683863421,-1.209837315630498,3.5002053232323505,1
110,36.919437281267435,3.709606093060266,25.38163253743027,3.688612325997038,30.314107210802902,3.611369604505492,32.1638841194817,3.702106186417582,31.99106493816616,3.668230709191649,31.632145686787695,3.715858697069862,29.851578042901217,3.7194078677969373,32.17492834806299,3.7160673009764236,31.848323647711805,3.700666558513316,29.154732878556885,3.6808764623370074,31.353196033231693,3.691280180586557,0.01832591247370896,-0.0026678545895193473,-0.079910576081065,0.010826005831024776,-0.023049471394908316,0.024578516483305002,0.02812768721038017,0.024787120389866413,0.009386377926758893,-0.010403718249549776,-3.6895589379509524,-0.610014575700891,0.5971031009165095,2.4941427102551543,2.827166076170979,-2.9931616804957955,-1.302870979532166,-0.10939245385178609,-1.0159034065731625,2.9697274765135475,1
111,41.318190674001634,3.6888339649210797,31.391075515131554,3.6779969153405663,31.69820422148629,3.5987900246124047,29.412066104671634,3.7155787300702423,29.856801496283865,3.709155457323038,26.96425250663838,3.733489848666951,29.28594159838678,3.699888079623419,31.780766327039572,3.7133748331118506,31.15041003221313,3.6781659824772137,31.00133144276242,3.6922580059505123,30.09954737436192,3.690753184209728,-0.001919219288648133,-0.012756268869161591,-0.09196315959732315,0.024825545860514442,0.01840227311331022,0.04273666445722313,0.009134895413691169,0.022621648902122704,-0.012587201732514153,0.0015048217407844788,6.009442977701283,1.3840970106833872,-2.751818014810066,-2.1342634418822968,-4.6678931801493135,-0.5656364445144355,-0.39416202102341913,-0.697913615498674,1.8465985642055358,-1.2536486588697748,1
112,7.325092474608249,3.7363844636659946,30.753148030278247,3.700798727944294,31.619715683274052,3.5752411290530586,28.70121661251251,3.705380481362751,31.54418957795058,3.7048727409405506,32.223157314263936,3.7277351613226233,33.86941199686678,3.6800721662166587,30.1394936976821,3.69440253827668,28.720470945111735,3.67765717346247,27.99505613678821,3.6797581022840484,27.796413604160215,3.688230268452913,0.04815419521308151,0.012568459491380857,-0.11298913939985455,0.01715021290983776,0.016642472487637505,0.03950489286971015,-0.00815810223625446,0.0061722698237667295,-0.01057309499044301,-0.008472166168864703,-0.6379274848533072,-0.07848853821223756,-0.7108494921591237,1.6873880816667146,5.258904807625555,4.583470398479999,-1.6412726293574735,-2.4299390871013955,-3.00627530597421,-2.303133770201704,1
113,20.883132655356047,3.6695528162756426,30.320036451705576,3.7222537674997986,31.00356547233509,3.5574147321261447,32.23479763180492,3.7306745541983304,32.896998459785856,3.689283970738954,29.28046270842183,3.6658528408481414,27.347904627835923,3.677669511201027,29.173069677753446,3.724716232400139,30.52056101316577,3.696882036441267,28.07248214757878,3.6890342540701884,28.085698170209913,3.6823334715799634,-0.01278065530432082,0.03992029591983526,-0.1249187394538187,0.048341082618367004,0.006950499158990819,-0.016480630731821932,-0.004663960378936238,0.04238276082017567,0.014548564861303515,0.006700782490224988,-0.4331115785726709,-0.6161502109389616,3.533581019292413,1.3528088818352764,-2.9426946058421066,-6.521507369030857,-0.9664240199286525,1.8000900680540362,0.07742601079056755,0.2892845660496981,1
114,24.44085174175277,3.673433700970699,26.50509383060987,3.701549474374745,29.743916587450776,3.5902719594930557,31.89689269972307,3.6877327837496345,27.42809045257035,3.687144853941029,30.175156437907177,3.734030421408415,30.791871351253548,3.6778348507636807,29.833231449451414,3.666775136745872,30.371385179482118,3.6834296912772504,30.394654525190422,3.6867443104241127,28.374544086163137,3.6788947183148495,-0.005461017344150498,0.02265475605989531,-0.08862275882179382,0.008838065434785047,0.008250135626179489,0.055135703093565525,-0.001059867551168825,-0.012119581568977633,0.004534972962400907,0.00784959210926317,-3.8149426210957067,-1.2596488848843137,-0.3379049320818517,-5.468908007215507,0.894693729485347,3.443966723417624,0.6601617716979682,-0.14917583368365328,2.3221723776116434,0.2888459159532246,1
115,33.06419502306197,3.6740083752614483,31.102952550479046,3.716594648357584,30.681178432800994,3.566227931089832,30.781391841856287,3.677034734224948,27.347055743377833,3.7163755528750975,32.0946354132429,3.7307586383682514,32.33917998485555,3.677549103875112,29.541218511863946,3.681649943579715,29.913046100372274,3.72035322933687,26.937784994888556,3.705429906216513,31.02850951203567,3.686598206318537,-0.012589831057088663,0.029996442039046833,-0.12037027522870503,-0.009563472093589098,0.029777346556560502,0.044160432049714426,-0.009049102443424939,-0.004948262738821985,0.03375502301833322,0.018831699897976062,4.597858719869176,0.9372618453502177,-1.1155008578667847,-0.08103470919251521,1.9194789753357213,1.5473086336020003,-0.2920129375874687,-0.4583390791098445,-3.4568695303018657,2.6539654258725314,1
116,25.261441076430064,3.6978046099236774,33.354925860625215,3.7099497051461134,29.015107851338964,3.5322923334494956,30.031615088223678,3.7084090495449513,29.826488498902112,3.6827121785817165,33.136479517839305,3.6971814417144477,32.58073624438934,3.706330806532173,31.615061999637618,3.7037932175412687,28.053515373254932,3.6678906982056194,30.71836609838416,3.6912198809825756,31.135883486150263,3.6797583921622037,0.01804621776147375,0.030191312983909757,-0.14746605871270813,0.028650657382747635,0.002953786419512827,0.017423049552244052,0.026572414369969266,0.024034825379064984,-0.011867693956584269,0.011461488820371901,2.2519733101461696,-1.66607058146203,-0.7497767536326094,2.4794327555242788,1.0418441045964073,0.24155625953379456,2.0738434877736722,-1.8595307271173418,3.780581103495603,0.10737397411459426,1
117,5.618549930510536,3.684324686688272,30.99937022060587,3.686189178953675,30.94400454183855,3.5116761616903753,30.151910535832176,3.6833635558353914,31.485364836719445,3.698656434199013,30.964497905361313,3.685684800217785,27.524675155345406,3.7136410413142524,31.738312128778546,3.729744923106719,31.774581674533483,3.688398935172599,28.473427791642838,3.7047880900107075,30.075875670895204,3.6786467807188794,0.005677905969392771,0.007542398234795744,-0.16697061902850407,0.004716775116512029,0.020009653480133505,0.007038019498905701,0.03499426059537303,0.051098142387839385,0.009752154453719797,0.02614130929182812,-2.3555556400193467,1.9288966904995846,0.12029544760849831,1.6588763378173326,-2.1719816124779925,-5.056061089043936,0.12325012914092781,3.721066301278551,-2.2449383067413216,-1.0600078152550587,1
118,21.70008222935575,3.703076638321565,31.66141970099218,3.715329347362232,27.96535218440519,3.485644118083835,26.769267097446548,3.7056973728698086,25.928938314364252,3.7162069003107265,31.076648044793853,3.694607167494063,30.368495827888204,3.722139295326053,29.04189788527649,3.7128237332482215,26.452991332100773,3.742827662370222,28.61922674772265,3.6849879420483758,30.008186015350912,3.68833401774351,0.014742620578055199,0.026995329618721975,-0.2026898996596751,0.017363355126298607,0.02787288256721654,0.006273149750553042,0.033805277582542814,0.024489715504711462,0.05449364462671191,-0.003346075695134232,0.6620494803863117,-2.978652357433358,-3.382643438385628,-5.556426522355192,0.11215013943253993,2.8438206725427975,-2.696414243502055,-5.32159034243271,0.14579895607981186,-0.0676896555442923,1
119,27.09930782224243,3.6901375435520047,29.337383233633354,3.7288726400693766,28.7755265309845,3.484869862114415,27.829698946884402,3.7162641037349595,28.34917894004209,3.694420741393364,35.89818885061745,3.6944047966300837,32.48935916147357,3.7158074379210344,27.297851267583958,3.706801025891378,27.35508408651286,3.7114122599443906,30.963732123436984,3.7193636932106573,31.094529594755933,3.6862354104461668,0.0039021331058379793,0.042637229623209816,-0.20136554833175158,0.030028693288792763,0.008185330947197311,0.008169386183916938,0.029572027474867646,0.020565615445211183,0.025176849498223852,0.033128282764490535,-2.3240364673588267,0.8101743465793092,1.0604318494378546,2.420240625677838,4.821540805823599,2.120863333585369,-1.7440466176925327,0.902092754412088,2.344505375714334,1.0863435794050211,1
120,18.850812425633556,3.6770892356400218,30.349635537617555,3.672732547505577,30.329310310717137,3.5141527284741696,29.221196913939604,3.700180763730246,33.18180980980904,3.721297534785805,27.793953089059006,3.6571946824244406,30.718040305111877,3.671986520177629,28.02438233082396,3.7002866411968833,31.06955709161002,3.7083534739696757,27.925964861224468,3.716939941753789,31.487631397000918,3.674021406965823,0.003067828674198747,-0.001288859460245817,-0.15986867849165343,0.02615935676442316,0.047276127819981806,-0.016826724541382454,-0.002034886788194079,0.026265234231060308,0.03433206700385272,0.042918534787966145,1.0122523039842015,1.5537837797326368,1.3914979670552015,4.832630869766948,-8.104235761558446,-1.7713188563616953,0.726531063240003,3.714473005097158,-3.0377672622125154,0.3931018022449848,1
121,10.289808506759899,3.719516334386894,27.244764998491526,3.7183690888788483,28.870451991658115,3.4650856524710725,32.0427665908588,3.701098682219997,34.17688554573985,3.6858084029050167,26.828033375524083,3.6748299017864934,26.24015122972191,3.695659658991513,33.741930350743566,3.693830344230884,30.779228354741807,3.7485343297269105,28.263414536247268,3.708659196507214,31.069258172244872,3.681139159210484,0.03837717517641037,0.03722992966836447,-0.21605350673941137,0.01995952300951309,0.00466924369453281,-0.006309257423990466,0.014520499781029095,0.01269118502040012,0.06739517051642663,0.027520037296730138,-3.104870539126029,-1.458858319059022,2.821569676919193,0.9950757359308113,-0.9659197135349231,-4.477889075389967,5.7175480199196045,-0.2903287368682115,0.33744967502279977,-0.41837322475604566,1
122,27.505073843448216,3.7203045618333017,29.054297155300713,3.6951753786740533,27.4311392511848,3.490977576876379,29.735825988961714,3.7443840254392358,30.353509586604098,3.7050367350124724,24.630423905765014,3.681662306165629,30.51914712296044,3.6932853801016057,29.90859953780644,3.6842110927951803,28.470016102487744,3.7086697943489706,34.05725784853975,3.683878648825004,31.91695305520951,3.680758550007183,0.03954601182611883,0.01441682866687044,-0.18978097313080378,0.06362547543205288,0.024278185005289554,0.0009037561584461784,0.012526830094422792,0.003452542787997448,0.02791124434178771,0.0031200988178210487,1.8095321568091869,-1.4393127404733157,-2.3069406018970824,-3.8233759591357526,-2.197609469759069,4.27899589323853,-3.833330812937124,-2.3092122522540635,5.793843312292481,0.8476948829646389,1
123,35.9884233188544,3.705612728089803,28.39992287120471,3.7351724096839027,29.87295085076929,3.4774421094521375,32.47487626936828,3.707783183913359,29.08539668982642,3.6989375869396492,29.91435323737685,3.724471377648373,30.11604546961679,3.721929384676218,31.69686176441057,3.687486454250076,25.50622133203079,3.6736150561080247,28.786599410469407,3.695940387252087,30.422567384558945,3.682839067801363,0.022773660288439856,0.052333341882539575,-0.20539695834922567,0.02494411611199565,0.016098519138286083,0.04163230984700972,0.03909031687485465,0.004647386448712876,-0.009224011693338419,0.013101319450723903,-0.6543742840960043,2.44181159958449,2.739050280406566,-1.2681128967776765,5.283929331611837,-0.40310165334365067,1.7882622266041288,-2.9637947704569534,-5.270658438070342,-1.4943856706505656,1
124,21.896101780992517,3.694104414314005,32.57879372686005,3.7269235652725325,31.936012949881267,3.4384425637724565,29.582091689551973,3.686225646671542,34.220271164171244,3.674914022741285,30.537067972929616,3.670581824856248,33.02601853200798,3.6962645617160943,32.79319378316253,3.6876478163639845,30.829295970209564,3.735233778615844,31.5022616956117,3.6943430690764445,31.24814283023895,3.670468126340044,0.023636287973961334,0.05645543893248872,-0.23202556256758733,0.01575752033149813,0.004445896401241267,0.00011369851620424143,0.025796435376050475,0.017179690023940708,0.0647656522758,0.023874942736400673,4.17887085565534,2.0630620991119777,-2.8927845798163077,5.134874474344823,0.6227147355527656,2.9099730623911917,1.0963320187519585,5.323074638178774,2.715662285142294,0.8255754456800055,1
125,28.310362988208116,3.70819525591919,33.399914749152764,3.682778241796529,32.14308630446977,3.478067399402504,30.38127118253005,3.7139580654507807,31.882621161534967,3.6911391195774303,27.93495219294492,3.6904101406520153,30.795854099893617,3.7059315109028153,33.61861269946622,3.709263695905352,29.563908209215253,3.7039458453126244,28.30473214276183,3.706226173468858,28.695822222813877,3.67899154483881,0.029203711080380224,0.003786696957718938,-0.20092414543630577,0.0349665206119707,0.012147574738620381,0.011418595813205368,0.026939966064005283,0.03027215106654202,0.024954300473814417,0.027234628630047997,0.821121022292715,0.20707335458850196,0.7991794929780767,-2.337650002636277,-2.602115779984697,-2.230164432114364,0.8254189163036898,-1.2653877609943116,-3.197529552849872,-2.5523206074250737,1
126,19.122206370098702,3.6848382934662562,32.2166753732743,3.686252313758186,31.193565559349953,3.457012953355645,31.853211016088814,3.696865158484355,27.80289831838721,3.6725525079940122,30.196620384476205,3.7006208979552473,29.894343990850462,3.704445322648965,27.155986950184932,3.690413262771183,32.210121459605816,3.7231177016838544,28.3651982061853,3.6915812222861546,28.780864342328034,3.670769963440386,0.014068330025870157,0.015482350317800098,-0.21375701008474124,0.026095195043968733,0.001782544553626142,0.029850934514861205,0.033675359208579,0.019643299330796893,0.05234773824346828,0.02081125884576851,-1.1832393758784647,-0.9495207451198162,1.4719398335587641,-4.079722843147756,2.2616681915312853,-0.901510109043155,-6.462625749281287,2.646213250390563,0.060466063423472605,0.08504211951415641,1
127,36.25884315021775,3.7092641258419827,27.982890631847585,3.672657243870795,26.07474861665484,3.4469634842533337,30.699300094599387,3.67534953370463,26.87039445727589,3.7110459987535904,30.190688398882617,3.7125126186729203,29.4731035678355,3.6860645636314087,31.358285550876392,3.7116405313416947,29.39590900102027,3.705208845266671,29.34110442730582,3.6892231628761456,31.463741408576592,3.671993010821317,0.037271115020665935,0.0006642330494783799,-0.22502952656798314,0.003356522883313229,0.03905298793227363,0.04051960785160347,0.01407155281009187,0.0396475205203779,0.033215834445354364,0.017230152054828807,-4.233784741426714,-5.118816942695112,-1.1539109214894268,-0.9325038611113214,-0.005931985593587541,-0.4212404230149609,4.20229860069146,-2.814212458585544,0.9759062211205176,2.682877066248558,1
128,45.543240306071056,3.690617019399484,32.42959411378877,3.712892564926354,28.804862728466066,3.4058541323872813,26.37592219774076,3.7025073063153036,31.281067183262067,3.723227975748628,27.597393300464333,3.6837748576172564,31.383762289710173,3.7073720165824042,32.669806495686885,3.70631450533871,31.25949975679735,3.6980532636267465,32.14282260377498,3.6899242083179216,34.040098213859295,3.6720537850260087,0.01856323437347518,0.04083877990034557,-0.26619965263872736,0.030453521289294905,0.05117419072261953,0.011721072591247772,0.035318231556395574,0.03426072031270122,0.025999478600737813,0.017870423291912907,4.4467034819411815,2.7301141118112255,-4.323377896858627,4.410672725986178,-2.5932950984182845,1.9106587218746718,1.3115209448104928,1.8635907557770786,2.801718176469162,2.5763568052827033,-1
129,33.107632165153916,3.704986171912835,30.735298585982843,3.7209017694816953,25.799946984696753,3.412897756661938,31.251016033662072,3.700478060865699,31.77046296597798,3.6929717152857253,28.815288088695894,3.731268267176642,30.247095391911163,3.6836314266811603,33.90831486750057,3.7306473544935623,28.988506591476128,3.7099972824748075,27.8821848258868,3.672013876503961,32.963326804925195,3.675979368153802,0.029006803759032973,0.04492240132789327,-0.26308161149186393,0.024498692711897085,0.016992347131923324,0.05528889902284018,0.007652058527358285,0.05466798633976033,0.03401791432100554,-0.0039654916498408355,-1.6942955278059237,-3.0049157437693133,4.875093835921312,0.48939578271591344,1.2178947882315612,-1.1366668977990102,1.238508371813687,-2.2709931653212223,-4.260637777888181,-1.0767714089340998,1
130,47.376139399611375,3.70002759302016,29.204591772186163,3.6744645409573784,33.63989770109934,3.422258930604144,31.90519678929781,3.721553026190583,30.947386273464456,3.6737663449906646,31.046158008004788,3.717352641678123,32.661734360734336,3.7080820331001805,31.693036183454677,3.679560517792184,30.999532876992046,3.675879995978551,28.03947764740498,3.7074698653880347,36.123893930812436,3.66804154897,0.031986044050160256,0.006422991987378612,-0.24578261836585558,0.05351147722058336,0.00572479602066478,0.04931109270812328,0.04004048413018069,0.011518968822184394,0.007838447008551075,0.0394283164180349,-1.5307068137966802,7.839950716402591,0.6541807556357391,-0.8230766925135242,2.230869919308894,2.414638968823173,-2.215278684045895,2.0110262855159178,0.1572928215181797,3.1605671258872405,1
131,23.084923995082853,3.7048264386983356,30.390049968056253,3.67697971832761,28.48343586222482,3.3977264663562314,27.738769330124946,3.6959105755802777,31.245422447800536,3.73510951396631,31.25905916844362,3.7314603945042975,28.391368480680015,3.6906838886176367,31.7907108615252,3.696983245768666,28.73684454166934,3.6985210486878324,30.506330476075963,3.690966810476808,31.64068802522491,3.6719168100984008,0.03290962859993485,0.005062908229209295,-0.27419034374216933,0.023993765481876927,0.0631927038679092,0.05954358440589669,0.01876707851923598,0.025066435670265452,0.026604238589431617,0.019050000378407095,1.1854581958700905,-5.156461838874524,-4.166427459172866,0.29803617433607954,0.21290116043883245,-4.270365880054321,0.09767467807052199,-2.262688335322707,2.4668528286709837,-4.483205905587525,1
132,48.80221786241695,3.7238499311806295,26.540204336546307,3.697597727135773,29.53817949263689,3.376351580056952,26.595573467839976,3.690307424719921,29.07436862732098,3.706861340178519,28.774610708244783,3.7061690021666305,32.10379011453121,3.686674315989802,27.970130387380717,3.696446120457732,28.47762723037105,3.6868079546296153,29.236951721616855,3.68590263092369,28.839712696994447,3.665696802743926,0.058153128436703394,0.031900924391846885,-0.28934522268697416,0.02461062197599473,0.04116453743459303,0.040472199422704414,0.020977513245875823,0.030749317713806068,0.02111115188568924,0.02020582817976413,-3.8498456315099467,1.0547436304120694,-1.1431958622849692,-2.171053820479557,-2.4844484601988377,3.712421633851193,-3.8205804741444815,-0.25921731129828984,-1.2693787544591082,-2.8009753282304644,1
133,20.989388681324947,3.6908775834505163,29.280740655095077,3.7036285324022797,30.602214678383483,3.3819005893167113,30.367669032645008,3.6888515389378336,35.386067327960994,3.6917400435571315,30.699600049135814,3.681466033823054,27.99189080631598,3.6993712165925046,29.809071505821855,3.683031427316184,26.447507333067097,3.711462556264824,29.838800501406478,3.664282670161318,28.333887885998482,3.6596612191822357,0.03121636426828056,0.04396731322004399,-0.2777606298655244,0.029190319755597827,0.03207882437489573,0.021804814640818293,0.039709997410268816,0.02337020813394819,0.05180133708258827,0.004621450979082287,2.74053631854877,1.0640351857465937,3.7720955648050314,6.311698700640015,1.924989340891031,-4.111899308215229,1.838941118441138,-2.030119897303951,0.6018487797896235,-0.5058248109959642,1
134,18.790856061926917,3.676282789057396,27.631279655375955,3.653560871653164,29.001231402817258,3.3708368417867267,33.40539297669587,3.7328231907818314,29.850511663699667,3.722589471786879,23.35048856017781,3.713633813798076,27.062153072659612,3.6917175766410892,29.151102593715038,3.7161178045709566,32.07165047683514,3.7244770639714746,29.453755295186177,3.702736436593426,32.10886330994652,3.670477586064102,0.00580520299329379,-0.016916714410938116,-0.2996407442773754,0.06234560471772932,0.05211188572277692,0.043156227733974095,0.02123999057698711,0.04564021850685451,0.05399947790737247,0.03225885052932398,-1.6494609997191212,-1.6009832755662252,3.037723944050864,-5.535555664261327,-7.349111488958005,-0.929737733656367,-0.6579689121068171,5.624143143768041,-0.38504520622030114,3.774975423948039,-1
135,19.770489755525276,3.7312577753701643,32.953868852236546,3.6945201383634143,27.66444089746413,3.3451323204124996,30.43355112752526,3.6940032360745025,27.80539494473431,3.7380827317914602,28.822266346522607,3.7325191783072413,28.3254751379006,3.7443756046689627,28.784249478648363,3.6968190957919993,28.921754593702044,3.705912489774942,28.903462410149846,3.6696671490115844,31.666667823560616,3.6752289719566775,0.056028803413486816,0.01929116640673678,-0.3300966515441779,0.018774264117825012,0.0628537598347827,0.05729020635056381,0.06914663271228516,0.021590123835321773,0.030683517818264505,-0.005561822945093109,5.322589196860591,-1.3367905053531288,-2.9718418491706124,-2.0451167189653567,5.4717777863447985,1.2633220652409882,-0.3668531150666752,-3.1498958831330945,-0.5502928850363311,-0.44219548638590567,1
136,46.72057018390022,3.7013498736249457,31.039998151595622,3.708901729427068,28.04432559925743,3.3329996309081773,28.63521801142821,3.6800790042799645,28.646341567225978,3.6893537546814046,29.278704175867617,3.7239027835966687,31.07783837028747,3.702323461681531,30.592369609462025,3.683102030931791,30.750433914314325,3.7080312121677546,32.70803828474305,3.709366311698783,31.37778186498326,3.6639409792998086,0.037408894325137165,0.04496075012725953,-0.33094134839163125,0.01613802498015593,0.02541277538159603,0.059961804296860155,0.03838248238172248,0.01916105163198223,0.044090232867946,0.045425332398974394,-1.9138707006409241,0.37988470179330136,-1.798333116097048,0.8409466224916677,0.45643782934500976,2.7523632323868696,1.8081201308136627,1.828679320612281,3.8045758745932012,-0.28888595857735666,1
137,11.842185534102132,3.658259459627959,28.78626964428565,3.6883076453868564,30.915373172107103,3.329378821342582,24.50499031454953,3.6818063316603635,29.00053964769674,3.6812698725042083,28.947504286965156,3.6866444088706225,32.7766755564169,3.7058438545665275,29.229956376574272,3.696253419631873,30.765977969481856,3.6552353753335005,30.282514280174926,3.657585996947299,25.7388670403856,3.6440585185871788,0.01420094104078018,0.04424912679967763,-0.31467969724459666,0.037747813073184755,0.037211353917029566,0.04258589028344373,0.061785335979348766,0.05219490104469404,0.01117685674632174,0.013527478360120249,-2.2537285073099724,2.8710475728496725,-4.130227696878681,0.35419808047076273,-0.33119988890246077,1.6988371861294276,-1.3624132328877536,0.015544055167531212,-2.4255240045681212,-5.638914824597659,1
138,32.680811324353996,3.7004256087420813,30.498357343427795,3.717734647191091,28.21301353222478,3.306983345487401,28.37081041365912,3.7000369191046203,28.90748192374792,3.7011267257362426,32.44247132013392,3.6897570853530377,29.025683954708587,3.7239927615837183,32.858234037102065,3.695626911770082,28.77009912370333,3.6689373589326237,30.650028272513083,3.6939700527295827,29.107514651560496,3.6598591416630484,0.040566467079032886,0.05787550552804266,-0.35287579617564724,0.040177777441571916,0.0412675840731942,0.029897943689989326,0.0641336199206699,0.03576777010703358,0.009078217269575362,0.0341109110665343,1.7120876991421454,-2.702359639882321,3.865820099109591,-0.09305772394882084,3.494967033168763,-3.7509916017083107,3.628277660527793,-1.9958788457785275,0.3675139923381572,3.3686476111748966,-1
139,15.66199962079919,3.7137101547758045,30.183504968896745,3.7369721766659283,30.504480792853354,3.3064887210900156,29.767541913756084,3.7133730960951583,30.42942636634105,3.701961350790779,33.15623611512437,3.7259174356372604,31.970899371230438,3.6856233522478257,31.738309184993792,3.714900106257546,29.088920947952257,3.6961060540776667,28.22151834354335,3.6987162364578303,31.910601116475505,3.6693768684095813,0.044333286366223135,0.06759530825634696,-0.36288814731956576,0.04399622768557698,0.0325844823811976,0.056540567227679084,0.01624648383824434,0.04552323784796464,0.026729185668085353,0.029339368048248993,-0.31485237453104986,2.291467260628572,1.396731500096962,1.5219444425931314,0.7137647949904533,2.945215416521851,-1.119924852108273,0.31882182424892846,-2.4285099289697314,2.8030864649150082,1
140,17.67272189475343,3.719825173163842,27.809198193981526,3.7207675530953033,30.596783693132608,3.278233610259419,29.889603531425248,3.674412590082943,30.969757363064264,3.6978281405857514,26.701933129301388,3.68401303093248,30.019761219659525,3.6835964624190796,34.15127508433167,3.674972435071452,29.255455031428802,3.690631323034393,31.649498013144594,3.676906105147343,31.632013697548846,3.6501186423792005,0.06970653078464162,0.0706489107161028,-0.3718850321197813,0.024293947703742713,0.047709498206550904,0.03389438855327942,0.03347782003987909,0.02485379269225163,0.04051268065519231,0.02678746276814259,-2.374306774915219,0.09230290027925392,0.12206161766916424,0.5403309967232133,-6.454302985822984,-1.9511381515709125,2.4129658993378804,0.1665340834765452,3.4279796696012426,-0.2785874189266586,-1
141,31.005100071233976,3.6810216695835036,32.44616613419065,3.7349472639583112,29.482291199260338,3.308643831285208,30.705009936713758,3.695268894255621,28.85929726717264,3.722712402943659,26.358793398902964,3.6778741297517676,30.540114716782846,3.683509716769447,26.175490049160445,3.6878282055352063,29.862731907829062,3.68942044583872,27.26336992233438,3.6788688471447952,33.974551998461614,3.6560095407066244,0.025012128876879203,0.0789377232516868,-0.34736570942141665,0.03925935354899668,0.06670286223703448,0.021864589045143212,0.0275001760628224,0.031818664828581866,0.033410905132095436,0.0228593064381708,4.6369679402091215,-1.1144924938722696,0.8154064052885097,-2.110460095891625,-0.3431397303984234,0.5203534971233204,-7.975785035171228,0.6072768764002596,-4.386128090810214,2.342538300912768,-1
142,12.398248808549543,3.702456868770804,30.933432468010363,3.6798267199766634,31.01273395505251,3.2744536788686807,30.35443757014337,3.714303248015214,28.175891795692188,3.7170435776961606,27.94380718435614,3.7250291284362853,29.805763597849715,3.7381883730458703,30.297820151692743,3.7161977864332223,28.641118154136574,3.6956652697119154,30.84668389721715,3.7171862758224594,34.16153180807838,3.6680350926777274,0.034421776093076506,0.011791627298936014,-0.39358141380904677,0.046268155337486405,0.049008485018433134,0.05699403575855788,0.07015328036814283,0.04816269375549487,0.02763017703418802,0.04915118314473199,-1.512733666180285,1.5304427557921727,-0.35057236657038615,-0.6834054714804516,1.5850137854531745,-0.7343511189331302,4.122330102532299,-1.2216137536924876,3.5833139748827705,0.18697980961676564,1
143,9.646925399377178,3.7051550508028552,30.972072578835274,3.6751647884903678,26.90539202212327,3.276683528344898,32.16538210777415,3.6968948190235054,29.05775069636424,3.6618438488424525,29.81272762252166,3.6827922997844103,32.65159329508438,3.6917278893315673,27.4256728628315,3.737753753146804,27.20576362977402,3.7111310624906753,28.832801347307992,3.6732903686180025,32.076757702038634,3.651243740887554,0.05391130991530124,0.023921047602813772,-0.37456021254265615,0.04565107813595137,0.010600107954898519,0.03154855889685626,0.04048414844401327,0.08651001225925015,0.05988732160312127,0.02204662773044852,0.038640110824911034,-4.107341932929241,1.8109445376307782,0.8818589006720536,1.868920438165521,2.8458296972346666,-2.8721472888612425,-1.4353545243625554,-2.013882549909159,-2.0847741060397453,-1
144,14.40767181680807,3.6986344475472133,30.821524379151768,3.682972590993744,29.626393217477997,3.284676344641786,30.672142335851337,3.6987066494001923,33.914349067279275,3.6888886130410414,29.94633631258188,3.6739731294632887,28.972322766314456,3.709688932105579,27.70535606470332,3.7092333258942274,29.3751564170099,3.684155821876306,30.321154699231283,3.6552734194337173,30.10661484119752,3.6486203274397098,0.0500141201075035,0.03435226355403431,-0.36394398279792384,0.05008632196048257,0.040268285601331666,0.025352802023578924,0.06106860466586905,0.06061299845451762,0.035535494436596426,0.006653091994007543,-0.15054819968350586,2.7210011953547273,-1.4932397719228128,4.856598370915034,0.13360869006022114,-3.6792705287699263,0.27968320187181916,2.169392787235882,1.4883533519232905,-1.970142860841115,1
145,30.29849649790363,3.693149015982845,32.3181481299118,3.7034092754199315,29.327490522637856,3.230745348694308,30.85097986648046,3.695867774406079,32.394493847290455,3.7122043233917847,27.256652605539067,3.703139459219369,28.581117995144908,3.6882693746087214,29.42290260824859,3.704484328085816,28.432492957751144,3.7142921958127326,33.46987315167362,3.6590011744284507,28.286455812346414,3.6504562270050043,0.04269278897784057,0.052953048414927206,-0.4197108783106964,0.04541154740107478,0.06174809638678047,0.05268323221436466,0.03781314760371712,0.05402810108081191,0.06383596880772835,0.00854494742344647,1.4966237507600297,-0.298902694840141,0.17883753062912433,-1.5198552199888198,-2.689683707042814,-0.3912047711695479,1.7175465435452715,-0.9426634592587568,3.148718452442335,-1.820159028851105,-1
146,34.617192093390805,3.6966894369729335,30.707095726397352,3.6864123086038734,29.488138876660493,3.232459116617315,32.74081938796773,3.6930077001992894,32.85891560408802,3.6760028055564082,32.9289086245346,3.694154895691123,28.876824129253443,3.7030620398586866,33.97971014667512,3.7203631449529753,30.701885009791415,3.7002848832802746,33.25276081133727,3.6684729658220117,28.99476077233648,3.647090929755489,0.04959850721744452,0.03932137884838438,-0.4146318131381741,0.04591677044380038,0.02891187580091925,0.04706396593563422,0.05597111010319766,0.07327221519748628,0.05319395352478562,0.02138203606652267,-1.6110524035144458,0.1606483540226371,1.8898395214872714,0.46442175679756303,5.672256018995533,0.29570613410853497,4.556807538426526,2.2693920520402706,-0.21711234033634952,0.7083049599900662,-1
147,42.101218292204706,3.704680489087063,26.09779627192275,3.695029427638511,30.28717587301032,3.2540106331694774,26.36404154922569,3.702807197396961,31.519424590968338,3.660658605928257,29.811082571115996,3.67765627076586,30.839219944048235,3.6962830849561454,28.272234078820468,3.706199979663311,32.558929863315505,3.6988682302220024,32.0834493281177,3.7243794157958736,31.167088606023775,3.6520573334623463,0.052623155624716755,0.04297209417616488,-0.3980467002928689,0.05074986393461467,0.008601272465910803,0.025598937303513924,0.04422575149379915,0.05414264620096487,0.046810896759656107,0.07232208233352733,-4.609299454474602,0.7990369963498267,-6.3767778387420435,-1.3394910131196802,-3.1178260534186037,1.9623958147947924,-5.70747606785465,1.8570448535240907,-1.1693114832195661,2.1723278336872944,-1
148,47.60403101115083,3.7269333944750973,25.503714226415674,3.6905130911619306,32.522636203700095,3.2214686903848224,29.344352947314608,3.693272426737792,29.323012071415405,3.7256472694823124,32.99220446685112,3.721754796864675,29.048022795227265,3.7088700344116905,28.31905812862814,3.6769626323082645,29.550508758970032,3.685699562639395,27.73466189624621,3.679428469489878,30.688711538575912,3.6530550367955863,0.07387835767951101,0.03745805436634431,-0.4315863464107639,0.040217389942205806,0.0725922326867261,0.06869976006908862,0.0558149976161042,0.02390759551267818,0.032644525843808836,0.026373432694291488,-0.5940820455070757,2.235460330689776,2.9803113980889187,-2.1964125195529327,3.1811218957351244,-1.7911971488209701,0.04682404980767174,-3.008421104345473,-4.348787431871493,-0.47837706744786246,-1
149,15.521577489187885,3.70982415330824,26.53759739311015,3.6928394124050605,32.98987645490647,3.2072120559867354,30.082651264541237,3.7147930630344934,30.88600426089475,3.6618128782498545,31.903099541148087,3.7263660464970534,27.957675084879398,3.701453610486587,30.946943798070457,3.691770137108757,29.464717818202413,3.6982153169155714,31.693541550432986,3.6992485871004104,25.74554515929701,3.6503535261092765,0.059470627198963566,0.04248588629578398,-0.4431414701225411,0.06443953692521687,0.011459352140577916,0.07601252038777684,0.051100084377310395,0.04141661099948024,0.047861790806294824,0.04889506099113383,1.0338831666944763,0.4672402512063769,0.7382983172266293,1.5629921894793455,-1.0891049257030332,-1.0903477103478671,2.6278856694423176,-0.08579094076761962,3.9588796541867772,-4.943166379278903,-1
150,7.275789672090299,3.7242048700101376,29.97812432596761,3.6946196690717037,28.68503012406731,3.688183658025284,26.1356656749479,3.713100812275636,28.649037645920146,3.7127132319350196,31.346264041379424,3.6890250173317036,25.259495039868376,3.660290779591645,30.50433470095115,3.687799540450033,27.627861537201174,3.7135471904337285,31.216884138948384,3.6844993162115256,31.428637871747306,3.696798408533642,0.027406461476495725,-0.0021787394619381395,-0.008614750508357805,0.016302403741994098,0.01591482340137773,-0.007773391201938207,-0.036507628941996995,-0.008998868083608613,0.016748781900086662,-0.012299092322116234,3.440526932857459,-4.304846330839162,-3.9469855895933357,-2.2369666149746052,-0.5568354997686633,-2.6981800450110214,-0.4426090971193055,-1.8368562810012392,-0.4766574114846023,5.683092712450296,1
151,11.925495711219815,3.69081819379562,27.36573616010683,3.6861079926167375,31.55205582768695,3.6769127466353404,27.99556596214655,3.664963423864966,28.49512952529393,3.6922015258688115,27.066429618768645,3.7031610697984028,28.997195706228727,3.6980675265997025,31.95062491695596,3.691680661441053,31.03125617688791,3.6810850787860647,31.95684422405607,3.7121649238336993,31.04428509186787,3.689716314324039,0.0011018794715811353,-0.0036083217073015206,-0.012803567688698614,-0.02475289045907303,0.0024852115447724366,0.013444755474363745,0.008351212275663489,0.001964347117013876,-0.008631235537974291,0.022448609509660322,-2.6123881658607786,2.867025703619639,1.8599002871986485,-0.15390812062621606,-4.279834422610779,3.7377006663603503,1.4462902160048081,3.403394639686738,0.7399600851076862,-0.3843527798794355,1
152,22.864647299336337,3.709635674157226,29.439461791072866,3.6860827715971047,26.34803151674474,3.7280285800453217,27.37170829108957,3.6771665635652124,33.53331097858287,3.692465991401929,26.327856024994922,3.6958737039276137,28.43101871351578,3.7121044740203653,32.28921256410018,3.7223086659476228,30.419426598394733,3.7210558311380546,31.856090142011386,3.704474966391486,31.085656702541353,3.7049197222191936,0.0047159519380324255,-0.0188369506220889,0.023108857826128038,-0.027753158653981203,-0.012453730817264752,-0.009046018291579916,0.007184751801171618,0.01738894372842914,0.01613610891886097,-0.0004447558277074215,2.0737256309660346,-5.204024310942209,-0.6238576710569816,5.038181453288939,-0.7385735937737223,-0.566176992712947,0.33858764714422307,-0.6118295784931789,-0.10075408204468417,0.04137161067348316,1
153,30.028581168350524,3.680953672385224,31.471243994491495,3.6864600972308295,33.56359781754212,3.6845468110945836,26.686753584644453,3.7166038362372524,28.951103727474695,3.7180079717679013,28.529393078636094,3.7090245063863705,31.442958647514686,3.7236698733377986,27.89971852079571,3.6764391826524725,31.51499029867497,3.733344482231023,32.741072287993426,3.7304647724342455,31.390405800167997,3.7059515205757707,-0.024997848190546623,-0.01949142334494125,-0.021404709481187112,0.010652315661481726,0.012056451192130613,0.003072985810599782,0.017718352762027934,-0.029512337923298215,0.02739296165525218,0.02451325185847475,2.0317822034186293,7.215566300797377,-0.6849547064451151,-4.582207251108173,2.2015370536411716,3.0119399339989066,-4.389494043304474,1.0955637002802376,0.8849821459820397,0.3047490976266438,1
154,14.842125000794264,3.721457734859858,30.151754779919624,3.7065087371886762,29.454610835695078,3.6942766272662406,32.886579107263884,3.6577026740996605,25.587162303232535,3.695819578006973,28.908314828057843,3.710669701536491,28.25948755296555,3.693664697881287,30.43822120006882,3.699548441178112,30.154289571766252,3.6962876506416418,33.244386203098856,3.6935658756435714,33.90228409659559,3.696950171830251,0.02450756302960677,0.009558565358425142,-0.002673544564010477,-0.03924749773059055,-0.0011305938232779589,0.013719529706239797,-0.003285473948964057,0.002598269347860782,-0.0006625211886093219,-0.0033842961866796806,-1.3194892145718704,-4.108986981847039,6.199825522619431,-3.36394142424216,0.3789217494217496,-3.1834710945491373,2.538502679273112,-1.3607007269087177,0.50331391510543,2.5118782964275894,1
155,27.512534084349216,3.6666280148224364,31.277320337286206,3.721174570597678,32.1162366501743,3.696543965252071,30.735239680419422,3.7154384030967336,30.296178839596553,3.7088261430339853,28.237863326677417,3.6853368760578,28.5755584727019,3.704579927849187,32.37346924035466,3.6628419709720346,32.87267081141196,3.712064950011428,29.523779127375892,3.7059631693198107,30.092005494506548,3.6979397991013165,-0.03131178427888015,0.02323477149636144,-0.0013958338492456868,0.017498603995417028,0.01088634393266874,-0.012602923043516512,0.006640128747870566,-0.03509782812928197,0.014125150910111461,0.008023370218494197,1.1255655573665813,2.6616258144792226,-2.151339426844462,4.709016536364018,-0.6704515013804269,0.31607091973635093,1.9352480402858383,2.718381239645705,-3.7206070757229632,-3.8102786020890385,1
156,37.79501245027914,3.723300642096789,27.40498072003554,3.675088121767709,28.484287607988247,3.660599990891623,30.049715007502538,3.714174373470359,29.399090262364496,3.6847962110207586,31.21681550759845,3.70574266708246,35.531959228878534,3.730702974400151,30.198276678836248,3.686860896472032,28.316576107923982,3.692448906871821,32.83648070951513,3.7055344594517665,26.82236304935956,3.6979249243525474,0.025375717744241744,-0.022836802584838445,-0.03732493346092447,0.016249449117811565,-0.013128713331788777,0.007817742729912425,0.03277805004760381,-0.011064027880515415,-0.005476017480726458,0.0076095350992191335,-3.8723396172506668,-3.6319490421860543,-0.685524672916884,-0.8970885772320578,2.978952180921034,6.956400756176635,-2.1751925615184113,-4.556094703487975,3.312701582139237,-3.2696424451469888,1
157,22.4926856544446,3.6933975981206713,33.352786054416406,3.6957666603613766,28.108986240114536,3.68744532187831,27.69329897880808,3.6942392225215586,32.27462908472946,3.728370626902961,30.67710575257183,3.6502438268692985,28.124148846927202,3.725539307721764,30.433249950809238,3.706760469622034,27.948494632719445,3.6758595670428558,32.20164279684521,3.6784937521390155,32.12274192974627,3.693611635317984,-0.00021403719731294402,0.002155025043392378,-0.006166313439674109,0.0006275872035743646,0.03475899158497686,-0.04336780844868571,0.031927672403779805,0.013148834304050006,-0.01775206827512843,-0.015117883178968672,5.947805334380867,-0.3753013678737105,-2.3564160286944578,2.875538822364966,-0.539709755026621,-7.407810381951332,0.23497327197299,-0.36808147520453716,-0.6348379126699157,5.30037888038671,1
158,38.90624497968185,3.6999976170288185,35.10937265180423,3.7216668087582265,28.715610694931456,3.714900611258256,28.293393386347333,3.728788914303063,30.170568466986705,3.690809021176765,32.36098175594592,3.6652377672090926,34.55680397305846,3.7209050202974616,31.314729926779144,3.7069953904121213,27.45918251204114,3.6940790779935755,33.941728541435594,3.6951969437538503,29.961062601845807,3.7038577172191234,-0.003860100190304916,0.01780909153910315,0.011042894039132722,0.024931197083939427,-0.013048696042358365,-0.038619950010030824,0.01704730307833824,0.0031376731929979584,-0.009778639225547892,-0.008660773465273053,1.7565865973878232,0.6066244548169202,0.6000944075392525,-2.104060617742757,1.6838760033740918,6.432655126131255,0.8814799759699063,-0.48931212067830643,1.740085744590381,-2.161679327900462,1
159,16.35403671813592,3.718275432427712,31.412157827630264,3.6690854042661853,29.514637446375932,3.7317967795636138,27.947261584668215,3.7114814244178804,32.4600011454383,3.727991892902916,28.07058914849857,3.6731574450302977,33.256937109544644,3.6726835168916914,29.43123070078698,3.6970206138046544,33.1811641452357,3.710055688537904,31.357862580118557,3.7359272164585393,29.726009021115082,3.7047475414301396,0.013527890997572456,-0.03566213716395428,0.02704923813347415,0.006733882987740802,0.02324435147277626,-0.031590096399841894,-0.032064024538448255,-0.007726927625485214,0.005308147107764505,0.03117967502839969,-3.6972148241739653,0.799026751444476,-0.3461318016791175,2.2894326784515933,-4.290392607447352,-1.299866863513813,-1.8834992259921641,5.721981633194559,-2.583865961317038,-0.23505358073072458,1
160,16.289559495081512,3.7043605018426513,28.144431781878477,3.680423715078377,29.52124629698217,3.698239110616479,29.57334040138146,3.706765049750584,31.91991334886749,3.6963722919378146,33.1669545544992,3.690112913242866,27.76444231952606,3.6749860787402358,33.98566525054006,3.700438876164307,28.441408800957134,3.6587008522483053,30.34505356584618,3.6862800391656116,31.021725978296637,3.6896679428787222,0.01469255896392907,-0.009244227800345062,0.008571167737756902,0.017097106871861723,0.0067043490590923405,0.00044497036414359314,-0.014681864138486489,0.01077093328558476,-0.030967090630416916,-0.003387903713110596,-3.267726045751786,0.006608850606237837,1.626078816713246,-0.5400877965708091,5.096365406000629,-5.492494790018583,4.554434549753079,-4.739755344278564,-1.0128090142723778,1.295716957181554,1
161,47.95546679864648,3.69845113078548,34.330112135613206,3.6760941247280154,32.38109718868719,3.729018550965584,30.42514806126443,3.736143932872758,32.05397252663946,3.6663468261175463,32.21180084871462,3.6795194281822727,28.872105023883513,3.69440379315246,28.36756551091607,3.6807092441017963,30.156286125939296,3.7101193110691173,31.723272248995887,3.685434555951868,30.278120797306837,3.6956240897926897,0.0028270409927904083,-0.019529965064674304,0.03339446117289446,0.040519843080068174,-0.029277263675143494,-0.016104661610417015,-0.0012202966402297122,-0.014914845690893408,0.01449522127642755,-0.010189533840821774,6.185680353734728,2.8598508917050225,0.8518076598829687,0.13405917777197374,-0.955153705784582,1.1076627043574518,-5.61809973962399,1.7148773249821616,1.3782186831497079,-0.7436051809897997,1
162,22.834068147419924,3.684585258805983,32.190320823440466,3.691194064257849,30.867010999893687,3.695566228400019,28.58654047296152,3.677012567795683,31.797296917369803,3.684873531507429,31.119154123020934,3.703451003836084,28.37293930126753,3.7240495549530603,29.7972434874716,3.70634293969421,29.014454543514127,3.6990827748126196,35.26707588006321,3.683374584520954,31.06348976625132,3.6949532508583887,-0.010367992052405572,-0.0037591866005395325,0.0006129775416301442,-0.017940683062705798,-0.01007971935095986,0.008497752977695505,0.029096304094671677,0.011389688835821143,0.00412952395423094,-0.011578666337434651,-2.13979131217274,-1.514086188793506,-1.83860758830291,-0.25667560926966004,-1.0926467256936832,-0.49916572261598446,1.4296779765555314,-1.1418315824251692,3.5438036310673233,0.785368968944482,1
163,47.11717617118518,3.695550502064435,27.414749305695473,3.7409372439143915,28.93566287374562,3.686501319624189,28.785291133575576,3.6919384802186994,29.845557909553907,3.7398310660440948,30.851687317259657,3.683358773903003,30.836411511775943,3.6889976943412695,26.447976491903194,3.697059491531383,32.12788197512171,3.7168146896425913,30.505137691993248,3.7041560501470663,32.769064095187815,3.7045145311431114,-0.00896402907867655,0.036422712771280175,-0.018013211518922212,-0.012576050924411941,0.03531653490098341,-0.02115575724010821,-0.015516836801841905,-0.007455039611728331,0.012300158499479963,-0.0003584809960450741,-4.775571517744993,-1.931348126148066,0.19875066061405633,-1.9517390078158954,-0.267466805761277,2.4634722105084137,-3.3492669955684065,3.113427431607583,-4.761938188069962,1.7055743289364962,1
164,42.16695388475073,3.7248229468775746,32.80079958959057,3.7114737406000513,31.108449407892078,3.669568063147347,26.911245293303228,3.734934778750167,30.26454558099484,3.701035677023979,28.81498086957414,3.7115358764782767,30.469955749632494,3.6731191074305634,27.5673483344098,3.7101065300015614,29.579666184416197,3.7220585546548532,28.965633832387862,3.738706406731968,28.903667288061506,3.709736168169634,0.015086778707940507,0.001737572430417167,-0.04016810502228729,0.025198610580532854,-0.008700491145654965,0.0017997083086425114,-0.036617060739070784,0.00037036183192729055,0.012322386485219106,0.02897023856233405,5.386050283895095,2.172786534146457,-1.8740458402723483,0.4189876714409344,-2.0367064476855177,-0.366455762143449,1.119371842506606,-2.5482157907055125,-1.5395038596053858,-3.8653968071263094,1
165,22.401817566979005,3.6974469063696365,30.31338745649305,3.688787847263054,32.04706128837069,3.641411026199955,30.350573557867847,3.7410594404900332,27.32654912224814,3.7217753930843336,29.176353262072684,3.6924739855015,30.263855933543915,3.700376380994812,29.09090456251311,3.676566913053649,29.562693445129927,3.7339144575562173,29.81720088498177,3.7379457738954622,29.838243004269078,3.7031758124408656,-0.005728906071229112,-0.014387965177811601,-0.06176478624091075,0.03788362804916767,0.018599580643468006,-0.0107018269393655,-0.0027994314460535463,-0.026608899387216667,0.030738645115351737,0.034769961454596654,-2.487412133097518,0.9386118804786143,3.439328264564619,-2.937996458746703,0.361372392498545,-0.20609981608857808,1.5235562281033097,-0.01697273928627041,0.8515670525939072,0.9345757162075721,1
166,10.547770068452607,3.6672479016508666,24.71820464131259,3.7023920052533423,29.353124264910793,3.7063832058018398,30.220779278215396,3.702620415241574,31.014841855666578,3.6933244225832222,28.168150545475147,3.6797545328632597,32.268589587776425,3.684213059758981,27.212337912374153,3.702041498324948,28.867742822784862,3.6777296153514403,31.241495110558848,3.7354033523129457,32.08037712958551,3.695111000914242,-0.02786309926337527,0.007281004339100505,0.011272204887597947,0.007509414327332209,-0.0017865783310195837,-0.01535646805098212,-0.01089794115526077,0.00693049741070606,-0.017381385562801555,0.04029235139870391,-5.595182815180461,-2.693937023459899,-0.12979427965245094,3.6882927334184394,-1.0082027165975376,2.00473365423251,-1.878566650138957,-0.6949506223450648,1.4242942255770785,2.2421341253164293,1
167,29.61179941934646,3.7163100204488853,30.645949007235338,3.6990382298533846,29.877992056289234,3.6963369905789345,31.00048093887314,3.692866537316403,28.932799387121666,3.723612818249043,32.44164259762609,3.687453731080974,28.24645243757631,3.70090445418,33.424080568035784,3.701023958037622,26.504726980343477,3.6899643161437696,30.869540129113783,3.672550689042318,30.950861365053246,3.698006174493134,0.018303845955751186,0.0010320553602505278,-0.001669183914199568,-0.00513963717673116,0.02560664375590882,-0.010552443412159995,0.0028982796868657346,0.0030177835444877843,-0.008041858349364439,-0.025455485450815996,5.927744365922749,0.5248677913784405,0.7797016606577429,-2.0820424685449126,4.273492052150946,-4.022137150200116,6.211742655661631,-2.363015842441385,-0.37195498144506445,-1.129515764532261,1
168,43.989043259286504,3.7031943545736423,27.997875573231134,3.6926751660504364,29.432630612643695,3.694996243335857,32.736196963527625,3.6786007968681487,27.662517943013746,3.6557991442141966,24.745869286383666,3.7220814121856414,28.957197816362495,3.703145168735706,32.28539983247037,3.7001242271124357,26.534911951291292,3.7079689824571576,27.639432792354256,3.6834320509041274,30.52709348115634,3.6942017546437356,0.008992599929906753,-0.0015265885932991274,0.0007944886921213978,-0.015600957775586899,-0.038402610429538964,0.0278796575419058,0.008943414091970414,0.005922472468700146,0.01376722781342199,-0.010769703739608172,-2.6480734340042034,-0.4453614436455382,1.7357160246544865,-1.270281444107919,-7.6957733112424265,0.7107453787861857,-1.1386807355654156,0.030184970947814804,-3.230107336759527,-0.42376788389690745,1
169,26.22829268832976,3.7419168700361833,32.752992900039075,3.731888847834984,30.626264280026312,3.713578939755245,31.374131591717834,3.6837519530212517,32.933081718557204,3.6990194131832395,27.776839500972898,3.6967927983791036,29.928348842587074,3.706617026092312,28.93709089728157,3.7290200287626267,26.86428114926909,3.7175883408227484,30.69341995520984,3.678452478460305,35.023113103168846,3.7098626696348007,0.032054200401382626,0.022026178200183377,0.003716270120444065,-0.026110716613549023,-0.010843256451561256,-0.01306987125569714,-0.0032456435424887964,0.019157359127826012,0.007725671187947647,-0.031410191174495505,4.755117326807941,1.193633667382617,-1.3620653718097913,5.270563775543458,3.0309702145892317,0.9711510262245788,-3.348308935188797,0.3293691979777975,3.0539871628555844,4.496019622012508,1
170,17.968303668178827,3.6999652695344865,31.15883796579794,3.695442240368987,24.978329997197097,3.719878595142433,29.923719829116703,3.6818358763542287,30.099605581805665,3.7012833425124936,31.8724180191599,3.6927978809472366,30.369620604979477,3.682175629997865,32.50617783460415,3.6987631983207865,30.783341231230544,3.7170519160659024,33.11759613899578,3.7424113624086104,29.122508159903415,3.7031605311653033,-0.003195261630816848,-0.007718290796316474,0.016718063977129827,-0.021324654811074595,-0.0018771886528097248,-0.010362650218066705,-0.02098490116743834,-0.004397332844516821,0.013891384900599046,0.03925083124330708,-1.5941549342411356,-5.647934282829215,-1.4504117626011315,-2.833476136751539,4.095578518187001,0.44127176239240384,3.569086937322581,3.9190600819614545,2.4241761837859386,-5.9006049432654315,1
171,46.08686601004352,3.6745987782257594,30.142507499821786,3.7057391170860345,27.412984749591807,3.683360901650111,28.60861024560587,3.68723434546943,28.163746033166852,3.6836924874336776,32.47916801288312,3.6786753013620155,29.20754064379648,3.7424954280603395,32.13675866738803,3.7266267812397684,31.208241779177037,3.7384073500428854,34.60727750420958,3.675542099608889,27.04111155372055,3.6996372590178916,-0.025038480792132223,0.006101858068142896,-0.01627635736778066,-0.01240291354846157,-0.015944771584214035,-0.020961957655876162,0.04285816904244788,0.026989522221876783,0.038770091024993736,-0.024095159409002864,-1.0163304659761536,2.43465475239471,-1.3151095835108322,-1.9358595486388133,0.6067499937232235,-1.1620799611829966,-0.36941916721612245,0.4249005479464927,1.489681365213798,-2.0813966061828637,1
172,34.83622416754163,3.7095935947901992,27.734672492880705,3.7039789939296663,31.51835700541052,3.712989947297185,31.583592825606942,3.6927216121302076,31.571624018593617,3.6944672826167713,28.38650723958102,3.7090178275042507,26.614636768978126,3.6905227025968097,31.119400944822843,3.69268400654413,30.375077568827923,3.7000037332926996,32.00875326952627,3.7230121510118614,28.598926343980924,3.702899185171378,0.006694409618821062,0.00107980875828817,0.01009076212580684,-0.010177573041170618,-0.008431902554606907,0.006118642332872515,-0.01237648257456847,-0.01021517862724819,-0.0028954518786785677,0.020112965840483277,-2.407835006941081,4.105372255818715,2.974982580001072,3.407877985426765,-4.0926607733021,-2.5929038748183544,-1.0173577225651869,-0.8331642103491141,-2.5985242346833104,1.5578147902603732,1
173,39.46363897481339,3.680283923826644,28.331353909016837,3.694316898041424,31.528059563145717,3.723895257237539,26.914396969580707,3.717892943751478,28.73448994022992,3.672542810970379,31.192882275163505,3.7070295980070442,28.731428304621193,3.660435495012504,29.528060025578057,3.700938698041208,31.48837142063007,3.7379553403349197,30.843092167073124,3.6810421456546205,30.533636792590805,3.697633311087776,-0.017349387261132332,-0.003316413046352107,0.02626194614976285,0.020259632663701677,-0.02509050011739733,0.009396286919268082,-0.03719781607527217,0.0033053869534316327,0.040322029247143565,-0.01659116543315564,0.596681416136132,0.009702557735195683,-4.669195856026235,-2.8371340783636967,2.8063750355824837,2.116791535643067,-1.5913409192447858,1.1132938518021476,-1.165661102453143,1.9347104486098807,1
174,43.07558947386042,3.6698362429129214,28.870036177935848,3.6768604304971544,30.846424748914036,3.6995395029110703,30.66297052404352,3.6854264386610844,30.28353171792216,3.6941598290897395,27.73120723458702,3.6909193283936115,32.45954844904387,3.719804769074104,34.44136759316623,3.688260686258154,30.01765627653479,3.692453158461044,27.907290253259248,3.7143456716231755,30.058205416650047,3.6931606057882056,-0.023324362875284166,-0.01630017529105121,0.006378897122864657,-0.007734167127121161,0.0009992233015339025,-0.002241277394594121,0.026644163285898248,-0.004899919530051644,-0.0007074473271617698,0.02118506583496993,0.5386822689190112,-0.6816348142316819,3.748573554462812,1.5490417776922385,-3.461675040576484,3.728120144422679,4.91330756758817,-1.47071514409528,-2.935801913813876,-0.475431375940758,1
175,19.04288200934093,3.7074669711942283,27.71396137585254,3.7062475642093315,31.64031637351097,3.7238547033083287,29.870622789934963,3.6748426368818223,30.145748196031033,3.7146276050515,30.14639398200339,3.7118084412250294,29.69951402240348,3.6971570692611895,32.38341499421413,3.706773746358434,29.832564080301577,3.720589149631967,27.760907743233663,3.7174463076005693,29.212940288060544,3.708081419472239,-0.0006144482780108262,-0.00183385526290758,0.015773283836089558,-0.03323878259041679,0.00654618557926101,0.0037270217527902716,-0.01092435021104965,-0.0013076731138053077,0.012507730159728059,0.00936488812833014,-1.1560748020833067,0.7938916245969345,-0.7923477341085565,-0.13778352189112653,2.4151867474163673,-2.7600344266403916,-2.057952598952099,-0.1850921962332137,-0.14638251002558533,-0.845265128589503,1
176,42.63989866114414,3.6731070194506117,30.946101856466427,3.7042320076117705,31.874654583641753,3.701822017332123,28.043355584816116,3.7361306934291867,32.81356171157608,3.68279614609155,30.72283104754396,3.7458953718309558,31.216457790614623,3.707576210589932,29.55811547699048,3.7075565844244434,28.1437147234419,3.6881385573113556,30.145449254806575,3.7062941261510893,30.374591099646437,3.7053548734223014,-0.03224785397168972,-0.001122865810530893,-0.0035328560901786155,0.03077582000688528,-0.02255872733075126,0.04054049840865437,0.0022213371676307325,0.0022017110021419484,-0.017216316110945762,0.0009392527287879204,3.232140480613886,0.23433821013078315,-1.8272672051188472,2.6678135155450455,0.5764370655405706,1.5169437682111422,-2.825299517223648,-1.6888493568596772,2.3845415115729125,1.1616508115858935,1
177,33.41191899395194,3.681673581618532,30.562018500563614,3.6832615859240745,25.734808747690327,3.6971924988218934,32.02527481928814,3.706152253363784,29.68369231125536,3.6895086597246594,36.48618593918947,3.7270440535773433,34.61583250123222,3.7084813372303693,29.637101861504966,3.700788940964815,29.78732599493737,3.67128180952263,31.99116302800406,3.67368368367145,33.406345219836076,3.6939068404419557,-0.012233258823423743,-0.01064525451788123,0.0032856583799376615,0.012245412921828347,-0.004398180717296363,0.03313721313538753,0.014574496788413605,0.0068821005228594245,-0.022625030919325884,-0.020223156770505568,-0.3840833559028134,-6.1398458359514265,3.981919234472027,-3.129869400320718,5.763354891645509,3.3993747106175967,0.07898638451448647,1.6436112714954696,1.8457137731974846,3.031754120189639,1
178,23.681554429673557,3.727985666825401,31.793177308472035,3.692361354565493,26.65550045086536,3.7102045529033925,29.994499517931636,3.6903041864728623,30.04212039672872,3.6800919279395052,29.543323329401115,3.7365452300991406,31.239618215060602,3.666892622371884,27.181786144488047,3.694289926060578,29.18272817492666,3.701686476544845,30.957637496426152,3.733024731573746,31.359151370321282,3.7033386675356836,0.024646999289717364,-0.010977312970190667,0.006865885367708824,-0.013034481062821346,-0.0232467395961784,0.033206562563457,-0.03644604516379957,-0.009048741475105704,-0.0016521909908386867,0.029686064038062288,1.2311588079084217,0.9206917031750343,-2.030775301356506,0.3584280854733599,-6.942862609788353,-3.376214286171617,-2.4553157170169193,-0.60459782001071,-1.033525531577908,-2.0471938495147946,1
179,12.551656804071289,3.70643357082753,32.50568526885497,3.7033611961193365,29.1035507673997,3.6800970303629326,28.615499341468208,3.6963699367572866,26.062153715167835,3.656458699071143,30.206876258616212,3.703569533277708,34.08415208028749,3.7285771541562713,30.55471692392935,3.670517357359158,29.955442041632573,3.688281446533645,30.64416462153397,3.7065821355742026,29.977815992102794,3.694024806003921,0.012408764823609086,0.009336390115415316,-0.013927775640988571,0.0023451307533655097,-0.037566106932778176,0.009544727273786968,0.0345523481523502,-0.023507448644763063,-0.005743359470276044,0.01255732957028144,0.7125079603829327,2.4480503165343386,-1.3790001764634283,-3.979966681560885,0.663552929215097,2.844533865226886,3.3729307794413046,0.7727138667059137,-0.3134728748921809,-1.3813353782184876,1
180,38.95562125425815,3.704965478658229,30.470776521096024,3.6674880126668112,27.348412457291506,3.7057682229743216,28.681986483535333,3.6887461595111954,26.671046529333555,3.671576937197088,31.840022920010792,3.689657258391025,29.397273759119628,3.689492222607261,29.968164309995515,3.7205976507826066,31.83202063958218,3.6787242076779596,28.555462232692225,3.684203051219015,29.376025982703993,3.6901219201685516,0.014843558489677555,-0.022633907501740325,0.015646302805770063,-0.0013757606573561176,-0.018544982971463675,-0.000464661777526576,-0.0006296975612904987,0.030475730614055063,-0.01139771249059196,-0.0059188689495366376,-2.0349087477589443,-1.7551383101081939,0.0664871420671247,0.6088928141657206,1.63314666139458,-4.68687832116786,-0.5865526139338364,1.8765785979496066,-2.088702388841746,-0.6017900093988011,1
181,47.903129572194274,3.6969935907945626,31.172331600785565,3.6934660757362727,29.17517236356704,3.6791484461065886,30.514397940711856,3.6765553249312672,29.518669650939575,3.7092873972709315,30.015760369389458,3.68898896136583,29.348777895702995,3.706327166430723,29.671329588229217,3.6822950262775156,30.42418670614835,3.7036212548554217,28.0132826008361,3.7260655607463216,27.968242346020045,3.6962748804515435,0.0007187103430190689,-0.002808804715270785,-0.017126434344954866,-0.019719555520276266,0.013012516819387976,-0.007285919085713299,0.010052285979179398,-0.013979854174027917,0.0073463744038781975,0.02979068029477805,0.7015550796895411,1.8267599062755338,1.8324114571765229,2.84762312160602,-1.8242625506213344,-0.048495863416633256,-0.29683472176629877,-1.4078339334338281,-0.5421796318561256,-1.4077836366839485,1
182,21.967426895076446,3.718654872166912,30.32681094804481,3.655334423612885,27.608752458289576,3.7097620963543863,29.558714499768456,3.6826387218664958,28.515503972867595,3.6897518957075177,28.9929916762254,3.6820402471691125,29.810752414701422,3.7289172931928407,29.731688715815473,3.7003263120337158,30.824218322040572,3.715807570500857,31.114608587560973,3.7260105371719203,29.731709647467085,3.700924396977664,0.017730475189247752,-0.0455899733647791,0.008837699376722075,-0.01828567511116841,-0.011172501270146462,-0.018884149808551687,0.027992896215176533,-0.0005980849439484182,0.014883173523192905,0.025086140194256146,-0.8455206527407562,-1.5664199052774634,-0.9556834409433996,-1.00316567807198,-1.022768693164057,0.4619745189984279,0.06035912758625628,0.400031615892221,3.1013259867248735,1.7634673014470401,1
183,11.35395785917332,3.6920020187573774,29.59495154587034,3.7053858950516148,28.94340590667404,3.6991021393975494,32.07217530209251,3.7036500206119842,27.154050149476653,3.6865976959909155,28.059751479240713,3.7234343582943232,29.20488446901656,3.6764765332689047,32.475307515024,3.7097512059417346,30.75953527208179,3.7236378218591994,28.06390848297951,3.709618161854978,29.37938458923019,3.702965585102858,-0.010963566345480569,0.002420309948756749,-0.00386344570530861,0.0006844355091262244,-0.016367889111942535,0.020468773191465228,-0.026489051833953337,0.0067856208388765715,0.020672236756341444,0.006652576752120165,-0.731859402174468,1.334653448384465,2.5134608023240546,-1.3614538233909421,-0.9332401969846877,-0.6058679456848637,2.7436187992085266,-0.06468304995878071,-3.0507001045814626,-0.3523250582368931,1
184,13.850968879077037,3.684374065863539,29.344116159465283,3.679500153723625,31.602161927576372,3.723666476208863,27.7800943259275,3.7334780317748413,32.29412275568086,3.680296111944253,30.285618784885166,3.7280988465843627,28.844498983691647,3.6902522116741983,28.79166479336829,3.7106729599073778,27.233074976343268,3.7282042760962883,28.92765566675202,3.6970984680859273,29.471924476011196,3.705564160186327,-0.021190094322788067,-0.02606400646270224,0.01810231602253598,0.027913871588514105,-0.02526804824207396,0.022534686398035575,-0.015311948512128915,0.005108799721050605,0.022640115909961178,-0.008465692100399824,-0.25083538640505765,2.658756020902331,-4.2920809761650105,5.140072606204207,2.225867305644453,-0.36038548532491177,-3.6836427216557084,-3.5264602957385236,0.8637471837725101,0.09253988678100455,1
185,45.98718191088418,3.699859100290389,27.805263362057868,3.6956878084286395,27.0461501449362,3.6925628423544268,28.52125718508193,3.6854307675663933,32.38379866882715,3.7063904934156593,31.90003165733929,3.733072345369846,30.4860094441088,3.702797744656783,26.93459888022014,3.7199223642982227,29.607438697224126,3.672195561496931,30.60340001780347,3.7031552287858758,30.351072459157194,3.7011074256663163,-0.0012483253759274504,-0.00541961723767681,-0.008544583311889564,-0.015676658099923024,0.005283067749342951,0.03196491970352966,0.001690318990466455,0.01881493863190631,-0.028911864169385293,0.0020478031195594326,-1.538852797407415,-4.556011782640173,0.7411628591544286,0.0896759131462872,1.6144128724541247,1.6415104604171518,-1.8570659131481513,2.374363720880858,1.6757443510514491,0.8791479831459981,1
186,24.06965539689155,3.7059478970706223,32.30225881191638,3.6979655994889393,29.561936371295044,3.6884823657508337,32.38728973114645,3.6420021243945,28.889383889227904,3.7139664163151243,30.319295538815805,3.694940966015485,31.14281677543756,3.7302667255671147,31.569563168028377,3.7079605605992376,31.24304369723178,3.6891774925493035,29.334685638873655,3.721337401767521,32.187395281382884,3.699204754951868,0.006743142118754264,-0.0012391554629287427,-0.01072238920103441,-0.05720263055736785,0.014761661363256184,-0.004263788936383239,0.031061970615246626,0.008755805647369552,-0.010027262402564574,0.02213264681565308,4.496995449858513,2.515786226358845,3.866032546064524,-3.494414779599243,-1.580736118523486,0.6568073313287606,4.634964287808238,1.6356050000076543,-1.2687143789298148,1.8363228222256893,1
187,7.306855662919918,3.7333813905165267,32.01894357719194,3.6811488398841625,28.310117122813008,3.7322955758141974,27.0019680790832,3.693559436910159,29.81631047133009,3.726508642181902,29.82512934244564,3.6718636998100496,31.096639255108997,3.711718084023293,31.899189142728975,3.685264597281048,29.881169637455013,3.6716946561615162,33.711006629588525,3.704370680848219,30.448469489070582,3.701180560343107,0.03220083017341979,-0.020031720458944413,0.031115015471090413,-0.007621123432947741,0.02532808183879487,-0.029316860533057376,0.010537523680186123,-0.015915963062059113,-0.029485904181590694,0.0031901205051121373,-0.28331523472444076,-1.251819248482036,-5.385321652063254,0.9269265821021868,-0.49416619637016623,-0.046177520328562593,0.3296259747005976,-1.361874059776767,4.37632099071487,-1.7389257923123012,1
188,16.34777948729885,3.679281780299751,26.279104000151385,3.6970688292861666,31.728487229468453,3.715053646305721,28.857251495165446,3.6762506919652314,30.393127095284928,3.7036302666301513,32.01600800858652,3.7242994702258447,28.90079083067033,3.709478681984227,26.708814771916373,3.6855874788481846,33.011090383811656,3.730374367054336,32.329166942403894,3.71316785023845,29.825487973634107,3.7034193062838066,-0.024137525984055497,-0.006350476997639909,0.011634340021914547,-0.0271686143185752,0.00021096034634471295,0.020880163942038177,0.006059375700420588,-0.01783182743562195,0.02695506077052956,0.00974854395464364,-5.739839577040556,3.418370106655445,1.8552834160822478,0.5768166239548371,2.190878666140879,-2.1958484244386653,-5.190374370812602,3.1299207463566425,-1.3818396871846303,-0.6229815154364751,1
189,20.300197372695145,3.7107525980589977,29.814111586772825,3.708563724956212,29.5209961559565,3.6944001339625108,32.23366755105991,3.6744193852756046,30.37283233948809,3.7103058864324896,28.536736522182945,3.6833143637993078,33.78088137031156,3.743681934667609,30.098616663040445,3.7114101441670906,31.537679351937793,3.688387033948921,28.783546985110483,3.687772295052228,30.726231255489047,3.7013007500320976,0.009451848026900134,0.007262974924114207,-0.006900616069586807,-0.026881364756492943,0.009005136400392022,-0.01798638623278981,0.04238118463551155,0.01010939413499301,-0.012913716083176485,-0.013528454979869764,3.5350075866214397,-2.207491073511953,3.376416055894463,-0.020294755796836483,-3.4792714864035723,4.88009053964123,3.3898018911240726,-1.4734110318738622,-3.545619957293411,0.9007432818549397,1
190,18.624880772238523,3.749699399071733,32.23249278103625,3.7250523143923915,33.016095182838306,3.6769965587937126,29.50127179674811,3.706932723931317,35.003290070270225,3.729160505511287,25.88406649320649,3.6700760169184803,30.712433419628926,3.7015396628281434,27.175411360140288,3.7024814545143903,30.1803652749938,3.67451014235002,28.95618649978994,3.707591006092245,31.013754912781124,3.7044039784403724,0.04529542063136072,0.020648335952019092,-0.027407419646659825,0.002528745490944395,0.02475652707091447,-0.0343279615218921,-0.002864315612228996,-0.0019225239259821336,-0.029893836090352455,0.0031870276518723983,2.418381194263425,3.4950990268818067,-2.732395754311799,4.630457730782133,-2.6526700289764555,-3.0684479506826356,-2.9232053029001577,-1.357314076943993,0.1726395146794566,0.28752365729207696,1
191,8.823483045025988,3.738468915896499,33.28675631160907,3.6845077005996285,30.72129578287159,3.666216339240655,28.273012790070133,3.6905747251859498,29.93759302212183,3.6604902445756573,30.036033744088893,3.7150219890901464,30.945260691686812,3.6586983390748737,27.266283273438347,3.700569151623663,31.185134547694663,3.658443763602876,24.59121673679445,3.6935940439092674,28.74023089527238,3.6866585212799214,0.05181039461657777,-0.002150820680292931,-0.0204421820392664,0.003916203906028315,-0.026168276704264137,0.028363467810224918,-0.0279601822050477,0.013910630343741737,-0.028214757677045288,0.006935522629345936,1.0542635305728183,-2.294799399966717,-1.2282590066779768,-5.065697048148394,4.151967250882404,0.2328272720578859,0.09087191329805933,1.0047692727008624,-4.364969762995489,-2.2735240175087448,1
192,8.370312890089268,3.6856987355872515,29.877796172497266,3.6878019847425616,28.895883996445196,3.7315077894811233,33.3691594920338,3.7005758162747697,33.6877973840039,3.702364239828039,27.52943901046745,3.686516188793236,27.755693524238005,3.723550894495392,29.447360729747103,3.695748427440229,28.367924209211456,3.689582726696983,30.434833151373425,3.6683849836538114,29.346753021828864,3.6971731786993387,-0.01147444311208723,-0.009371193956777102,0.03433461078178457,0.0034026375754310223,0.0051910611287002695,-0.010656989906102865,0.02637771579605319,-0.00142475125910968,-0.00759045200235553,-0.02878819504552732,-3.4089601391118016,-1.8254117864263932,5.096146701963669,3.7502043618820693,-2.5065947336214442,-3.189567167448807,2.1810774563087563,-2.817210338483207,5.843616414578975,0.6065221265564844,1
193,48.48234339866836,3.731970762241927,29.955399432563894,3.7160425691723624,28.622228914849188,3.71724447023774,30.409517764803567,3.671675458884147,31.53175655896123,3.6769769252689426,26.768226425179055,3.6432184268102916,30.599295375674696,3.683812383578345,31.864869741909335,3.7191340637277133,29.16979942207326,3.7103389303149674,31.401401224241166,3.6955697347409577,35.629308888945104,3.69659837249774,0.03537238974418688,0.019444196674622383,0.020646097739999814,-0.02492291361359289,-0.01962144722879744,-0.053379945687448416,-0.012785988919394864,0.02253569122997323,0.013740557817227383,-0.0010286377567823024,0.07760326006662766,-0.27365508159600793,-2.9596417272302347,-2.1560408250426697,-0.7612125852883942,2.8436018514366914,2.417509012162231,0.8018752128618054,0.9665680728677408,6.2825558671162405,1
194,9.481087109301303,3.72740087322342,30.657865787848195,3.6673424432301927,31.680638255169697,3.704706359228782,30.500590620366086,3.6891979381280247,31.61823213648384,3.7024831318194265,29.207707820125357,3.714195685811674,28.46497670646513,3.704416170157762,31.527395431696092,3.679795551957763,32.254748020891114,3.6899750772353306,28.171437378406715,3.7285318596064894,28.848110377152544,3.7008045090398864,0.026596364183533616,-0.0334620658096938,0.0039018501888956614,-0.011606570911861791,0.0016786227795400066,0.013391176771787361,0.0036116611178753644,-0.02100895708212347,-0.010829431804555867,0.027727350566602915,0.7024663552843009,3.058409340320509,0.0910728555625191,0.08647557752260937,2.439481394946302,-2.1343186692095664,-0.33747431021324203,3.084948598817853,-3.229963845834451,-6.78119851179256,1
195,39.04029895950103,3.669248304071017,33.35734934674513,3.6971019084183716,26.176718898696485,3.691081125722777,32.62233499560525,3.7022628091410605,29.55136205824379,3.692737666776889,31.71916974468711,3.6598508627851,30.159602968117465,3.692233061233977,32.27911107205094,3.6938876177786337,29.225276070894378,3.7126732204954815,27.802759149644377,3.6860360065077793,32.84100857454213,3.6897112582931086,-0.020462954222091767,0.007390650125262965,0.001369867429668492,0.012551550847951898,0.0030264084837803296,-0.029860395508008786,0.002521802940868234,0.004176359485525083,0.0229619622023729,-0.0036752517853293476,2.6994835588969366,-5.503919356473212,2.121744375239164,-2.0668700782400506,2.511461924561754,1.6946262616523349,0.7517156403548455,-3.0294719499967364,-0.368678228762338,3.992898197389586,1
196,47.21815276361251,3.6817732939381584,32.424317377100664,3.6756256934265026,29.0137102884917,3.7203537282547274,32.109718138421776,3.7154050089594217,29.626228339238697,3.7129872936867505,28.647517583515153,3.716224070557254,27.811270404899712,3.6967688803274825,28.8236912860245,3.6875024716446894,32.83647756581258,3.6803918518040395,27.831579840440376,3.67821300006829,34.2334936429593,3.696524529266731,-0.014751235328572587,-0.020898835840228447,0.023829198987996403,0.018880479692690688,0.016462764420019482,0.01969954129052276,0.00024435106075149093,-0.009022057622041668,-0.016132677462691536,-0.018311529198440812,-0.9330319696444676,2.836991389795216,-0.5126168571834739,0.07486628099490744,-3.071652161171958,-2.3483325632177525,-3.4554197860264395,3.611201494918202,0.02882069079599958,1.392485068417173,1
197,38.406647169040184,3.6951460250434947,28.23849182079454,3.6621997965763415,33.597450036702625,3.6909041056524465,28.529597930473507,3.6792038693794624,33.312416504114594,3.687847073092531,29.513877602238267,3.6972537806842225,30.00457587228701,3.7191558322894585,32.14073032045986,3.7041520670280126,32.54378484387731,3.7061535330680226,29.778374879441824,3.678089612223089,29.223513892956923,3.692010569503708,0.003135455539786669,-0.029810772927366447,-0.0011064638512614522,-0.012806700124245562,-0.004163496411177192,0.005243211180514518,0.027145262785750468,0.0121414975243046,0.014142963564314659,-0.013920957280618929,-4.185825556306124,4.583739748210924,-3.5801202079482692,3.6861881648758974,0.866360018723114,2.1933054673872974,3.3170390344353606,-0.29269272193526774,1.9467950390014472,-5.00997975000238,1
198,49.05643283562503,3.7013318514350337,28.46838003988258,3.645735147316732,29.93095640033738,3.70512443672164,25.60261437554167,3.709668797838601,32.63927132448744,3.7267605080525774,29.500380200631508,3.7073747611855388,30.637593382317867,3.697385258665735,30.44618245011979,3.7220988384446194,32.5249797897539,3.6528533155080107,26.276099730251907,3.6897010293874573,30.224642330939623,3.695803394455594,0.0055284569794396,-0.050068247138862265,0.009321042266045687,0.013865403383007013,0.030957113596983277,0.011571366729944632,0.0015818642101410596,0.02629544398902528,-0.0429500789475834,-0.0061023650681368835,0.22988821908803914,-3.666493636365246,-2.9269835549318373,-0.6731451796271557,-0.013497401606759496,0.6330175100308573,-1.6945478703400703,-0.018805054123411935,-3.5022751491899164,1.0011284379827003,1
199,26.123307889516614,3.6913445223282326,29.649243088202617,3.7158763693428765,30.98301129449357,3.694052478415138,29.981422876864368,3.695072331949709,30.613962145372476,3.719727530118119,33.626815397030846,3.6857605354548215,29.314242276884872,3.6691439356351423,30.55669726928934,3.6967873776094904,28.981573274801733,3.6903165209750255,28.307280560226054,3.680675073604935,28.830184693164462,3.6938756675433497,-0.0025311452151171032,0.022000701799526734,0.0001768108717881134,0.00119666440635946,0.025851862574769235,-0.00811513208852821,-0.024731731908207433,0.0029117100661406603,-0.003559146568324234,-0.013200593938414773,1.1808630483200382,1.0520548941561891,4.378808501322698,-2.025309179114963,4.126435196399338,-1.3233511054329945,0.11051481916955197,-3.543406514952167,2.031180829974147,-1.3944576377751616,1
200,6.771284591887827,3.698043383758001,29.38766828428898,3.6778411665817003,31.46919625660599,3.673824433758462,31.354363373450095,3.7386877705581707,30.36505856079488,3.696801679543291,30.02175751640446,3.71873008233461,31.122134168051833,3.6658376121078375,26.516592893839647,3.7527538977592783,29.257450574771493,3.7178648925673428,26.706272283414307,3.694891195716896,31.20918468940501,3.7035276114685587,-0.005484227710557565,-0.02568644488685834,-0.029703177710096895,0.03516015908961201,-0.006725931925267492,0.01520247086605142,-0.03768999936072115,0.04922628629071957,0.014337281098784072,-0.008636415751662518,-0.26157480391363563,0.48618496211242146,1.372940496585727,-0.24890358457759731,-3.6050578806263864,1.8078918911669604,-4.040104375449694,0.2758772999697605,-1.601008276811747,2.378999996240548,1
201,17.555373065650848,3.702210706349479,30.090982952661506,3.68747369447634,31.116672846423413,3.7098812783795108,33.71329487312391,3.6429074667419123,29.03646805781305,3.682862962697444,30.648917208705033,3.677478920781779,26.39227441487527,3.69487318643255,25.216087591373952,3.6892390448301975,31.6895487515634,3.7159568755979153,29.98887941270386,3.662813264566799,32.35702537959685,3.6865697400853934,0.01564096626408551,0.0009039543909468151,0.023311538294117362,-0.04366227334348105,-0.0037067773879493338,-0.009090819303614328,0.00830344634715674,0.0026693047448040907,0.029387135512521922,-0.02375647551859439,0.7033146683725242,-0.3525234101825774,2.3589314996738118,-1.3285905029818288,0.6271596923005731,-4.729859753176562,-1.3005053024656945,2.432098176791907,3.282607129289552,1.1478406901918383,1
202,32.146044020781346,3.7048842180509354,29.830360650680515,3.6695774009661086,33.02022135986082,3.7030057726315357,30.7108638481875,3.7386388074951817,32.73247797993147,3.7257325162020707,32.146498801852,3.6878003075696295,28.906383820854742,3.692073672668632,28.480986677187104,3.677381994150115,28.55763088629709,3.682976737195006,26.5658761031159,3.661795761424271,30.06466046559115,3.6943867188353487,0.010497499215586625,-0.02480931786924012,0.008619053796186993,0.04425208865983299,0.03134579736672194,-0.006586411265719239,-0.0023130461667166813,-0.01700472468523362,-0.011409981640342792,-0.03259095741107787,-0.260622301980991,1.903548513437407,-3.0024310249364063,3.6960099221184173,1.4975815931469647,2.5141094059794717,3.264899085813152,-3.1319178652663098,-3.4230033095879584,-2.2923649140056988,1
203,5.408916572804735,3.7032858953074115,28.32787569579995,3.743924462843056,32.84899164249389,3.7098597291702893,29.81658795170975,3.698849644939891,28.22446097692292,3.721506868039138,31.995264153840488,3.704213369304062,29.426411528523463,3.704190684605256,31.519029774972214,3.678167496556818,29.416482735482926,3.7046769605157923,29.880347712940193,3.720708868328339,30.987120408668584,3.7089383979610053,-0.005652502653593849,0.034986064882050805,0.0009213312092839487,-0.01008875302111445,0.012568470078132776,-0.004725028656943131,-0.004747713355749195,-0.030770901404187256,-0.004261437445213012,0.011770470367333807,-1.5024849548805648,-0.17122971736692705,-0.8942758964777511,-4.508017003008547,-0.15123464801150988,0.5200277076687208,3.03804309778511,0.8588518491858359,3.3144716098242917,0.9224599430774347,1
204,19.4448670538404,3.739017036047359,27.358149387873397,3.705422140697941,25.75263396535034,3.718791588247104,30.579307396419516,3.681998915346715,30.09174288976913,3.668531004797956,31.558059735260258,3.675578450718239,27.779148501495115,3.6980573778168475,31.519845486094944,3.660117423130415,33.058608388973774,3.6798681916718046,30.52442946447371,3.6882727862805744,28.78012741110668,3.691565491475495,0.047451544571863735,0.013856649222445672,0.0272260967716087,-0.009566576128780202,-0.023034486677539157,-0.01598704075725621,0.0064918863413523376,-0.03144806834507996,-0.011697299803690608,-0.003292705194920753,-0.9697263079265532,-7.096357677143551,0.7627194447097665,1.8672819128462095,-0.4372044185802295,-1.6472630270283481,0.000815711122729823,3.6421256534908473,0.6440817515335162,-2.2069929975619047,1
205,7.884261996627897,3.730182620268091,28.030690430305476,3.7121121246526263,28.414953105769573,3.710172167464669,29.152802836543646,3.6913938136009072,27.2687651916197,3.6703188667015136,28.051756307567263,3.695830635789192,31.406855833574618,3.7241321630972783,27.385260435538072,3.6694566428682074,26.804255731010326,3.6788982126364664,28.73995004093221,3.7025253547246817,31.463911005019693,3.6985022601803634,0.03168036008772779,0.013609864472262867,0.011669907284305392,-0.007108446579456196,-0.028183393478849794,-0.002671624391171523,0.025629902916914915,-0.029045617312156047,-0.019604047543896996,0.004023094544318262,0.6725410424320799,2.662319140419232,-1.4265045598758697,-2.8229776981494297,-3.5063034276929947,3.6277073320795026,-4.134585050556872,-6.254352657963448,-1.784479423541498,2.683783593913013,1
206,8.061679134125136,3.677256424483949,26.557648349420553,3.6821434080536384,28.167716966837315,3.730658667410711,32.09334965456188,3.7006541551253753,31.520426992660234,3.7020337079089463,31.874133750204063,3.7021130765005212,28.821819554937196,3.7278925077642238,29.068609519762326,3.679095712753586,26.423869009923934,3.692072089596471,31.86386908463262,3.69662069586675,32.19330453753219,3.699054044546417,-0.021797620062467882,-0.016910636492778686,0.03160462286429411,0.0016001105789582581,0.0029796633625291946,0.0030590319541041744,0.028838463217806698,-0.019958331792830908,-0.006981954949945912,-0.0024333486796672688,-1.4730420808849232,-0.2472361389322586,2.9405468180182304,4.251661801040534,3.8223774426367996,-2.5850362786374212,1.683349084224254,-0.38038672108639204,3.1239190437004076,0.7293935325124998,1
207,49.431581254049,3.713627246531506,31.882363732839938,3.676926154373203,30.383795471746073,3.7150946659613564,33.89668528957963,3.7039884797197353,32.05021830516355,3.7094607656432044,28.692203223348848,3.6870885585592923,30.054626759702877,3.666778331688657,29.90525859491113,3.7100650412949903,26.835646473307747,3.658731936950411,28.119202167031293,3.6936529901551496,28.87847818604028,3.6935414170877507,0.020085829443755365,-0.01661526271454772,0.021553248873605657,0.010447062631984583,0.015919348555453627,-0.006452858528458449,-0.02676308539909389,0.016523624207239518,-0.034809480137339754,0.00011157306739884021,5.3247153834193846,2.216078504908758,1.8033356350177527,0.5297913125033133,-3.181930526855215,1.232807204765681,0.8366490751488023,0.4117774633838138,-3.744666917601325,-3.314826351491913,1
208,27.685977886329724,3.6769253441855145,32.07025783235346,3.6830974277834683,30.89112916255498,3.678007054119015,33.71795538888684,3.697840106996723,31.964357973533374,3.687940701996957,33.43681414529692,3.7063581676819135,25.01531374413987,3.7129886093240616,30.193352242280465,3.711635579194378,29.352134998095565,3.691797475096305,29.750040539371568,3.7056895125892897,28.39008115979172,3.6952279978967626,-0.018302653711248063,-0.012130570113294326,-0.01722094377774752,0.002612109099960236,-0.007287295899805812,0.011130169785150912,0.01776061142729901,0.016407581297615437,-0.003430522800457414,0.010461514692527096,0.18789409951352454,0.5073336908089061,-0.17872990069278671,-0.08586033163017248,4.744610921948073,-5.039313015563007,0.28809364736933674,2.5164885247878175,1.6308383723402748,-0.48839702624855974,1
209,18.169479395033353,3.678157575993029,28.666302566096874,3.702706766957846,30.395833334684152,3.7198889475101784,28.785055424759385,3.712920123742291,29.191276014619955,3.652566812782822,28.62744172848983,3.740841393058558,27.134657420520696,3.7059055988124174,30.291672940430768,3.68447001719014,31.170598873032677,3.703142558379819,31.029767192152743,3.703523796450054,31.63985050527047,3.7004123590877156,-0.022254783094686648,0.002294407870130577,0.019476588422462804,0.012507764654575482,-0.04784554630489346,0.04042903397084219,0.005493239724701837,-0.015942341897575485,0.0027301992921033857,0.0031114373623384317,-3.403955266256588,-0.4952958278708266,-4.932899964127458,-2.7730819589134192,-4.80937241680709,2.1193436763808258,0.09832069815030309,1.8184638749371125,1.279726652781175,3.24976934547875,1
210,10.062640873698427,3.6819460067155494,30.704580888332572,3.7189385693671415,28.256458623916846,3.672056953869037,28.916981999107517,3.724441305483924,29.8567062283767,3.7064175302236917,32.163443388790185,3.6967087806075467,29.08722707732505,3.715266683018678,29.254118959139728,3.7102265328832473,33.69670125853485,3.7266076337131615,29.791402977244548,3.7264212347670695,28.73053621946679,3.7079031230649044,-0.025957116349355047,0.011035446302237073,-0.03584616919586736,0.01653818241901961,-0.0014855928412127462,-0.011194342457357731,0.007363559953773358,0.002323409818342892,0.018704510648257067,0.018518111702165108,2.0382783222356977,-2.1393747107673065,0.1319265743481317,0.6654302137567463,3.5360016603003537,1.9525696568043536,-1.0375539812910404,2.526102385502174,-1.238364214908195,-2.9093142858036813,1
211,26.106122287304757,3.7040091926282748,28.198819294927876,3.712178107125093,27.73443009746451,3.705241336181735,30.700740432772676,3.6610087656449126,28.311351925633858,3.6929830113984705,30.204969284316416,3.6556330447989787,29.034344818386163,3.7273940221530837,26.437683171068734,3.6782789083576386,25.539063961751083,3.7251080721891983,30.453368496989196,3.718917392873683,28.87688450733875,3.6980751853351075,0.005934007293167287,0.014102921789985512,0.007166150846627417,-0.03706641969019486,-0.005092173936636968,-0.042442140536128825,0.0293188368179762,-0.019796276977468885,0.027032886854090776,0.020842207538575686,-2.5057615934046957,-0.5220285264523348,1.7837584336651595,-1.5453543027428438,-1.958474104473769,-0.05288225893888665,-2.8164357880709936,-8.157637296783768,0.6619655197446477,0.1463482878719624,1
212,41.956673916778044,3.690673920451102,27.452565198549102,3.669740864667995,30.670042591604204,3.7062171638158965,29.016524302418546,3.6684264959619406,29.028931922721004,3.6957499727061767,30.24809023685344,3.7235789679847335,28.748230938197032,3.711935172926037,30.191471667733126,3.659526920439757,28.813350220740134,3.7040090300868065,28.923077078754915,3.6936166017079484,31.985859538591058,3.692347511074839,-0.0016735906237372866,-0.022606646406844177,0.013869652741057337,-0.02392101511289857,0.0034024616313375056,0.031231456909894373,0.01958766185119787,-0.03282059063508225,0.011661519011967325,0.0012690906331092044,-0.7462540963787738,2.9356124941396935,-1.6842161303541303,0.7175799970871459,0.04312095253702353,-0.28611388018913075,3.7537884966643915,3.2742862589890507,-1.530291418234281,3.1089750312523066,1
213,20.732647946347498,3.6689697550188214,30.214888748681783,3.7132410366951696,30.77474296126598,3.7237719364617403,30.64637096491641,3.7369872428277278,32.567633719707125,3.716862106646465,32.58997116963391,3.7232567715507,31.088440704680693,3.6883996733469266,31.691605745125855,3.676871683665123,31.02812510484955,3.7170015866483515,29.07766053593076,3.708353615044788,31.51312934982628,3.707371540790581,-0.03840178577175957,0.005869495904588629,0.016400395671159362,0.029615702037146807,0.009490565855883926,0.01588523076011894,-0.01897186744365431,-0.030499857125457996,0.009630045857770497,0.0009820742542072658,2.762323550132681,0.10470036966177432,1.6298466624978651,3.538701796986121,2.341880932780473,2.3402097664836603,1.5001340773927296,2.214774884109417,0.1545834571758462,-0.47273018876477835,1
214,33.820127329696376,3.7039897059888585,29.078335320406474,3.6983810358751232,29.253140609967637,3.7015780566228913,30.007761233360814,3.6907725557050646,33.244349837739705,3.710409756895485,27.526959327306656,3.683641439806248,31.35101999535957,3.6893229014121594,30.943724676062015,3.686922401726958,28.234069203106447,3.7172789327453977,32.933746580309375,3.6997655299358163,31.078560901761353,3.6982062316714,0.0057834743174582925,0.00017480420372306682,0.0033718249514911314,-0.007433675966335596,0.012203525224084633,-0.014564791865152138,-0.008883330259240818,-0.011283829944442214,0.0190727010739975,0.0015592982644161424,-1.1365534282753096,-1.5216023512983412,-0.6386097315555972,0.67671611803258,-5.063011842327256,0.26257929067887886,-0.7478810690638404,-2.7940559017431035,3.856086044378614,-0.4345684480649261,1
215,18.925815940078206,3.656606451645486,31.315526352300747,3.6761162119781545,29.86093542751546,3.6808244308762648,27.62601322338851,3.6729498262111857,32.11562836164159,3.6683282322042485,28.821775734437747,3.708259978242756,28.128807402475147,3.6957186460454428,29.644164248391203,3.7075881079521023,28.174378161406974,3.7138094537224307,29.165139236021137,3.705312339863451,30.688107843126932,3.6885513678741524,-0.031944916228666465,-0.012435155895997863,-0.0077269369978876234,-0.015601541662966678,-0.020223135669903858,0.01970861036860372,0.00716727817129037,0.019036740077949865,0.025258085848278267,0.01676097198929849,2.237191031894273,0.6077948175478234,-2.381748009972302,-1.1287214760981144,1.2948164071310906,-3.222212592884425,-1.2995604276708121,-0.059691041699473146,-3.768607344288238,-0.3904530586344208,1
216,10.864419492755115,3.6771288108046902,32.43539628838283,3.710832913757012,30.50919953974184,3.72693286862869,32.18096944981528,3.674775762962954,32.39975096756137,3.739456215094362,27.818206820054463,3.7083035320464615,31.588602263954012,3.720677815781368,29.636216162973255,3.7293414327008665,30.27638127356803,3.719452352854155,30.254185497685594,3.6977892880598464,30.173940435150715,3.71046909926904,-0.033340288464349666,0.00036381448797229154,0.016463769359650104,-0.03569333630608584,0.028987115825322096,-0.002165567222578435,0.010208716512328131,0.018872333431826593,0.008983253585115314,-0.012679811209193481,1.119869936082086,0.6482641122263786,4.554956226426768,0.28412260591977656,-1.0035689143832833,3.4597948614788656,-0.007948085417947226,2.102003112161057,1.089046261664457,-0.5141674079762169,1
217,22.227502764579587,3.6791961256036823,32.78636251586981,3.7389039014855387,31.678698228463205,3.6635782786141102,31.74564870201127,3.688046646334903,28.067686553259165,3.707404237798835,29.841223151188593,3.7116862833287065,29.399068102558594,3.697990485588566,27.98879724862107,3.6988521859399692,30.720328367891533,3.7082110017065526,28.924708484440366,3.6953786104508466,31.310807659700473,3.698924775685171,-0.01972865008148883,0.039979125800367665,-0.035346497071060856,-0.010878129350268217,0.008479462113664127,0.012761507643535452,-0.0009342900966049505,-7.258974520185646e-05,0.009286226021381516,-0.0035461652343244943,0.35096622748697826,1.1694986887213652,-0.43532074780400976,-4.332064414302202,2.02301633113413,-2.189534161395418,-1.647418914352187,0.44394709432350155,-1.3294770132452278,1.136867224549757,1
218,34.35265007683008,3.732578764512872,29.211054613143958,3.667842103871419,30.639185299590007,3.6951143812044696,28.98679438344837,3.7086859215199075,28.301341028341184,3.6862732630613038,29.43048274301996,3.6831319690308595,29.002469625612736,3.704444712732611,29.102392397674436,3.701555198399822,32.33065483560432,3.700118763388303,29.49179309192889,3.7171737702293126,28.67418665544027,3.699691884795088,0.03288687971778392,-0.03184978092366908,-0.00457750359061837,0.008994036724819576,-0.013418621733784164,-0.01655991576422844,0.004752827937522852,0.0018633136047339072,0.00042687859321510757,0.017481885434224687,-3.5753079027258536,-1.0395129288731972,-2.7588543185629,0.23365447508201953,-0.4107404081686319,-0.3965984769458579,1.113595149053367,1.6103264677127882,0.5670846074885247,-2.6366210042602027,1
219,49.16225004085761,3.676460757744601,32.04303078556373,3.7364108781588365,31.837829709316658,3.6886721081757057,29.080686455454007,3.716632335723608,27.840315104437025,3.7041894016729557,28.77282478927441,3.6803093189903606,30.392481881333442,3.699880905815746,31.09157342706471,3.715680055586215,25.656857190479105,3.696234773298274,29.983773596776498,3.7238622589170207,30.31617845064637,3.7038332794083324,-0.027372521663731497,0.032577598750504144,-0.015161171232626725,0.01279905631527578,0.0003561222646233375,-0.02352396041797178,-0.0039523735925866,0.011846776177882656,-0.007598506110058523,0.020028979508688316,2.831976172419772,1.1986444097266507,0.09389207200563732,-0.46102592390415964,-0.6576579537455522,1.3900122557207055,1.9891810293902736,-6.673797645125216,0.49198050484760714,1.6419917952060992,1
220,41.72255407014456,3.7274956819794047,28.248552829000293,3.6936979932796263,32.29689191306745,3.7185296375021046,27.49308477354975,3.7045732605627344,30.04490082455532,3.734597707973669,29.468756356438924,3.670459702743712,32.07303116700887,3.676722845644804,28.87263467533671,3.736632445693168,30.83054515822655,3.6853346981302733,27.65756765324546,3.6866039328384828,34.5478820773544,3.703464790634798,0.024030891344606786,-0.009766797355171608,0.015064846867306692,0.0011084699279364507,0.031132917338871025,-0.03300508789108614,-0.02674194498999416,0.03316765505836994,-0.018130092504524686,-0.016860857796315187,-3.794477956563437,0.4590622037507899,-1.5876016819042569,2.2045857201182955,0.6959315671645143,1.6805492856754292,-2.2189387517280004,5.173687967747444,-2.3262059435310363,4.231703626708033,1
221,28.310690700883388,3.699667793153482,32.1921398149548,3.6978836248500464,30.85064261666022,3.6909272722481665,26.91012530664648,3.734524530912713,28.92138997107346,3.682253410822885,30.772765307696123,3.7154359235447134,31.675528443093178,3.7071250557741218,28.64153869361409,3.7252303850507107,24.17148802036612,3.6866562183044502,31.046446371474065,3.685340622017525,27.55935862011205,3.7025044836678815,-0.00283669051439972,-0.004620858817835138,-0.011577211419715017,0.03202004724483132,-0.02025107284499672,0.012931439876831874,0.004620572106240228,0.02272590138282915,-0.015848265363431313,-0.017163861650356438,3.943586985954507,-1.4462492964072275,-0.5829594669032687,-1.1235108534818607,1.3040089512571988,-0.39750272391569297,-0.2310959817226177,-6.6590571378604295,3.3888787182286038,-6.988523457242351,1
222,21.14341297442999,3.6998575277558334,30.563837576252624,3.703563481695389,29.654526349665993,3.755377846192552,30.73419168346772,3.6881305464852723,29.73280441334446,3.7349715182811707,34.431089232409526,3.6921853617118363,31.11347167767187,3.6953297508483023,27.850070744548365,3.752763505132412,30.249093604047708,3.696778192454767,28.400740351665924,3.6725125719140954,29.504572314994093,3.7091470302471627,-0.009289502491329316,-0.005583548551773898,0.04623081594538947,-0.02101648376189047,0.025824488034007942,-0.016961668535326435,-0.01381727939886046,0.043616474885249445,-0.012368837792395837,-0.03663445833306733,-1.628302238702176,-1.1961162669942276,3.8240663768212393,0.8114144422710012,3.658323924713404,-0.5620567654213069,-0.7914679490657264,6.0776055836815885,-2.6457060198081415,1.9452136948820424,1
223,33.03293198825217,3.729639215368731,31.30461230322046,3.6943356392210953,26.737329779165854,3.68868847264252,30.96052100281185,3.690573685576978,27.8897846490391,3.714368348469433,31.645565561668004,3.6968450603353706,28.074697976162046,3.6871666635973925,31.38553806369772,3.733307038352471,32.21166613258943,3.6828766031867652,31.72287305126561,3.70071132148066,30.502633296476205,3.7018512048231416,0.027788010545589437,-0.007515565602046248,-0.013162732180621362,-0.011277519246163603,0.01251714364629164,-0.005006144487770925,-0.014684541225749026,0.03145583352932935,-0.01897460163637632,-0.0011398833424816068,0.7407747269678353,-2.9171965705001384,0.2263293193441278,-1.8430197643053603,-2.7855236707415223,-3.0387737015098253,3.5354673191493546,1.9625725285417204,3.3221326995996847,0.9980609814821122,1
224,8.538201994539111,3.6765185173678208,29.411803052388734,3.684226561376973,30.54167303166791,3.7179508714060763,30.866945663284746,3.7226043954367496,28.98287549344864,3.686513140928562,29.032025767438242,3.6851222786934885,30.24732299030252,3.6869557302013902,27.007970885701145,3.667898100719121,31.91888106416618,3.674571776356519,32.57077055802854,3.675054147099397,28.74883872462392,3.6877415519586094,-0.01122303459078866,-0.0035149905816362903,0.030209319447466854,0.03486284347814017,-0.0012284110300475604,-0.0026192732651209027,-0.0007858217572191961,-0.019843451239488274,-0.013169775602090539,-0.012687404859212492,-1.892809250831725,3.804343252502054,-0.09357533952710284,1.093090844409538,-2.6135397942297622,2.1726250141404755,-4.377567177996575,-0.2927850684232496,0.8478975067629335,-1.7537945718522856,1
225,41.492083670267476,3.7115472705021335,30.162556844112398,3.697426811072959,29.924213836566338,3.7281386949178352,34.77674398574088,3.6903176301083036,32.36851329039234,3.7191053847441444,31.445653789971026,3.699225142100209,30.223598316406775,3.6878329847064135,32.01431440119334,3.7118506061463554,31.035989552782905,3.70819272237368,30.05240950554807,3.7071394551853385,29.39287134946817,3.706077670185737,0.005469600316396317,-0.008650859112778075,0.022061024732098033,-0.01576004007743359,0.013027714558407233,-0.0068525280855280535,-0.018244685479323675,0.005772935960618231,0.002115052187942723,0.0010617849996013007,0.750753791723664,-0.6174591951015707,3.9097983224561332,3.385637796943705,2.4136280225327837,-0.02372467389574595,5.006343515492194,-0.8828915113832743,-2.518361052480472,0.6440326248442503,1
226,25.680333987748483,3.684202313816662,27.83185903019154,3.699961887340225,30.715445538944483,3.700697337655583,30.04420549969971,3.739937004373777,31.11284341091708,3.6982375231798663,30.38670555919663,3.7317701458870727,28.69779420597186,3.7081345493892224,31.536667984580628,3.6807623027558813,28.75120343949284,3.702694149362056,23.80065895443346,3.697629825565702,30.257305895908434,3.7044027039326037,-0.02020039011594177,-0.004440816592378827,-0.003705366277020783,0.03553430044117345,-0.00616518075273742,0.02736744195446894,0.003731845456618643,-0.023640401176722392,-0.001708554570547527,-0.006772878366901658,-2.3306978139208567,0.7912317023781448,-4.732538486041168,-1.2556698794752634,-1.0589482307743943,-1.5258041104349154,-0.47764641661271057,-2.284786113290064,-6.251750551114611,0.8644345464402647,1
227,38.90640224509163,3.702772903674202,27.00548470964271,3.678277474016372,32.56187915333346,3.6826347807680335,28.66915540374108,3.7019562658618663,31.44380697087628,3.7220786709340383,27.46000280521225,3.6948743835149687,31.337680261092437,3.695281669413758,31.343889215628995,3.6918622951099125,30.768404144011793,3.6893048665831136,28.011142956400416,3.7058994291141767,30.499096379196153,3.6964942738990443,0.006278629775157807,-0.01821679988267233,-0.013859493131010758,0.005461991962822044,0.025584397034994044,-0.0016198903840756174,-0.0012126044852864837,-0.0046319787891317965,-0.0071894073159306515,0.00940515521513241,-0.8263743205488296,1.8464336143889746,-1.3750500959586311,0.33096355995920135,-2.926702753984383,2.639886055120577,-0.1927787689516336,2.0172007045189524,4.210484001966957,0.24179048328771913,1
228,24.23938349118704,3.7099362501427184,32.15706709212589,3.6831803720202694,29.344525699464,3.6919150880160556,23.44997873217309,3.7053092531899146,28.36414581282907,3.727213520722154,32.41736402167061,3.7005310670759894,29.932470437204692,3.7004571501969026,29.3217394581442,3.714750257872457,32.33356998640642,3.7010074379334603,29.79735016754021,3.712710603996658,25.814933588501688,3.704701100116658,0.005235150026060342,-0.02152072809638872,-0.012786012100602484,0.0006081530732564566,0.022512420605496075,-0.0041700330406686525,-0.004243949919755519,0.010049157755799065,-0.0036936621831977767,0.00800950387999988,5.151582382483181,-3.217353453869457,-5.21917667156799,-3.0796611580472124,4.957361216458359,-1.4052098238877448,-2.0221497574847938,1.5651658423946238,1.7862072111397929,-4.684162790694465,1
229,30.774762938169907,3.7146191795275243,30.97236958312388,3.6869868034526325,26.101256489355155,3.6581939420229372,25.8992850854316,3.696594835064082,31.478360989403136,3.694687908794278,31.014040544270713,3.692002435226633,29.885209269851927,3.6977071832898725,27.209102990489857,3.7052853654329128,28.58417811865185,3.696997660974924,29.47450650462699,3.6747198766410527,26.808212062851773,3.6917795190426856,0.022839660484838653,-0.00479271559005312,-0.0335855770197484,0.004815316021396399,0.002908389751592466,0.00022291618394731927,0.005927664247186826,0.013505846390227116,0.005218141932238574,-0.017059642401632935,-1.1846975090020138,-3.2432692101088456,2.4493063532585104,3.114215176574067,-1.4033234773998942,-0.0472611673527652,-2.112636467654344,-3.749391867754568,-0.3228436629132183,0.9932784743500847,1
230,39.178406692262485,3.713245003713915,29.316846735563285,3.6813938860429114,31.73438612383788,3.6988611908255042,28.120594803495695,3.69327323292731,32.315106383350624,3.6864925352239344,29.942394610651156,3.723106008230434,27.342994941969753,3.67222245980734,31.360430911805647,3.706001136510226,29.602300512964696,3.69289756689019,26.584324147720913,3.7082964896407176,30.66493616751774,3.697578950981248,0.01566605273266708,-0.016185064938336602,0.0012822398442562388,-0.00430571805393809,-0.011086415757313617,0.025527057249186136,-0.025356491173908147,0.008422185528977888,-0.004681384091057783,0.010717538659469561,-1.6555228475605936,5.633129634482724,2.221309718064095,0.8367453939474885,-1.071645933619557,-2.5422143278821743,4.15132792131579,1.0181223943128472,-2.8901823569060774,3.856724104665968,1
231,36.60794244862694,3.7173754500118155,28.3872461417639,3.676273271457803,30.151389880010186,3.711757117762755,31.371179492596834,3.7123947756940576,29.716702827979745,3.66177366216675,32.332741091338505,3.701859584930588,31.06195132392818,3.690630077732794,25.64357736053714,3.684824694841293,28.941066072985983,3.7270170466139803,28.876315801296602,3.686926417187252,30.958721906858845,3.6970832098399087,0.020292240171906784,-0.020809938382105653,0.014673907922846396,0.015311565854148945,-0.03530954767315864,0.004776375090679519,-0.006453132107114623,-0.012258514998615855,0.029933836774071576,-0.010156792652656677,-0.9296005937993854,-1.5829962438276937,3.2505846891011387,-2.5984035553708793,2.3903464806873487,3.718956381958428,-5.716853551268507,-0.6612344399787133,2.291991653575689,0.29378573934110364,1
232,28.051725374431722,3.746760228084127,27.906925307028796,3.695280601699078,28.342167131987587,3.702205350371693,27.269718646286396,3.71233522186346,28.578939841347584,3.68726989274701,24.85295151260372,3.701138528417416,29.385799588624348,3.6864561952469344,28.93151945607415,3.708311014829485,30.30182192725014,3.6944795470288887,30.08921544886858,3.7053743705460938,32.51415953696214,3.703961095083419,0.04279913300070781,-0.00868049338434096,-0.001755744711725793,0.008374126780041014,-0.016691202336409194,-0.0028225666660031123,-0.017504899836484622,0.004349919746065911,-0.009481548054530275,0.001413275462674779,-0.4803208347351031,-1.8092227480225986,-4.101460846310438,-1.1377629866321612,-7.479789578734785,-1.6761517353038329,3.2879420955370087,1.3607558542641556,1.2128996475719767,1.5554376301032953,1
233,28.715343106169016,3.6751091499983057,28.295226467851794,3.7046573617485383,30.95073122138402,3.6878398771412537,31.264908433284603,3.679710405465852,29.05164364979207,3.6731985585775213,28.45645608521425,3.7086443338151853,33.21904133155195,3.6863723952986085,30.454991751464107,3.7193565204805044,31.271935501423474,3.719875644290609,28.355847976344144,3.727478287704229,27.561431066955613,3.698224253452061,-0.023115103453755115,0.006433108296477474,-0.01038437631080713,-0.01851384798620881,-0.02502569487453954,0.010420080363124473,-0.011851858153452355,0.021132267028443508,0.021651390838548057,0.029254034252168104,0.3883011608229978,2.6085640893964346,3.995189786998207,0.4727038084444857,3.603504572610529,3.8332417429276013,1.5234722953899578,0.970113574173336,-1.733367472524435,-4.952728470006527,1
234,23.101718615759392,3.699897908488695,30.761905671386828,3.6868517241257823,29.110104739075663,3.6949169129466033,28.197009786211687,3.6806653416371113,31.20674634589464,3.7241786427940515,28.376156681784014,3.686770145121437,29.450975400902152,3.691360012436584,28.207739064054973,3.707557665351665,30.606874372499647,3.6724677140335467,32.664152385433546,3.670989004535026,26.27792014133577,3.6915655071470495,0.008332401341645479,-0.004713783021267126,0.0033514057995538415,-0.010900165509938109,0.03261313564700208,-0.00479536202561226,-0.00020549471046527046,0.015992158204615414,-0.019097793113502792,-0.020576502612023262,2.4666792035350333,-1.840626482308359,-3.0678986470729157,2.1551026961025705,-0.08029940343023512,-3.7680659306497972,-2.2472526874091336,-0.6650611289238277,4.308304409089402,-1.2835109256198436,1
235,46.01038172973839,3.6745616199777458,30.89478787413795,3.7042279313494135,28.997531784419575,3.7212531458157505,29.102914326944276,3.6924873266846894,30.47710990754748,3.7270222817997345,27.418877156107563,3.7258549057903645,29.713482169271614,3.7332746566428696,32.19309423646051,3.706104862530627,25.617492297669436,3.7117478339961205,33.06896420358903,3.728283745766622,32.24474843740632,3.7124818310353938,-0.03792021105764798,-0.008253899685980226,0.008771314780356754,-0.01999450435070438,0.01454045076434074,0.013373074754970737,0.020792825607475862,-0.006376968504766545,-0.0007339970392732376,0.015801914731228273,0.13288220275112295,-0.11257295465608763,0.905904540732589,-0.7296364383471605,-0.9572795256764515,0.2625067683694624,3.985355172405537,-4.9893820748302105,0.40481181815548695,5.9668282960705525,1
236,42.6331090896107,3.69265364706663,34.41105913653083,3.6944922008236385,32.398673561856505,3.696322614003668,27.481868748138506,3.703764665454023,31.574033139281784,3.7077833962044693,32.047552603241634,3.7000141725536104,29.193124602757283,3.6941880304531374,30.977854479278058,3.6881176873902404,29.08739393495476,3.6721470248443353,33.05785798962748,3.7256675833009334,30.73074184443063,3.6975151022094686,-0.004861455142838533,-0.003022901385830057,-0.0011924882058007569,0.006249563244554501,0.010268293995000732,0.002499070344141874,-0.003327071756331179,-0.009397414819228178,-0.025368077365133246,0.028152481091464843,3.5162712623928805,3.40114177743693,-1.62104557880577,1.096923231734305,4.628675447134071,-0.5203575665143312,-1.2152397571824523,3.469901637285325,-0.01110621396155409,-1.5140065929756936,1
237,37.112331481856216,3.706537108012209,28.688624561077113,3.6722140253957805,29.528577510286663,3.6960860293770623,28.121073516028034,3.7212017947981737,32.23848983512819,3.6989695414295074,29.41108848482393,3.710061807372475,32.90551109025237,3.6936250336950773,33.05749570108182,3.679403763029163,29.837908070556512,3.697533118719078,27.9831025349053,3.7061809488606534,25.828204244533325,3.6981813170689186,0.008355790943290309,-0.02596729167313816,-0.0020952876918562957,0.023020477729255084,0.0007882243605887851,0.011880490303556535,-0.004556283373841286,-0.01877755403975545,-0.0006481983498405341,0.007999631791734796,-5.722434575453718,-2.870096051569842,0.6392047678895274,0.6644566958464075,-2.6364641184177025,3.7123864874950847,2.0796412218037617,0.7505141356017511,-5.07475545472218,-4.902537599897304,1
238,21.928571094632996,3.7087813711178037,33.7158575201165,3.6551026645221456,31.941609705074406,3.689786027729805,30.16821297577698,3.7228172643122153,29.32958549348116,3.74086051603698,36.02942341860442,3.7058049313133408,31.253189599991792,3.681470659635178,28.66249657284491,3.6807974252270346,29.550754152817046,3.7028981593866184,28.2450905199938,3.705619266423302,25.19090094829922,3.699393828570443,0.009387542547360628,-0.04429116404829747,-0.00960780084063817,0.02342343574177219,0.04146668746653681,0.00641110274289769,-0.01792316893526502,-0.018596403343408507,0.003504330816175294,0.006225437852859006,5.027232959039388,2.4130321947877427,2.047139459748948,-2.9089043416470304,6.618334933780492,-1.6523214902605758,-4.394999128236911,-0.28715391773946664,0.2619879850884992,-0.637303296234105,1
239,7.3719405434047545,3.71422821158931,32.09696530210118,3.762258204020877,30.975549642168676,3.7161607237880414,28.531533356057924,3.68303868803939,29.716940725324307,3.691524806359546,33.19664361528206,3.690931717832323,31.46709562701173,3.6640871365474,30.017567309796295,3.6933981961659716,29.52463336607803,3.714656581636435,30.15321814090332,3.674515357618464,28.976472884115392,3.7004799623597764,0.013748249229533549,0.0617782416611008,0.015680761428265022,-0.017441274320386224,-0.008955156000230335,-0.009548244527453509,-0.03639282581237646,-0.007081766193804739,0.014176619276658808,-0.025964604741312236,-1.6188922180153185,-0.9660600629057292,-1.6366796197190574,0.387355231843145,-2.83277980332236,0.213906027019938,1.3550707369513866,-0.02612078673901408,1.9081276209095215,3.785571935816172,1
240,46.43468823362339,3.7008556580424865,26.34762830116658,3.7098836042856163,32.094703484906105,3.7133341212171724,30.02796363193865,3.6987476836277415,27.47590195356733,3.690516378858437,30.98213208689071,3.7037840660694847,31.977308958733037,3.668120725403534,31.016971112294748,3.695793560089923,29.62257974301483,3.650568801833715,30.464973236838734,3.66648416433127,31.802993066285463,3.6898088763759382,0.011046781666548267,0.020074727909678014,0.023525244841234194,0.008938807251803293,0.0007075024824989562,0.013975189693546497,-0.021688150972404063,0.005984683713984751,-0.039240074542223446,-0.02332471204466824,-5.749337000934602,1.119153842737429,1.4964302758807264,-2.241038771756976,-2.214511528391352,0.5102133317213067,0.9994038024984526,0.09794637693679675,0.31175509593541406,2.8265201821700714,1
241,28.852355264557136,3.7437018979007224,25.851027297967377,3.6862656931399345,29.95593027199146,3.732477699856223,32.24372300958851,3.707663363795178,29.62664207537311,3.709981916322755,31.45812729000473,3.6661545833671334,30.702330935254167,3.6965922846922363,30.683320463905254,3.683743528193269,29.457370043863406,3.7165611762978665,27.56683839172858,3.7214216100080564,27.756939705149946,3.7064563753573374,0.03724552254338498,-0.020190682217402944,0.026021324498885612,0.001206988437840728,0.003525540965417573,-0.040301791990204006,-0.009864090665101077,-0.022712847164068517,0.010104800940529124,0.014965234650718973,-0.49660100319920275,-2.1387732129146464,2.2157593776498565,2.1507401218057787,0.47599520311401733,-1.2749780234788695,-0.33365064838949365,-0.16520969915142203,-2.898134845110153,-4.046053361135517,1
242,28.043985951439875,3.7187996163618564,28.614269753055975,3.692209144108337,29.89108172107887,3.674592410575832,29.12558510610423,3.69122132055312,26.748436803849632,3.6619586070290713,28.455170017978823,3.6750022137752194,31.77908246233805,3.702858992202308,33.17658830410989,3.7045342337268115,31.30255008823738,3.7061287766851034,33.08739552198483,3.70006419735527,30.170777220269915,3.6927369512372925,0.0260626651245639,-0.0005278071289556152,-0.01814454066146043,-0.0015156306841723755,-0.03077834420822123,-0.017734737462073102,0.010122040965015344,0.011797282489518945,0.013391825447810923,0.007327246117977637,2.763242455088598,-0.06484855091258979,-3.1181379034842784,-2.878205271523477,-3.002957272025906,1.076751527083882,2.4932678402046378,1.845180044373972,5.52055713025625,2.413837515119969,1
243,30.296513922241324,3.6801282096881196,26.358479444395968,3.702718491344367,28.58845303380927,3.7016893357277993,27.216083238096537,3.6786149101248986,33.40820415611824,3.7191259000418273,29.76978061215352,3.7464934661170566,29.30816134190566,3.6996598785103236,31.778307649575613,3.7101004217654756,27.756497794288222,3.7016903695163066,28.466271923990895,3.6857283066018565,30.13614453849724,3.702594928943803,-0.022466719255683554,0.00012356240056377032,-0.0009055932160038083,-0.023980018818904547,0.01653097109802415,0.04389853717325343,-0.0029350504334795247,0.007505492821672455,-0.0009045594274965651,-0.01686662234194669,-2.255790308660007,-1.3026286872695998,-1.9095018680076912,6.659767352268606,1.3146105941746988,-2.47092112043239,-1.398280654534279,-3.546052293949156,-4.621123597993936,-0.03463268177267409,1
244,47.03148460087877,3.7141225709821866,34.67825790313782,3.7238149223205053,29.331823682449333,3.709666496545056,31.290075710897995,3.7212238855255317,29.97517356094881,3.7006499972577576,27.53277315192819,3.7161118766999035,26.202953939870856,3.7015083548522494,31.498027910148263,3.679501438668285,33.09868185354212,3.7049344277739724,28.530392585579282,3.68009406612419,26.68661496088082,3.705162803674965,0.0089597673072217,0.018652118645540394,0.004503692870091225,0.016061081850566872,-0.004512806417207305,0.010949073024938638,-0.0036544488227154837,-0.025661365006679926,-0.0002283759009924502,-0.025068737550774767,8.319778458741851,0.7433706486400631,4.073992472801457,-3.433030595169427,-2.237007460225332,-3.1052074020348037,-0.28027973942734974,5.342184059253896,0.0641206615883867,-3.4495295776164205,1
245,14.79649094857546,3.6948475902897804,30.785268231301934,3.698607330933998,30.907171047018437,3.713783289141487,26.835553666507046,3.6863273143542723,30.10045539833136,3.694525414956665,30.959015096003217,3.6997145929410125,31.4578823891409,3.702991959150376,28.61529845153241,3.7019565434941586,28.68192145022271,3.708720115504452,28.851798649432805,3.716876790192835,31.072827799782686,3.701835094095904,-0.006987503806123563,-0.0032277631619059832,0.011948195045583088,-0.015507779741631644,-0.007309679139238856,-0.0021205011548914854,0.0011568650544719894,0.00012144939825464718,0.006885021408547853,0.015041696096930846,-3.8929896718358847,1.5753473645691045,-4.454522044390949,0.1252818373825484,3.426241944075027,5.254928449270043,-2.8827294586158523,-4.416760403319408,0.321406063853523,4.386212838901866,1
246,7.999692342048775,3.691502018215944,29.921527052602514,3.7211604477623164,26.490422515755228,3.703832639241348,30.239318609037866,3.723970652542424,28.325063967746935,3.7159611974670472,27.664696435767148,3.676466563418599,30.018281351645264,3.6979573388351863,26.138294121493985,3.719798980799371,28.651419414830237,3.67555647869698,35.102348505005295,3.7083942164071737,31.300444786813888,3.703460053338639,-0.011958035122694888,0.017700394423677324,0.000372585902709055,0.020510599203785063,0.012501144128408193,-0.026993489920040137,-0.005502714503452744,0.016338927460731956,-0.027903574641658935,0.004934163068534669,-0.8637411786994207,-4.4167485312632095,3.4037649425308203,-1.775391430584424,-3.294318660236069,-1.4396010374956347,-2.477004330038426,-0.030502035392473204,6.2505498555724905,0.22761698703120103,1
247,5.382301037324428,3.7158920076589044,31.09936637258052,3.7194724449885572,33.60286019853297,3.689928607621846,27.396824034393337,3.6969877197074017,26.29396303420486,3.6846775833877867,29.750226229299866,3.6774387489038465,30.031395591915516,3.706197895587613,30.437318613514595,3.674528289028068,29.10735896953131,3.691707461988563,29.598721402349135,3.6800965208020155,30.735020821081203,3.6936927279674605,0.022199279691443863,0.025779717021096715,-0.0037641203456146854,0.0032949917399411888,-0.009015144579673784,-0.016253979063614032,0.012505167620152413,-0.019164438939392348,-0.001985265978897477,-0.013596207165444962,1.1778393199780055,7.112437682777745,-2.8424945746445296,-2.031100933542074,2.085529793532718,0.013114240270251543,4.29902449202061,0.45593955470107517,-5.503627102656161,-0.565423965732684,1
248,21.67211466767814,3.7198350069089314,30.871329132914003,3.7035814106291443,31.24015999689267,3.7050885291485347,28.82818807863765,3.687564612943336,29.302471070600717,3.683961815911001,30.527806234437517,3.650900529174521,29.688901062741348,3.6954394394043026,32.000258671507964,3.7287765275890847,34.87448515184844,3.682194911599027,26.58167288961909,3.669551706114665,32.45951026111596,3.692689448942255,0.027145557966676392,0.010891961686889218,0.012399080206279667,-0.005124835998918886,-0.008727633031254012,-0.04178891976773391,0.0027499904620476023,0.036087078646829696,-0.010494537343228139,-0.023137742827589847,-0.22803723966651646,-2.362700201640301,1.4313640442443116,3.008508036395856,0.7775800051376507,-0.3424945291741679,1.5629400579933694,5.767126182317128,-3.017048512730046,1.7244894400347555,1
249,41.319815914378076,3.6794826378806107,28.972198746702315,3.7012466269923827,27.60209720401225,3.702143398305192,33.56955007837019,3.6784297451727084,30.026900729238587,3.69649410940192,29.550293888410295,3.707986352034383,28.142415837095083,3.7072078679003617,35.87131580465556,3.7100857570676857,27.853343935554207,3.705819294602749,29.142304148787854,3.6898598268145992,30.831673672572123,3.697875561617259,-0.01839292373664847,0.0033710653751235498,0.004267836687932736,-0.01944581644455079,-0.0013814522153392517,0.010110790417123816,0.009332306283102554,0.012210195450426564,0.007943732985489671,-0.008015734802659935,-1.899130386211688,-3.6380627928804223,4.741361999732543,0.7244296586378702,-0.9775123460272219,-1.546485225646265,3.8710571331475947,-7.021141216294232,2.5606312591687654,-1.6278365885438362,1
250,41.35241533219801,3.710629793762933,28.407346709340967,3.7366964028917344,30.33562648935158,3.685298540327453,33.162927446966656,3.7333402541071417,29.38068037562862,3.7079712813178403,89.94649750885172,3.682611345039263,32.91265694395917,3.74424781275182,29.399346308391518,3.707832804797779,31.02055262233824,3.713529573375461,31.754701013479394,3.694612957905465,29.606438102246035,3.7116770766276885,-0.0010472828647554167,0.025019326264045905,-0.026378536300235567,0.021663177479453122,-0.00370579530984827,-0.029065731588425514,0.03257073612413164,-0.0038442718299096512,0.0018524967477726584,-0.017064118722223576,-0.5648520373613479,2.73352928533933,-0.40662263140353616,-0.6462203536099658,60.396203620441426,4.770241106864088,-6.471969496264041,3.167208686784033,2.61239686469154,-1.2252355703260882,1
251,45.33155224122105,3.7163874653627884,26.7459901582665,3.70847778964888,34.04518046113896,3.680684347342721,32.50508146205846,3.689228526534068,28.44196115696003,3.6906648237609714,30.544842793307218,3.6703403113603517,30.83493017964259,3.6836463520678975,32.38217170954695,3.677323392863873,28.362789946679843,3.6917504197622413,32.184213567964854,3.685226050033409,28.90418939158613,3.68937294787372,0.027014517489068357,0.01910484177515981,-0.008688600530998958,-0.00014442133965220094,0.0012918758872513258,-0.019032636513368395,-0.005726595805822576,-0.012049555009847168,0.002377471888521221,-0.00414689784031097,-1.6613565510744657,3.7095539717873827,-0.6578459849081923,-0.9387192186685915,-59.4016547155445,-2.07772676431658,2.9828254011554343,-2.6577626756583967,0.4295125544854592,-0.7022487106599051,1
252,16.085671125903584,3.7072205029028553,31.219658155326986,3.719362053275531,25.84073343550592,3.7072197216507417,31.354417042700366,3.667776610736516,27.84089917672114,3.742288296686176,30.55398904085425,3.7075033802811697,32.714680933492346,3.7102934310877647,31.645434749000877,3.692463246410069,32.448763340235125,3.7222635658660144,32.24169688729562,3.6781378487879977,28.951434514180242,3.7054528657684833,0.001767637134372002,0.013909187507047616,0.0017668558822583336,-0.037676255031967365,0.03683543091769259,0.002050514512686341,0.0048405653192813425,-0.012989619358414473,0.01681070009753105,-0.027315016980485662,4.473667997060485,-8.20444702563304,-1.1506644193580975,-0.6010619802388888,0.00914624754703297,1.8797507538497555,-0.7367369605460752,4.085973393555282,0.057483319330764004,0.04724512259411284,1
253,18.26156164484876,3.7314746843311024,29.58266325755907,3.709133760214608,29.374663108535284,3.670076823736707,31.715797650582687,3.681635756669804,31.107139062135587,3.726454889337703,29.48539999876442,3.696617546287144,32.16422462598628,3.7015914706988435,29.741931769740432,3.7151764883232725,28.296675651331213,3.7139264572416066,28.48205860219331,3.7055759962477093,28.042518327380467,3.70516638730885,0.026308297022252347,0.003967372905758104,-0.03508956357214288,-0.023530630639045924,0.021288502028852907,-0.008548841021706277,-0.003574916610006529,0.010010101014422457,0.008760069932756576,0.00040960893885921834,-1.6369948977679165,3.5339296730293626,0.36138060788232096,3.2662398854144463,-1.0685890420898296,-0.5504563075060673,-1.9035029792604448,-4.1520876889039116,-3.7596382851023087,-0.9089161867997753,1
254,39.752040057687765,3.7381459567285313,30.350349898618006,3.671278169749299,28.069447320800887,3.6947964930040884,29.856833056795004,3.6868714007277177,32.26315690307905,3.6963963833725426,26.78095803383804,3.7274294956428187,28.605381698601946,3.6803108900707184,26.368916740949327,3.6909745893814097,31.073951393887484,3.713090115054463,32.45094109062894,3.701863175598353,29.633180025415914,3.7001156669329935,0.0380302897955378,-0.028837497183694438,-0.00531917392890513,-0.013244266205275856,-0.0037192835604509256,0.027313828709825128,-0.01980477686227511,-0.009141077551583887,0.012974448121469528,0.001747508665359554,0.7676866410589369,-1.3052157877343973,-1.8589645937876824,1.1560178409434627,-2.7044419649263816,-3.558842927384333,-3.373015028791105,2.77727574255627,3.9688824884356286,1.590661698035447,1
255,30.754183353353444,3.6845651837080644,29.341021399564028,3.690040763063643,33.34971934582813,3.689749317787069,29.450395390494624,3.6839694481979093,25.59751305309816,3.6930562700977547,26.0022221862775,3.7154160443997597,30.068059172693363,3.678923290092713,31.227541711579818,3.708556287903058,30.750911715254507,3.6659619553996334,30.33514021160198,3.688773240071156,32.324519195011334,3.689901180072076,-0.005335996364011386,0.0001395829915673552,-0.00015186228500674304,-0.005931731874166513,0.0031550900256789305,0.025514864327683906,-0.010977889979362665,0.01865510783098223,-0.02393922467244236,-0.0011279400009196472,-1.0093284990539786,5.280272025027241,-0.4064376663003806,-6.6656438499808885,-0.7787358475605402,1.462677474091418,4.8586249706304905,-0.323039678632977,-2.1158008790269562,2.6913391695954196,1
256,42.164970189206656,3.6834178163873195,25.15169876592539,3.6679049002417807,27.410589638628903,3.6930239369025406,31.285313463709752,3.66083649142234,31.60851254589489,3.687430285873785,26.32244656404201,3.694147387593396,28.37056363753174,3.6862016804394218,32.14393073519825,3.7008354731472983,28.5639223731897,3.695277919781616,29.777018425749777,3.6934462691734247,32.88361065803181,3.6862522160962925,-0.0028343997089730344,-0.01834731585451177,0.006771720806248105,-0.02541572467395259,0.0011780697774925741,0.007895171497103615,-5.0535656870742685e-05,0.014583257051005827,0.009025703685323627,0.007194053077132168,-4.189322633638639,-5.939129707199225,1.8349180732151282,6.010999492796728,0.32022437776451085,-1.6974955351616252,0.9163890236184358,-2.1869893420648054,-0.5581217858522045,0.5590914630204793,1
257,10.889651234910918,3.708632632592752,31.684594654027805,3.714793509362357,30.04639195711475,3.7514399063498995,32.702031504974,3.6550113509159847,26.97494206940225,3.7121747117824886,27.338589737338147,3.6888573885485556,25.644064535610624,3.6882716970222247,28.601170919753425,3.6876045574349225,30.323397053409504,3.6818246065838407,30.20571715586467,3.7336904966920694,30.29868382211976,3.7022300857285098,0.006402546864242353,0.012563423633847215,0.04920982062138979,-0.04721873481252503,0.009944626053978833,-0.013372697179954152,-0.013958388706285074,-0.014625528293587209,-0.02040547914466906,0.03146041096355967,6.532895888102416,2.6358023184858475,1.4167180412642502,-4.63357047649264,1.0161431732961361,-2.7264991019211138,-3.5427598154448283,1.7594746802198031,0.4286987301148919,-2.5849268359120536,1
258,5.8730560528196945,3.721842059220387,30.611128768714103,3.6704707271675643,27.492390345799983,3.709130046703356,30.007949913034366,3.694988792627626,31.184955968241432,3.687418865372832,30.41611006364811,3.703934846475314,28.553737403965485,3.7012451971265867,31.817624822699937,3.683750696326359,29.184057043797495,3.6828452223842603,27.331678481990018,3.668521715760112,29.432544991093444,3.6924148169164397,0.02942724230394722,-0.021944089748875406,0.016715229786916197,0.002573975711186449,-0.004995951543607546,0.011520029558874434,0.008830380210147037,-0.008664120590080593,-0.009569594532179426,-0.02389310115632748,-1.073465885313702,-2.554001611314767,-2.6940815919396357,4.210013898839183,3.077520326309962,2.9096728683548605,3.216453902946512,-1.1393400096120097,-2.874038673874651,-0.8661388310263156,1
259,13.599753021101522,3.684716264267243,31.851950201429233,3.717523478633862,29.817848279293944,3.685811376853431,29.64480801048252,3.7128919086483037,31.311784275575164,3.6923509520466142,31.927813868151723,3.6604807340021677,29.959802496460696,3.6885937186442708,28.45759940090142,3.6764178357127433,26.45206076777574,3.700678054473647,28.62790048592964,3.6761918452865103,28.765575506704078,3.6895656168568793,-0.004849352589636258,0.02795786177698245,-0.0037542400034484835,0.023326291791424314,0.0027853351897348944,-0.02908488285471167,-0.0009718982126085685,-0.013147781144136061,0.011112437616767501,-0.013373771570369009,1.24082143271513,2.3254579334939613,-0.3631419025518454,0.12682830733373152,1.5117038045036146,1.4060650924952114,-3.360025421798518,-2.7319962760217535,1.2962220039396222,-0.6669694843893659,1
260,6.700302796805585,3.6737165848179036,30.430441465900437,3.7158669864737215,31.533102708675543,3.7083714577198235,31.360767476847343,3.7071907188703577,29.72417749657704,3.6479130612957062,33.99847939266701,3.689490831715862,32.27995022900102,3.686047670987819,29.796883592654897,3.6809189109179083,29.035455579596967,3.691696494376726,32.67605432556384,3.677475235858279,32.015161365525465,3.687868795303411,-0.01415221048550741,0.027998191170310438,0.02050266241641241,0.01932192356694662,-0.0399557340077048,0.0016220364124510667,-0.0018211243155921153,-0.006949884385502703,0.0038276990733150384,-0.010393559445132095,-1.4215087355287963,1.7152544293815986,1.715959466364822,-1.5876067789981256,2.0706655245152845,2.3201477325403204,1.3392841917534781,2.5833948118212255,4.0481538396342,3.249585858821387,1
261,33.71629561323212,3.6874269138985087,30.58707505993728,3.6944497276227954,30.498835375370085,3.679273815052525,29.346653504981912,3.6959307771783942,30.24950419932787,3.6992682005131416,33.03088961670449,3.7131929999616475,30.76346833792502,3.7218036694204093,29.25326314999383,3.685038078707567,28.999604365808008,3.6606534987154804,29.66029528464454,3.699575104414475,33.27347992366128,3.6936612785484955,-0.006234364649986723,0.0007884490742999795,-0.014387463495970643,0.0022694986298987807,0.005606921964646183,0.01953172141315207,0.028142390871913836,-0.008623199840928297,-0.03300777983301506,0.0059138258659796605,0.15663359403684396,-1.0342673333054577,-2.014113971865431,0.5253267027508315,-0.9675897759625158,-1.5164818910759976,-0.5436204426610658,-0.03585121378895906,-3.015759040919299,1.2583185581358123,1
262,25.10474714778231,3.7123937784322423,32.81446002276727,3.6573832400528827,27.582818951515314,3.7236836203273445,27.1774899896606,3.7207231452227703,29.726406190485317,3.7008219276386645,28.7475508087271,3.7119586206845723,30.28989848041092,3.7105754935671778,32.415988079720776,3.697662537432676,25.508659123455008,3.6725222176482286,33.16254390323831,3.719345459501234,29.18666311624616,3.7027070040507795,0.009686774381462815,-0.04532376399789673,0.020976616276564997,0.018016141171990796,-0.0018850764121149943,0.009251616633792814,0.007868489516398292,-0.005044466618103538,-0.030184786402550845,0.016638455450454614,2.2273849628299907,-2.916016423854771,-2.169163515321312,-0.5230980088425525,-4.28333880797739,-0.4735698575141001,3.162724929726945,-3.490945242353,3.502248618593768,-4.0868168074151185,1
263,42.25662295453906,3.7033080732059944,31.27521162446242,3.6723596486261516,30.517539610487844,3.6903276572088917,32.39106277617342,3.7168356154956803,26.96206043837337,3.67897559940435,31.00916362895478,3.649364613674984,31.253076726673886,3.6954578798443816,27.52087542783952,3.6971648489194493,26.99425878263522,3.7027112683282946,28.508115747048798,3.714570372870291,28.676917114969417,3.692107557757847,0.011200515448147375,-0.01974790913169544,-0.001779900548955382,0.024728057737833264,-0.013131958353497009,-0.042742944082863055,0.0033503220865345185,0.005057291161602251,0.010603710570447511,0.022462815112443746,-1.5392483983048528,2.9347206589725303,5.21357278651282,-2.7643457521119466,2.261612820227679,0.9631782462629666,-4.895112651881256,1.4855996591802132,-4.6544281561895104,-0.5097460012767421,1
264,16.271732603739355,3.6875772382237524,30.922849665917038,3.717248045775178,32.6018830260634,3.700384119360074,28.844771564270193,3.6722074065828894,29.983275777751878,3.6923357032608277,29.942896030928637,3.710834752952324,30.237358168135383,3.695607099689325,30.88103921276183,3.6871064809767304,28.162061757890445,3.706624385574771,31.29466537102696,3.732363849788782,26.744228122089567,3.7002289082184654,-0.01265166999471301,0.017019137556712582,0.00015521114160854665,-0.02802150163557604,-0.007893204957637678,0.010605844733858394,-0.004621808529140292,-0.013122427241734957,0.006395477356305523,0.03213494157031649,-0.3523619585453801,2.084343415575553,-3.5462912119032275,3.0212153393785073,-1.066267598026144,-1.0157185585385022,3.3601637849223103,1.1678029752552241,2.7865496239781606,-1.93268899287985,1
265,31.404555853006606,3.72447897506292,29.65474173141833,3.696047590644081,31.2773542797606,3.6926951804502033,29.872852921627757,3.666576604550119,27.098144217777552,3.740717470703636,30.151152745340077,3.7093795615629697,32.097728283750726,3.6901608619026107,29.94156718829203,3.7265611377797394,31.550230243178174,3.6805447096648,27.908941028651896,3.708132440684454,29.947478413460296,3.703529453300553,0.020949521762366974,-0.007481862656472327,-0.01083427285034988,-0.03695284875043425,0.037188017403082974,0.005850108262416498,-0.013368591397942442,0.023031684479186243,-0.02298474363575309,0.004602987383900636,-1.2681079344987083,-1.3245287463027964,1.0280813573575642,-2.885131559974326,0.20825671441144067,1.8603701156153427,-0.9394720244698007,3.3881684852877285,-3.385724342375063,3.203250291370729,1
266,41.11953098684989,3.7079644190284062,29.04429520792965,3.6949569306831287,27.75452674926264,3.7403615476543566,33.95147173614529,3.704610742556566,27.832529260119667,3.691061045448347,30.013928446883874,3.7067472613269374,28.394383930102485,3.691426504062374,30.59407894175975,3.70185860468228,27.451229731062163,3.6756503962552833,31.6807136478711,3.699828295962808,34.07231237271768,3.7014465747660488,0.006517844262357464,-0.006489644082920076,0.03891497288830781,0.003164167790517425,-0.01038552931770198,0.005300686560888668,-0.010020070703674833,0.00041202991623112695,-0.025796178510765433,-0.0016182788032406137,-0.6104465234886796,-3.5228275304979597,4.0786188145175295,0.7343850423421152,-0.13722429845620354,-3.703344353648241,0.6525117534677207,-4.09900051211601,3.771772619219206,4.124833959257387,1
267,38.22329797152384,3.7233501964597293,32.249865090606484,3.6855207053906445,26.514456052237918,3.6871131946595606,30.818877061284503,3.6452171958772506,29.44665645656171,3.723722909480846,30.22678878393338,3.730806479596398,30.917988003348583,3.688936455093055,29.623595122454358,3.6949209658720554,29.79282629318844,3.684922757726181,29.572249664890723,3.70765307102955,31.94063240357656,3.6972163931185262,0.026133803341203077,-0.011695687727881765,-0.010103198458965679,-0.05199919724127566,0.026506516362319932,0.03359008647787176,-0.008279938025471445,-0.0022954272464708048,-0.01229363539234507,0.01043667791102365,3.2055698826768335,-1.2400706970247235,-3.1325946748607834,1.6141271964420412,0.2128603370495057,2.523604073246098,-0.9704838193053931,2.341596562126277,-2.1084639829803784,-2.1316799691411212,1
268,37.41500161246969,3.6966202700369033,29.53994938417199,3.715372961759364,31.940202188025307,3.7015352590066146,28.446927310917257,3.6723115369128316,29.93489955382457,3.7036759874598686,28.12710789670198,3.6917122041606953,27.632314717896662,3.7171399248983255,29.830281910021295,3.703024366879903,30.347602329754675,3.701890153060948,33.98772587846519,3.679034976725619,29.089079232307583,3.6982317640901075,-0.0016114940532041544,0.01714119766925659,0.003303494916507166,-0.025920227177275823,0.005444223369761136,-0.006519559929412111,0.018908160808218,0.0047926027897955414,0.003658388970840587,-0.019196787364488266,-2.7099157064344936,5.425746135787389,-2.3719497503672464,0.4882430972628633,-2.0996808872314006,-3.285673285451921,0.20668678756693737,0.5547760365662349,4.415476213574468,-2.8515531712689786,1
269,12.298251758354482,3.734318152622654,28.43480280516282,3.6980494923250875,31.41406471922157,3.7065562214714824,34.16942584246203,3.7190495631390563,27.98417660914359,3.6837821212759954,29.32048198470495,3.707336280865709,30.463214948336184,3.685190197873357,31.572812423991632,3.7172964887698203,28.88090742942106,3.703028060959035,24.33393941971452,3.705969036279629,32.71837898832805,3.7060575615581826,0.02826059106447154,-0.00800806923309505,0.0004986599132998926,0.012992001580873769,-0.022275440282187198,0.0012787193075265435,-0.020867363684825335,0.011238927211637773,-0.0030295005991476387,-8.852527855340853e-05,-1.105146579009169,-0.5261374688037357,5.722498531544776,-1.950722944680983,1.1933740880029724,2.8309002304395214,1.7425305139703369,-1.4666949003336143,-9.653786458750673,3.6292997560204654,1
270,19.149534761513245,3.731981090309574,29.450795346959122,3.711263968069346,31.74636628155721,3.7354521333662842,29.21815388095052,3.675563858136731,30.48426631134805,3.7214439343187697,30.498740565455304,3.720244488469077,29.97571317772247,3.6663654292934234,28.58963595194914,3.6940899542093386,31.317627949767797,3.6978694178961184,26.82593247694802,3.667608879424652,30.017176277016365,3.702188315349332,0.029792774960241797,0.009075652720014205,0.03326381801695222,-0.026624457212601094,0.019255618969437727,0.018056173119744834,-0.035822886055908665,-0.008098361139993404,-0.004318897453213566,-0.034579435924679824,1.015992541796301,0.33230156233564045,-4.951271961511512,2.5000897022044626,1.1782585807503523,-0.487501770613715,-2.9831764720424907,2.4367205203467357,2.4919930572335005,-2.7012027113116837,1
271,23.430241726812916,3.7138784646638254,30.35924454526385,3.714331786795193,32.69029524090483,3.665394745390313,30.719477950253577,3.7266777149100117,29.002732208423097,3.7499483025283973,28.097631259224087,3.700920127734727,29.31635635950773,3.6871777147955074,27.98614527810971,3.756486611820061,30.095650639569367,3.67362063003395,28.871607640279027,3.700402129337382,27.0119244134205,3.7088838228009373,0.004994641862888116,0.005447963994255733,-0.043489077410624244,0.01779389210907434,0.04106447972745997,-0.00796369506621053,-0.021706108005429936,0.04760278901912374,-0.035263192766987306,-0.008481693463555207,0.9084491983047265,0.9439289593476197,1.501324069303056,-1.4815341029249538,-2.4011093062312163,-0.6593568182147393,-0.6034906738394312,-1.2219773101984295,2.0456751633310084,-3.0052518635958663,1
272,22.24240108516066,3.6957786266022965,28.913053785492913,3.728475081506146,29.246866757017976,3.6892888584060244,31.258350182101406,3.6848513845049444,29.37024933587384,3.6763742638665438,29.675435105665173,3.7006107298999074,29.94930545049915,3.7235851866922025,28.81834377818505,3.740053655328172,29.850041481844897,3.705707987534434,25.961187742418396,3.7027998748527287,31.097671766036925,3.70475256491934,-0.008973938317043295,0.02372251658680602,-0.015463706513315412,-0.01990118041439537,-0.02837830105279604,-0.004141835019432438,0.018832621772862712,0.035301090408832,0.0009554226150942924,-0.0019526900666111402,-1.4461907597709356,-3.443428483886855,0.5388722318478294,0.3675171274507427,1.5778038464410855,0.6329490909914206,0.8321985000753394,-0.2456091577244699,-2.9104198978606313,4.085747352616426,1
273,26.304572011732194,3.7194745246170475,30.90099144755607,3.7059759556064353,29.476483419557812,3.6845308831193315,31.111882903291683,3.737974699627105,26.19011109197872,3.7017403296078477,29.13225307404162,3.6792771285604964,33.44431019561639,3.7171347484294093,28.465865089199397,3.7079609643301854,28.792323405013626,3.7078915997096846,29.10407732310005,3.6914848879069684,27.570387728222713,3.705344572151451,0.014129952465596674,0.0006313834549844799,-0.02081368903211933,0.03263012747565419,-0.0036042425436031422,-0.026067443590954475,0.01179017627795842,0.00261639217873455,0.002547027558233772,-0.013859684244482473,1.9879376620631568,0.22961666253983637,-0.1464672788097232,-3.1801382438951187,-0.5431820316235516,3.495004745117239,-0.35247868898565216,-1.0577180768312715,3.142889580681654,-3.527284037814212,1
274,26.818643287224663,3.6726385178293603,32.586598990482514,3.677870508877722,33.8999500819922,3.702035021015433,27.50851509953266,3.7066681802478545,31.045020140421023,3.6988788886811963,36.17977921537277,3.6923481323422527,30.560411082100387,3.6924179650330253,30.230885272328553,3.71432091498081,29.888532120212773,3.7042563969376614,30.980363034981483,3.693321088073893,31.509798333099766,3.6954755614019215,-0.02283704357256111,-0.017605052524199305,0.006559459613511454,0.011192618845933033,0.003403327279274837,-0.003127429059668785,-0.0030575963688961316,0.018845353578888613,0.00878083553573994,-0.002154473328028317,1.6856075429264443,4.4234666624343895,-3.603367803759024,4.854909048442302,7.047526141331147,-2.8838991135160015,1.765020183129156,1.0962087151991469,1.8762857118814331,3.939410604877054,1
275,8.50972398842341,3.699642100459833,28.96266656075758,3.6804719990267243,31.70640309010311,3.6990949139607134,30.058861183355106,3.675337973899703,31.033288891871933,3.7278194471600283,28.03734812696507,3.672880593102801,27.190366112144986,3.6960842945806287,30.214415924080267,3.6791545682390554,29.362307289010538,3.711408423467216,31.25286934490789,3.69337137257437,29.840183094674902,3.693526568647107,0.0061155318127261715,-0.013054569620382761,0.005568345313606393,-0.018188594747404085,0.03429287851292129,-0.02064597554430625,0.0025577259335216596,-0.014372000408051644,0.017881854820108956,-0.0001551960727370627,-3.6239324297249347,-2.193546991889093,2.550346083822447,-0.011731248549089912,-8.142431088407697,-3.3700449699554014,-0.016469348248286053,-0.5262248312022351,0.27250630992640623,-1.6696152384248641,1
276,16.06998831380578,3.66883854528293,25.631014529896383,3.7566699122378857,30.54705754228353,3.692187269384973,31.69828521186438,3.703668931524363,27.45096178538526,3.6885040716479107,31.357485203437488,3.687667328802891,30.102770821248644,3.6843034019313476,33.19685291071568,3.712025159240873,28.28958723537782,3.671784006127459,35.63197180744546,3.7072821708848536,25.218435691349526,3.6972930797065486,-0.02845453442361867,0.059376832531337076,-0.005105810321575532,0.006375851817814304,-0.008789008058637915,-0.009625750903657693,-0.012989677775200992,0.014732079534324427,-0.025509073579089492,0.009989091178304932,-3.3316520308611963,-1.15934554781958,1.639424028509275,-3.582327106486673,3.3201370764724167,2.912404709103658,2.9824369866354097,-1.0727200536327182,4.3791024625375705,-4.621747403325376,1
277,17.049844157185287,3.667489119328759,30.590465150081208,3.649868568589266,29.523532649888764,3.7059492410623567,29.17896303454054,3.7027899559229493,33.63779706440065,3.6943032612451563,32.354369926368676,3.697876118199205,30.27349329479846,3.761965988681425,25.391576128112067,3.6948364972393715,29.27798155349486,3.7102024872250015,35.406055128810166,3.6870127036077225,29.538676666720583,3.6972293941101215,-0.02974027478136243,-0.04736082552085552,0.008719846952235155,0.0055605618128278245,-0.0029261328649652363,0.0006467240890835058,0.06473659457130365,-0.002392896870750061,0.01297309311487993,-0.01021669050239904,4.959450620184825,-1.0235248923947644,-2.51932217732384,6.186835279015391,0.9968847229311883,0.17072247354981585,-7.80527678260361,0.9883943181170416,-0.22591667863529352,4.320240975371057,1
278,13.508494420025698,3.705843945897667,29.716758033978945,3.7134503939668204,28.31418887135138,3.6843798211290366,33.66840407171255,3.705197664698386,31.19679601524084,3.6810827338420737,28.701379249259222,3.705199159872874,29.440569421359253,3.701064243942071,33.72251474796106,3.683582799596742,28.10744873653994,3.7311636726152537,26.471103655538883,3.6658872809967527,30.582013724927627,3.6976851716557677,0.00815877424189937,0.015765222311052707,-0.013305350526731097,0.007512493042618473,-0.01660243781369397,0.007513988217106249,0.0033790722863034084,-0.014102372059025647,0.03347850095948601,-0.03179789065901506,-0.8737071161022634,-1.2093437785373844,4.489441037172011,-2.441001049159812,-3.652990677109454,-0.8329238734392064,8.33093861984899,-1.1705328169549212,-8.934951473271283,1.0433370582070438,1
279,7.772359338161117,3.6779363123753384,27.012980443493714,3.716411070057758,25.75210483459867,3.7036861812815625,31.441993905811273,3.691599445454117,28.909627510547356,3.661906506130691,35.85454018494666,3.728888243901102,28.011289868738253,3.675446400710879,28.157097953142156,3.688174439812606,28.869214059429197,3.7071668902215205,30.486269310276978,3.6760688414276665,29.05959332242938,3.6927284331373236,-0.014792120761985217,0.023682636920434597,0.010957748144238888,-0.0011289876832067947,-0.030821927006632777,0.03615981076377839,-0.017282032426444438,-0.00455399332471762,0.014438457084196887,-0.01665959170965703,-2.703777590485231,-2.5620840367527116,-2.226410165901278,-2.287168504693483,7.153160935687435,-1.4292795526210007,-5.565416794818901,0.7617653228892571,4.0151656547380945,-1.5224204024982484,1
280,13.830542675953502,3.681863845479463,27.24954976407559,3.731446125123716,29.64203311721662,3.681980599631475,29.682697633061977,3.6507604058822016,30.435159072685924,3.6842230150051742,28.5003035792348,3.6947739977886225,28.146011226650874,3.7216470774632464,30.669788883504584,3.6748317033887017,28.208008293660427,3.6752270774577185,27.28006161976165,3.71921155807418,32.45559997570337,3.6915965405294493,-0.009732695049986084,0.039849584594266574,-0.009615940897974351,-0.04083613464724767,-0.00737352552427506,0.0031774572591731776,0.030050536933797112,-0.016764837140747613,-0.016369463071730816,0.027615017544730502,0.23656932058187508,3.8899282826179515,-1.759296272749296,1.5255315621385677,-7.354236605711858,0.1347213579126212,2.512690930362428,-0.66120576576877,-3.2062076905153276,3.396006653273993,1
281,36.857652201553506,3.6676439877236935,28.525240193004084,3.707615561427301,28.33163030253475,3.6836518373117135,25.467895811701435,3.706425829415148,29.298443588796893,3.6519266279779896,29.544560770328495,3.7278491188296616,31.43098619353897,3.7134458681608082,27.20184314363105,3.66999046901674,26.95942641551878,3.6704244575230747,30.901925269552954,3.7334453180819507,32.01346014245413,3.6932419075468075,-0.02559791982311399,0.01437365388049372,-0.00959007023509395,0.013183921868340498,-0.041315279568817864,0.034607211282854156,0.02020396061400076,-0.023251438530067503,-0.02281745002373281,0.0402034105351432,1.2756904289284954,-1.3104028146818685,-4.214801821360542,-1.1367154838890308,1.0442571910936955,3.2849749668880968,-3.467945739873535,-1.2485818781416462,3.6218636497913046,-0.442139833249243,1
282,32.637598264350174,3.7204489654571185,24.872092064040224,3.6893313650676505,29.80429845956975,3.6500430576086544,28.430247507284747,3.7062599260906968,33.54538332179983,3.741831527395571,30.202066975965593,3.6992921984365235,30.939157793796785,3.660203689624017,29.761827713007882,3.686502430071398,30.187466606347705,3.6963253345046643,26.69540142327571,3.678040228651604,27.91966738955742,3.6928278722907897,0.02762109316632877,-0.0034965072231392114,-0.04278481468213524,0.013432053799907084,0.04900365510478144,0.006464326145733779,-0.03262418266677258,-0.006325442219391686,0.0034974622138745914,-0.01478764363918561,-3.65314812896386,1.4726681570349989,2.962351695583312,4.2469397330029395,0.6575062056370982,-0.49182839974218595,2.5599845693768337,3.2280401908289242,-4.206523846277243,-4.093792752896707,1
283,30.62670746614663,3.712917808405518,32.361979810611345,3.678019104968903,30.806549126074344,3.725045673239133,28.06659621859468,3.703225990853254,28.40787172455873,3.712882475357002,30.205834781046473,3.7016397762764948,25.37191186799979,3.66495245809718,33.34688377124597,3.6827854167320933,30.883493472755113,3.7134477867522278,32.45406919409774,3.703333116347197,26.83879211838166,3.6998249607028995,0.013092847702618648,-0.021805855733996626,0.02522071253623359,0.0034010301503544227,0.013057514654102764,0.0018148155735953075,-0.03487250260571928,-0.017039543970806204,0.013622826049328296,0.003508155644297517,7.489887746571121,1.0022506665045938,-0.36365128869006824,-5.137511597241101,0.003767805080880038,-5.567245925796996,3.585056058238088,0.6960268664074079,5.758667770822029,-1.0808752711757599,1
284,31.341894025593035,3.741759873650202,27.802690073755834,3.714154297657323,26.565646660275434,3.6930029651244376,27.52667406662987,3.695947664647914,29.14658726453842,3.694158493967869,30.26865620053575,3.6919248926564197,28.70339934531123,3.724798736145772,31.406130293482203,3.7000144181387196,28.944629611166082,3.719428437296324,30.51391487636789,3.71353033109562,30.235163361323774,3.7088720110380597,0.03288786261214227,0.005282286619263221,-0.01586904591362215,-0.012924346390145836,-0.01471351707019064,-0.01694711838164009,0.015926725107712425,-0.008857592899340183,0.010556426258264473,0.004658320057560061,-4.559289736855511,-4.240902465798911,-0.5399221519648094,0.7387155399796903,0.06282141948927844,3.331487477311441,-1.9407534777637672,-1.9388638615890308,-1.9401543177298528,3.396371242942113,1
285,23.40172560905024,3.6910869939394004,30.67591110829005,3.7410763738017323,28.815518310374372,3.6837490845975607,31.9514267553385,3.7421059485891663,30.00151101490919,3.7006977589417884,31.371715637216838,3.6724897822086255,25.692538852417076,3.727361587009772,30.893963434019703,3.7025180277678995,28.72282834970994,3.717022481967605,33.30661927435706,3.724477118370852,31.24617469577819,3.7102585157194397,-0.019171521780039225,0.03081785808229265,-0.02650943112187898,0.03184743286972669,-0.009560756777651225,-0.03776873351081411,0.017103071290332394,-0.007740487951540143,0.006763966248165332,0.014218602651412393,2.873221034534218,2.249871650098939,4.4247526887086295,0.8549237503707694,1.103059436681086,-3.010860492894153,-0.5121668594625,-0.2218012614561431,2.792704397989173,1.011011334454416,1
286,46.24893962122623,3.7202689151976753,31.877447232476317,3.7242473623580383,27.553722371181152,3.7018855858722857,30.61390150022505,3.679272702317358,27.526002197275876,3.683387568389107,29.430175304245072,3.735242553261582,31.2803392722461,3.7033097878624512,27.949332218935094,3.734923075591021,31.118674649055343,3.7099720963697447,27.003262029068328,3.715074712743569,32.28663964792314,3.7107584359962837,0.009510479201391586,0.013488926361754583,-0.008872850123998077,-0.0314857336789256,-0.027370867607176663,0.02448411726529809,-0.007448648133832503,0.02416463959473747,-0.0007863396265390676,0.004316276747285297,1.2015361241862657,-1.2617959391932203,-1.337525255113448,-2.4755088176333153,-1.9415403329717655,5.587800419829023,-2.944631215084609,2.395846299345404,-6.303357245288733,1.0404649521449478,1
287,14.504371636457826,3.681158796328515,30.399220836805565,3.6890400836251773,32.18835909504295,3.6957169937857763,30.95800628678552,3.716743089726628,28.277380840605783,3.693576819225886,34.35712434798332,3.6682874858646084,30.388666926676468,3.7228013569299034,29.70531954675699,3.6832581973276994,31.92785084611114,3.698825591457908,30.498901891860143,3.7089307301388144,30.798456385878655,3.695833914441091,-0.014675118112576158,-0.006793830815913893,-0.00011692065531487827,0.02090917528553682,-0.0022570952152052293,-0.027546428576482818,0.02696744248881222,-0.012575717113391782,0.002991677016816574,0.013096815697723141,-1.4782263956707524,4.634636723861796,0.34410478656046806,0.7513786433299074,4.926949043738251,-0.8916723455696314,1.7559873278218951,0.8091761970557982,3.4956398627918155,-1.4881832620444833,1
288,26.987221664509313,3.667288419463675,28.55239251129666,3.719358910262819,28.975409707478057,3.6977841704862446,30.302462144333685,3.6941702115749333,33.92617176936301,3.6889420813261258,28.76808761297316,3.703073480411284,27.95253829250566,3.6991294106699066,28.571007817393806,3.691705952265461,30.306689535204228,3.6859468450976673,31.177270919592544,3.6618933909509814,31.456690426139087,3.69092928725091,-0.023640867787234843,0.02842962301190921,0.0068548832353347855,0.003240924324023453,-0.0019872059247840745,0.012144193160374073,0.008200123418996785,0.0007766650145510923,-0.004982442153242506,-0.02903589629992842,-1.8468283255089055,-3.2129493875648905,-0.6555441424518342,5.648790928757226,-5.589036735010161,-2.4361286341708066,-1.1343117293631835,-1.6211613109069134,0.6783690277324013,0.6582340402604316,1
289,38.89908193456657,3.7190817020431326,32.754361873009124,3.7243696042974337,32.04007301380418,3.7440402784931925,29.273736706365845,3.692878159027619,31.70880400224144,3.702191431601557,30.682431684984067,3.6916712313350395,33.00054921800198,3.700039536895116,30.149019187653547,3.7306574671127266,32.051264227745165,3.6730997103213867,35.28402382098524,3.6827790065566886,31.196198310094932,3.706080812768389,0.013000889274743521,0.018288791529044612,0.037959465724803465,-0.01320265374077012,-0.0038893811668319067,-0.014409581433349583,-0.0060412758732728555,0.024576654344337534,-0.032981102447002364,-0.023301806211700526,4.2019693617124645,3.064663306326125,-1.0287254379678394,-2.2173677671215692,1.9143440720109055,5.0480109254963175,1.5780113702597411,1.7445746925409367,4.106752901392696,-0.2604921160441549,1
290,38.71919098140955,3.7464200799212364,31.325125099759838,3.71206956083336,30.28261024820962,3.681841085729548,28.331142532964705,3.6992145338609688,33.4738858860386,3.7152334437259,27.85588387631392,3.7165190831124013,32.604681489707524,3.677494702203847,31.47764656690073,3.6781293542708067,32.560664607743455,3.693173803075803,29.111133414154168,3.710690872269124,29.714691603821592,3.7030786519002996,0.04334142802093677,0.008990908933060204,-0.021237566170751787,-0.003864118039330844,0.01215479182560042,0.0134404312121017,-0.025583949696452724,-0.02494929762949294,-0.009904848824496604,0.007612220368824474,-1.4292367732492863,-1.7574627655945605,-0.9425941734011403,1.765081883797162,-2.8265478086701457,-0.39586772829445493,1.3286273792471839,0.50940037999829,-6.172890406831073,-1.4815067062733398,1
291,6.397559421582002,3.730972785900481,31.490721448155753,3.7064043315589768,30.18704699287722,3.724425898913703,29.674592596861817,3.702679167611605,28.25761393998474,3.6980977670459847,30.14430647364352,3.693339247618925,31.476474461632325,3.6937921801724487,27.71332201783228,3.6690439688738197,30.174947507361477,3.705285095272147,30.466085903058968,3.699193321795719,28.563870432763473,3.702323376476381,0.028649409424100103,0.004080955082595761,0.022102522437322136,0.00035579113522388184,-0.004225609430396293,-0.008984128857456142,-0.008531196303932287,-0.03327940760256132,0.0029617187957660107,-0.0031300546806618534,0.16559634839591553,-0.09556325533240084,1.3434500638971123,-5.216271946053862,2.2884225973295997,-1.1282070280751988,-3.7643245490684514,-2.385717100381978,1.3549524889048001,-1.1508211710581193,1
292,46.157740453183614,3.712491646186345,28.26230784336314,3.677979338282327,32.127547967571154,3.7036021093493083,28.092221823173375,3.685373507861028,30.906509002571543,3.7101995383448068,28.476248742056484,3.685472813840457,30.77093955006705,3.693104451092822,26.93042534180972,3.6625605818895393,29.093634048740885,3.6765350862010466,28.30757342942453,3.707097476058721,31.76646515061796,3.6914416549106397,0.02104999127570517,-0.013462316628312543,0.012160454438668644,-0.006068147049611561,0.018757883434167066,-0.0059688410701825845,0.0016627961821824577,-0.028881073021100434,-0.01490656870959306,0.015655821148081284,-3.228413604792614,1.9405009746939328,-1.5823707736884423,2.648895062586803,-1.6680577315870373,-0.7055349115652731,-0.7828966760225597,-1.081313458620592,-2.1585124736344383,3.2025947178544882,1
293,44.67727878779283,3.697710552564023,30.603921800343528,3.7029551181480027,28.905184954466254,3.6847635065668234,33.737206438326005,3.7042073422708177,30.069615080999665,3.7306066912870883,28.395601183929642,3.684438104283346,27.705680977976577,3.7234362028654773,32.17980991818166,3.729961952669756,28.857632051831626,3.683676900219439,30.087657598920856,3.6708989078981893,31.91160549022496,3.701265527877297,-0.003554975313273978,0.0016895902707059207,-0.016502021310473403,0.002941814393520925,0.029341163409791537,-0.01682742359395073,0.022170674988180483,0.02869642479245904,-0.017588627657857625,-0.0303666199791075,2.341613956980389,-3.2223630131049,5.64498461515263,-0.8368939215718783,-0.08064755812684155,-3.0652585720904746,5.249384576371941,-0.23600199690925905,1.7800841694963268,0.1451403396069999,1
294,25.49757628486491,3.6572177175113834,28.565215672681138,3.697081251277734,29.310826928530734,3.7265523090321064,30.632136284803263,3.7441836793337737,28.867970834526457,3.6927390027262286,29.12083944887552,3.6713410183276585,31.28255803882115,3.725810964515359,27.035171717882253,3.7173031310024056,29.24812856017284,3.6902201542084305,26.6481179618018,3.687685250835816,30.216824946705803,3.7010134478770893,-0.04379573036570594,-0.0039321965993552865,0.025538861155017134,0.043170231456684416,-0.008274445150860732,-0.029672429549430834,0.0247975166382699,0.016289683125316312,-0.010793293668658777,-0.013328197041273082,-2.0387061276623903,0.4056419740644799,-3.1050701535227425,-1.201644246473208,0.725238264945876,3.5768770608445735,-5.144638200299408,0.3904965083412151,-3.439539637119058,-1.6947805435191583,1
295,47.32417854963264,3.70286853133715,28.232002286507118,3.7174304877217588,30.264994286991293,3.6749760172673267,29.237021170351813,3.669349634463407,27.35901311318994,3.7315887578338973,30.674964149452798,3.6877648072099083,29.473384386244167,3.7227189569188766,29.685950343110584,3.6969200466960435,27.579678113171685,3.6967609036611737,33.18280073552561,3.708768253989933,31.753428372772234,3.7009146397099473,0.0019538916272026086,0.016515848011811496,-0.025938622442620574,-0.031565005246540156,0.030674118123950045,-0.013149832500038983,0.02180431720892928,-0.003994593013903813,-0.00415373604877356,0.007853614279985877,-0.33321338617401963,0.954167358460559,-1.3951151144514498,-1.5089577213365182,1.5541247005772796,-1.809173652576984,2.6507786252283303,-1.668450447001156,6.534682773723812,1.5366034260664314,1
296,22.238121637692803,3.703898144105248,31.962767984550066,3.721060000545975,31.33883238237377,3.685458009196481,29.919494203158344,3.6979672830454193,26.216571222057002,3.726312637243765,26.408017037180567,3.697103182465284,26.833388820745768,3.7224610639505293,28.979115586466897,3.7077453460086907,29.245764252613103,3.6792074184316217,27.049177197811954,3.6996736557530796,32.04502558739203,3.7040886740746095,-0.00019052996936164135,0.016971326471365344,-0.018630664878128478,-0.006121391029190182,0.022223963169155425,-0.006985491609325489,0.018372389875919826,0.003656671934081146,-0.02488125564298782,-0.004415018321529907,3.7307656980429478,1.0738380953824773,0.6824730328065307,-1.1424418911329361,-4.266947112272231,-2.639995565498399,-0.706834756643687,1.6660861394414184,-6.133623537713657,0.2915972146197987,1
297,48.79151201421089,3.688954774957748,31.967704687212294,3.678057127007424,30.251773061153315,3.745838225336374,29.046897153561517,3.737349240083227,27.390821112399056,3.6767586835948745,28.212809972561757,3.7316423350260717,26.717239768795807,3.692010690190543,30.02444709683034,3.7025837494666343,27.60666881543121,3.698734520802062,29.468878974962916,3.6868050271749206,32.74020370722074,3.7038734373639883,-0.01491866240624029,-0.025816310356564287,0.041964787972385675,0.03347580271923878,-0.027114753769113875,0.027768897662083347,-0.011862747173445154,-0.0012896878973540638,-0.005138916561926443,-0.017068410189067684,0.004936702662227788,-1.0870593212204547,-0.8725970495968269,1.174249890342054,1.8047929353811902,-0.11614905194996084,1.045331510363443,-1.6390954371818935,2.419701777150962,0.6951781198287108,1
298,27.07761091541896,3.709335104096772,32.08769088434534,3.715800308179564,29.957309395655173,3.665999604643796,32.039553054376576,3.6986605528055496,25.262617586295683,3.7038601638066413,31.58330841218705,3.719292035146074,27.762467674372306,3.6855046308350907,33.534048988791724,3.682492792778304,27.871510576133552,3.6908700540306327,28.294475669532712,3.725688741055548,31.124847460262355,3.6997503987377973,0.009584705358974599,0.01604990944176654,-0.03375079409400117,-0.0010898459322477017,0.0041097650688439735,0.019541636408276553,-0.014245767902706596,-0.017257605959493105,-0.008880344707164589,0.025938342317750607,0.11998619713304848,-0.2944636654981423,2.992655900815059,-2.1282035261033734,3.370498439625294,1.0452279055764997,3.5096018919613847,0.26484176070234255,-1.1744033054302037,-1.6153562469583882,1
299,8.581466631741911,3.6879018647214368,29.22735504910565,3.7099557661883558,25.589411254488187,3.710748240056408,32.77952826789271,3.7128460247002235,27.309580658382796,3.6661148820800986,27.993122193000993,3.7201321308206525,29.337295401824303,3.6886060207414855,32.83282358340058,3.692843441331175,31.546479973331518,3.7527576350452043,29.68432498031948,3.7060374676144203,30.61658412727764,3.7047943473299463,-0.016892482608509507,0.005161418858409483,0.005953892726461518,0.008051677370277233,-0.03867946524984767,0.015337783490706247,-0.01618832658846081,-0.011950905998771244,0.04796328771525804,0.0012431202844740419,-2.8603358352396917,-4.367898141166986,0.7399752135161322,2.046963072087113,-3.5901862191860587,1.5748277274519964,-0.701225405391142,3.674969397197966,1.3898493107867687,-0.5082633329847148,1
300,47.75950426394436,3.703020658181103,29.844454599471167,3.6871936248164117,29.08779030050047,3.740700182186696,27.92073211435044,3.707164132677408,30.842169980439614,3.6944258215156074,30.07294435330842,3.705285411461236,31.822054617999854,3.684510767121514,31.62115584066001,3.6922739100304423,31.801415438083993,3.7478383986423904,28.163593254298014,3.684652383871154,31.281921598406193,3.7047065290503967,-0.0016858708692937263,-0.017512904233984994,0.03599365313629921,0.0024576036270111956,-0.010280707534789268,0.0005788824108394763,-0.02019576192888284,-0.012432619019954405,0.04313186959199378,-0.020054145179242866,0.6170995503655163,3.498379046012282,-4.858796153542269,3.5325893220568183,2.079822160307426,2.4847592161755507,-1.2116677427405733,0.2549354647524744,-1.5207317260214666,0.6653374711285522,1
301,14.495301126838672,3.679196025780891,28.141727318980482,3.7139763134056096,27.731959628130085,3.7289764021667544,29.306456846466574,3.6936983614418217,28.82841455310262,3.6951713887055004,29.55680061122992,3.72933565113798,27.118036730950163,3.7101111570643,31.917632612935346,3.708724714096021,32.25537258903286,3.676181669880526,26.10531505171837,3.7135745613855886,31.956915611333102,3.7048946245064998,-0.025698598725608868,0.009081688899109874,0.024081777660254655,-0.011196263064678025,-0.00972323580099932,0.024441026631480067,0.005216532557800413,0.003830089589521357,-0.028712954625973897,0.008679936879088856,-1.7027272804906843,-1.3558306723703843,1.3857247321161346,-2.0137554273369958,-0.5161437420784978,-4.704017887049691,0.2964767722753372,0.4539571509488667,-2.0582782025796433,0.6749940129269092,1
302,39.0442362572888,3.717223690755276,29.989448805781908,3.678403876646137,31.951425075965332,3.7414755736560656,30.805889147007207,3.6842739189372335,30.914080131192733,3.7138126113951353,27.14777256571379,3.678255193225107,29.05429441404391,3.696958182277064,32.391952924967406,3.7309146628430705,29.311357596460006,3.6836459169602787,30.277664165435628,3.7440837233577247,26.905155743261698,3.7069047350053097,0.010318955749966108,-0.02850085835917282,0.03457083865075594,-0.022630816068076154,0.006907876389825596,-0.028649541780202625,-0.009946552728245628,0.02400992783776079,-0.02325881804503105,0.037178988352414954,1.8477214868014258,4.219465447835248,1.499432300540633,2.085665578090115,-2.4090280455161306,1.9362576830937464,0.4743203120320594,-2.9440149925728534,4.172349113717257,-5.051759868071404,1
303,41.274353658233636,3.7263639413446805,28.1482201922177,3.6728365015704485,29.77266662183713,3.691134730703642,29.712680940205765,3.694228497656918,29.669838869993907,3.69770881145055,30.063518913162902,3.701681887765004,30.15134708122677,3.713818219147844,29.13540964178534,3.6911038632365902,32.545429467942526,3.7027805737390627,27.661038741593966,3.699097542193519,28.55805978306021,3.699075456880826,0.027288484463854346,-0.026238955310377676,-0.00794072617718422,-0.004846959223907987,-0.0013666454302763142,0.0026064308841777795,0.014742762267017984,-0.007971593644235941,0.00370511685823649,2.2085312692876613e-05,-1.8412286135642084,-2.1787584541282037,-1.0932082068014424,-1.2442412611988267,2.9157463474491117,1.0970526671828615,-3.256543283182065,3.23407187148252,-2.6166254238416613,1.6529040397985106,1
304,26.6291612740584,3.7418105980394323,31.815998312364915,3.716444643640787,31.01284154999406,3.699733343059271,31.248575913297685,3.693145868927735,27.149644470998588,3.6880067269128203,26.38364415493968,3.660719356840582,32.36518871813978,3.6653425269670876,26.04140339392634,3.7380224146253522,29.70361291723497,3.731471992784652,29.264595347564427,3.6884844449015195,29.079698076647183,3.7023181916699235,0.03949240636950879,0.014126451970863485,-0.002584848610652557,-0.009172322742188488,-0.01431146475710321,-0.04159883482934168,-0.036975664702835864,0.035704222955428744,0.029153801114728317,-0.013833746768403987,3.667778120147215,1.2401749281569323,1.5358949730919207,-2.5201943989953186,-3.679874758223221,2.2138416369130063,-3.0940062478589994,-2.8418165507075557,1.6035566059704607,0.5216382935869746,1
305,9.748114088054049,3.7223778919586135,28.969658201815964,3.725488568533752,29.7469622060921,3.6965665269215044,30.87890538091598,3.7219696975210366,32.53592097420618,3.707153227332622,29.951202865527687,3.7012901194572514,27.155540700987586,3.7181308831421993,31.68502779291001,3.7014450409647583,31.50991753228393,3.7411562235419553,26.116282681241188,3.671231776664109,29.9923917326584,3.71068099560378,0.011696896354833619,0.014807572929972146,-0.014114468682275394,0.011288701917256727,-0.0035277682711578606,-0.009390876146528448,0.007449887538419464,-0.009235954639021493,0.030475227938175475,-0.03944921893967068,-2.846340110548951,-1.265879343901961,-0.3696705323817042,5.38627650320759,3.567558710588006,-5.20964801715219,5.643624398983668,1.8063046150489583,-3.148312666323239,0.9126936560112178,1
306,48.81841619173221,3.6805923203649753,27.418113499349566,3.7345510408524136,31.846026473789,3.719458221407365,31.475251860261004,3.6815156207204,28.58824197187957,3.686634620003118,30.71929831576423,3.6895037433263544,30.16584111861916,3.6633287157202585,32.96459897230582,3.705209434981418,27.935042064210254,3.6824210599350433,29.695404043011706,3.7059310264286265,28.718632726584453,3.694914580373998,-0.014322260009022703,0.039636460478415625,0.024543641033366814,-0.013398959653597942,-0.00827996037088008,-0.0054108370476435574,-0.03158586465373947,0.010294854607419968,-0.012493520438954686,0.011016446054628481,-1.5515447024663978,2.0990642676968996,0.5963464793450228,-3.947679002326609,0.7680954502365438,3.010300417631573,1.2795711793958127,-3.5748754680736745,3.579121361770518,-1.2737590060739485,1
307,48.37179475346812,3.6639249903181503,32.605180793572465,3.706629417926618,30.275323881736092,3.7072912295471094,28.898825865998585,3.6863965304730413,31.01937846244931,3.6743122592785498,28.371203625107352,3.7295175830100793,33.00168606056076,3.709828910217888,32.70560106979345,3.695418379381566,29.066851857594447,3.6772593423370505,28.742659505938278,3.6835637034315734,24.76373360261544,3.6934142345921623,-0.029489244274012005,0.013215183334455816,0.013876994954947097,-0.00701770411912106,-0.019101975313612574,0.03610334841791696,0.01641467562572574,0.0020041447894034725,-0.016154892255111797,-0.009850531160588982,5.187067294222899,-1.570702592052907,-2.5764259942624186,2.4311364905697417,-2.348094690656879,2.8358449419415983,-0.25899790251236965,1.1318097933841926,-0.9527445370734284,-3.954899123969014,1
308,21.934031762974893,3.690188583302283,28.05141887834674,3.6970019777068326,28.43630625195332,3.6874220409191527,29.12060009812838,3.7365865932705455,28.809153594247917,3.710346745893673,30.068018509722155,3.6900077335275707,31.471442622037777,3.698727463251053,31.80532057876497,3.7282928533499073,29.34640531420142,3.71913245623471,26.730612962491207,3.6720757637124994,27.919180116256516,3.7029782211168225,-0.012789637814539567,-0.005976243409989923,-0.0155561801976698,0.03360837215372303,0.00736852477685046,-0.012970487589251789,-0.004250757865769561,0.025314632233084833,0.016154235117887605,-0.03090245740432307,-4.553761915225724,-1.8390176297827736,0.2217742321297962,-2.2102248682013936,1.6968148846148026,-1.5302434385229802,-0.9002804910284823,0.2795534566069726,-2.0120465434470702,3.1554465136410776,1
309,14.3277135147381,3.669869494839218,27.584481214913296,3.679914188730115,31.618225581462756,3.6763603600786356,28.30055815704461,3.719919473576929,29.03403214785432,3.6860347630249723,31.061366246020096,3.7024835136948924,28.673127685561024,3.6923847319227643,30.07514971867173,3.674610694679744,29.370618342423814,3.6966339915365674,30.25873601340764,3.711982066637272,25.238521788953005,3.691019327872111,-0.021149833032893195,-0.011105139141995846,-0.01465896779347542,0.028900145704818136,-0.004984564847138717,0.011464185822781303,0.0013654040506532183,-0.016408633192367184,0.0056146636644562875,0.02096273876516097,-0.4669376634334448,3.1819193295094372,-0.8200419410837725,0.22487855360640197,0.9933477362979417,-2.7983149364767534,-1.7301708600932386,0.024213028222394684,3.528123050916431,-2.6806583273035116,1
310,30.32736067465713,3.6772849830428345,27.133352143238632,3.6793092273830346,30.242654565491254,3.7122634800378314,32.814476273535526,3.707709389516965,29.54381353600593,3.6943141977889336,28.29462996753432,3.715068087417584,30.382576520272504,3.65872229906491,33.64174362024695,3.7150812425446227,30.862599626127434,3.704755223291898,31.078803976418815,3.6800810401843354,32.44559727194111,3.694458917027295,-0.017173933984460543,-0.015149689644260445,0.017804563010536345,0.013250472489669818,-0.00014471923836145706,0.020609170390288867,-0.03573661796238481,0.020622325517327678,0.010296306264602872,-0.014377876842959658,-0.4511290716746643,-1.3755710159715022,4.513918116490917,0.5097813881516124,-2.7667362784857765,1.7094488347114805,3.5665939015752173,1.4919812837036197,0.8200679630111765,7.207075482988106,1
311,11.86961740433527,3.7199453113531775,32.53716647129494,3.723637800851178,30.982825512711052,3.698671020493811,27.55355953987614,3.692838411076414,32.84925546415449,3.7245454764416253,33.102490532855455,3.6757967899403825,31.76457298519843,3.7087715858184205,28.47682426992756,3.6725994674527116,29.38797209128518,3.721307525445192,30.290854434811518,3.6948390896877767,28.592579201337134,3.703295247856069,0.016650063497108736,0.02034255299510912,-0.004624227362257649,-0.010456836779654921,0.021250228585556474,-0.02749845791568628,0.005476337962351696,-0.030695780403357187,0.018012277589123382,-0.008456158168292038,5.403814328056306,0.7401709472197986,-5.260916733659386,3.305441928148557,4.8078605653211355,1.3819964649259262,-5.164919350319387,-1.4746275348422522,-0.787949541607297,-3.8530180706039765,1
312,28.429490918035018,3.7013670088730626,29.10178506234137,3.734008585929182,30.40445174918393,3.662850424346732,31.15449674475106,3.6717297005360563,28.678211326027633,3.7179105107483394,30.743472056024096,3.6651926434877105,32.156861488397425,3.6960526478598106,29.555043733400282,3.7233441816729433,30.136245700281304,3.7100234252897737,30.967557668005554,3.700221904406392,31.102668432179488,3.698270103315,0.0030969055580625238,0.03573848261418178,-0.03541967896826792,-0.02654040277894376,0.01964040743333939,-0.0330774598272896,-0.0022174554551894765,0.025074078357943286,0.011753321974773634,0.0019518010913919248,-3.4353814089535675,-0.5783737635271216,3.6009372048749206,-4.171044138126856,-2.359018476831359,0.3922885031989942,1.0782194634727205,0.7482736089961222,0.6767032331940364,2.510089230842354,1
313,16.656581484650623,3.6809809323381106,26.8411274025648,3.7139186420188173,28.364216315722988,3.689667716024798,30.78241865447479,3.6795349355324887,31.163563541256725,3.7056009068539484,29.967553764808116,3.646508657436917,32.31366756207398,3.6649804885118957,30.79479404691847,3.6964501623245147,28.505088692083575,3.701648835332697,29.438995893176767,3.6926136245968366,27.19426768558429,3.6871904900971026,-0.0062095577589920126,0.026728151921714627,0.0024772259276955033,-0.0076555545646139755,0.018410416756845738,-0.040681832660185435,-0.022210001585206918,0.009259672227412086,0.014458345235594194,0.0054231344997339725,-2.2606576597765695,-2.0402354334609427,-0.3720780902762719,2.485352215229092,-0.7759182912159801,0.15680607367655597,1.2397503135181864,-1.6311570081977287,-1.5285617748287876,-3.9084007465951984,1
314,7.925035502699982,3.6972040216197852,24.021213957673574,3.7024315800107876,27.82031282995905,3.7332511016222805,31.164753891905505,3.6951807883428818,31.032529832559998,3.7243585428394903,27.410045222730155,3.709599939886701,30.440735097676008,3.7283680509207318,31.00652045305101,3.6932312843037036,29.930668860524786,3.7139227248393913,31.45763727531927,3.6988146395479933,31.18511061585754,3.709636267393374,-0.01243224577358859,-0.007204687382586172,0.023614834228906645,-0.014455479050492048,0.014722275446116484,-3.632750667303952e-05,0.018731783527357937,-0.0164049830896702,0.004286457446017522,-0.010821627845380544,-2.8199134448912275,-0.5439034857639378,0.3823352374307163,-0.1310337086967266,-2.5575085420779615,-1.872932464397973,0.21172640613254146,1.4255801684412113,2.018641382142505,3.9908429302732493,1
315,6.477147446865805,3.742860141091698,29.46009620634967,3.6906047107132576,26.913098113628507,3.703175121018751,33.18835591240803,3.7231201333890227,30.20707630789835,3.687830121925376,32.86230423552348,3.6798426417355574,29.47992749963911,3.7050747459354967,28.239976036618472,3.6641384720417522,30.53836184051032,3.6942418784626416,29.56842574734356,3.704900773286308,27.644477084017282,3.699578873959986,0.04328126713171221,-0.008974163246728395,0.0035962470587649342,0.02354125942903673,-0.01174875203461001,-0.01973623222442855,0.005495871975510713,-0.03544040191823372,-0.005336995497344343,0.00532189932632221,5.438882248676098,-0.9072147163305431,2.0236020205025227,-0.825453524661647,5.452259012793327,-0.9608075980368973,-2.766544416432538,0.6076929799855328,-1.8892115279757107,-3.540633531840257,1
316,22.860022689006783,3.7102809628137297,29.104805618967173,3.7310126118651534,31.303767895873936,3.6771752756631058,30.8945043109845,3.69224476434587,29.98403759129659,3.70802928283734,31.9380811032707,3.670950032058246,26.59964797476235,3.71043382519162,30.40882874300283,3.6464863070192752,28.419659738283034,3.7098447892892974,31.836062937359973,3.680098300642243,31.37413413927224,3.693655615172588,0.01662534764114154,0.037356996692565314,-0.016480339509482356,-0.001410850826718324,0.014373667664751899,-0.0227055831143419,0.016778210019031903,-0.04716930815331288,0.016189174116709282,-0.013557314530344922,-0.3552905873824983,4.390669782245428,-2.293851601423526,-0.22303871660176,-0.9242231322527807,-2.8802795248767588,2.1688527063843566,-2.118702102227285,2.267637190016412,3.7296570552549575,1
317,36.68469623472366,3.6754764128437465,30.730788483850283,3.7439329210995793,29.921675769114483,3.7153495868910826,28.69093285800338,3.6999657169266187,25.90097096762335,3.721790731661533,30.747067366823536,3.74730815544,32.91086896783065,3.6712255979788626,28.817963088533137,3.695494747150173,30.88011985804629,3.6524313668025337,26.863711373159898,3.7038530306529607,30.914426127385028,3.702682826744708,-0.027206413900961568,0.04125009435487126,0.012666760146374578,-0.0027171098180893694,0.019107904916825014,0.04462532869529179,-0.031457228765845446,-0.007188079594535157,-0.05025145994217439,0.0011702039082526206,1.6259828648831096,-1.3820921267594528,-2.203571452981123,-4.08306662367324,-1.1910137364471645,6.3112209930683,-1.5908656544696917,2.4604601197632547,-4.972351564200075,-0.4597080118872121,1
318,15.262781760500896,3.685877427756278,26.840745094889648,3.692969262475028,28.817397106606926,3.6944797787656705,31.194145122022718,3.693218432527463,27.727100122678593,3.6865735153946306,27.515641860543013,3.7027010633162445,29.350232756016524,3.6937117043326646,31.245864539623927,3.6680886550755556,33.62065518144539,3.700687636445159,31.317870709707368,3.6976647200443686,32.169655480312215,3.6915972196133056,-0.005719791857027534,0.0013720428617225444,0.0028825591523649052,0.0016212129141575105,-0.005023704218674929,0.011103843702938931,0.0021144847193590444,-0.023508564537749965,0.00909041683185352,0.006067500431063078,-3.8900433889606347,-1.1042786625075571,2.5032122640193393,1.8261291550552414,-3.231425506280523,-3.5606362118141277,2.42790145109079,2.7405353233991043,4.45415933654747,1.2552293529271878,1
319,10.1754921572644,3.689098255400088,28.56002093355612,3.7363351125915023,28.151874385317868,3.6746141778951382,27.492987975256476,3.730723135457099,29.5700903238421,3.697773623024044,30.77149993636339,3.7059817146804224,31.40531999699861,3.716663155332589,30.481753514400815,3.6873950140999114,28.668613070212906,3.7172849676939728,30.738032875650333,3.645849122892377,30.248571389701702,3.700171827906715,-0.011073572506626661,0.03616328468478747,-0.025557650011576616,0.030551307550384266,-0.002398204882670729,0.005809886773707529,0.016491327425874225,-0.0127768138068034,0.017113139787257925,-0.054322705014338,1.7192758386664728,-0.665522721289058,-3.701157146766242,1.8429902011635058,3.2558580758203775,2.055087240982086,-0.7641110252231123,-4.952042111232487,-0.5798378340570345,-1.9210840906105133,1
320,5.135939211027257,3.702875292862172,29.8090547114278,3.6983057913427433,27.776989238597753,3.703154704152234,27.499372834081374,3.7061801386554873,30.421630155918383,3.6946340364588393,28.540873968524767,3.7034908611990622,26.44634867684795,3.6685274085791644,27.776443401731115,3.7016269776669355,28.067241812415862,3.7095362719004923,31.549160995463485,3.690203161159872,30.358228022736935,3.6978534643977,0.005021828464471856,0.00045232694504315774,0.005301239754533782,0.008326674257787214,-0.003219427938860875,0.0056373968013621045,-0.029326055818535757,0.0037735132692353623,0.011682807502792159,-0.0076503032378281155,1.2490337778716807,-0.3748851467201142,0.006384858824898032,0.8515398320762841,-2.2306259678386233,-4.95897132015066,-2.7053101126697,-0.6013712577970445,0.8111281198131515,0.10965663303523243,1
321,17.957034234194857,3.7104137899284537,29.50126074965504,3.6784093429566793,27.673914699430796,3.719941187129073,29.173152458727117,3.72254700178711,30.06479242736716,3.677403002855629,32.92450920806946,3.683523262607177,29.41909216754442,3.723821813662924,32.145083599145515,3.6970629295748942,32.85752032407354,3.655604441050963,32.86861933870415,3.6720063699053465,30.569509186771135,3.6940733141458253,0.016340475782628427,-0.015663971189145975,0.025867872983247775,0.028473687641284773,-0.01667031129019625,-0.010550051538648297,0.029748499517098903,0.002989615429068948,-0.03846887309486213,-0.022066944240478836,-0.30779396177276297,-0.10307453916695763,1.6737796246457428,-0.3568377285512234,4.383635239544692,2.9727434906964696,4.3686401974144005,4.790278511657679,1.3194583432406652,0.21128116403420094,1
322,29.360092221557025,3.6833897540344496,32.824761342185404,3.6919583704975185,30.127080101004672,3.698489800548664,27.23645951503289,3.7200186535839137,26.879003684251288,3.7044660467910444,30.50863125310742,3.719669637910904,28.59649911573843,3.720682199810072,26.565621733279244,3.7118407365164,26.841268601273995,3.678720127668689,29.06003485333998,3.7332218782379343,30.389859147621955,3.7062457205599584,-0.02285596652550881,-0.014287350062439863,-0.007755920011294215,0.013772933023955325,-0.0017796737689139697,0.013423917350945835,0.01443647925011371,0.005595015956441518,-0.027525592891269213,0.026976157677975898,3.3235005925303653,2.4531654015738766,-1.9366929436942257,-3.1857887431158716,-2.4158779549620384,-0.8225930518059918,-5.579461865866271,-6.016251722799545,-3.808584485364168,-0.17965003914918043,1
323,31.716760232814558,3.7122988927806277,27.997370691604065,3.7101936615448468,28.155622189136746,3.7162341114322657,28.09076379609988,3.7066383689541578,31.036437900890824,3.7587081241277693,28.987621877829326,3.6794415246997856,29.64097085025504,3.66578793291127,31.78846554900187,3.692138195985971,28.467354950437148,3.668640234688795,29.470908202590557,3.6701507545998804,30.731519972185833,3.6980231801725374,0.014275712608090352,0.01217048137230936,0.01821093125972828,0.008615188781620375,0.06068494395523194,-0.018581655472751812,-0.032235247261267475,-0.0058849841865664665,-0.02938294548374243,-0.02787242557265701,-4.827390650581339,-1.971457911867926,0.8543042810669874,4.157434216639537,-1.5210093752780942,1.0444717345166126,5.2228438157226265,1.6260863491631525,0.4108733492505756,0.3416608245638777,1
324,25.859652766651482,3.7214115893515656,33.42280351156827,3.6982991132192398,34.946532165525625,3.701592853797878,30.5805216108071,3.7320099013162213,25.693447855912734,3.7181644425319194,28.09651105341656,3.708928983976335,33.62299376374354,3.699953884252584,31.437305256511493,3.699767089023317,30.85209297448999,3.7048022899544373,29.66632417719048,3.708138134517133,27.621955881548033,3.7093068281940633,0.012104761157502253,-0.011007714974823557,-0.007713974396185375,0.022703073122158024,0.008857614337856035,-0.00037784421772846244,-0.009352943941479452,-0.009539739170746131,-0.004504538239626044,-0.001168693676930399,5.425432819964204,6.790909976388878,2.4897578147072217,-5.342990044978091,-0.8911108244127668,3.982022913488496,-0.35116029249037695,2.3847380240528437,0.19541597459992133,-3.1095640906378,1
325,23.36090410782865,3.6780624984123205,31.368900955272856,3.7164413215606507,29.157602366774174,3.717443062113681,31.952862754396136,3.706480728854131,27.735701718567988,3.7164820579371143,27.802167490543614,3.6967170117455646,31.374853510253008,3.724038633390791,29.822911570833973,3.7001757688526418,29.092217167693743,3.7011572809485354,31.78011546495092,3.694688147334752,28.785477171827832,3.705168651115018,-0.02710615270269745,0.011272670445632738,0.012274410998663221,0.0013120777391129046,0.011313406822096361,-0.008451639369453368,0.01886998227577319,-0.004992882262376153,-0.004011370166482564,-0.01048050378026577,-2.0539025562954123,-5.78892979875145,1.3723411435890362,2.0422538626552544,-0.29434356287294605,-2.2481402534905293,-1.6143936856775198,-1.7598758067962486,2.113791287760442,1.1635212902797996,1
326,41.01638848049054,3.744988751683926,30.518267310168678,3.6818477293353387,29.03066548253312,3.7233633680290823,28.760088605372765,3.707445492200771,28.828756329668543,3.667195282666731,27.151755176684123,3.689043695265468,29.087193634319785,3.7052505602464665,26.35920390385633,3.665912665834075,32.37528227871781,3.6585218799005674,33.38465944135444,3.6647751484272675,25.347872573221657,3.6908344573589695,0.05415429432495644,-0.008986728023630874,0.032528910670112765,0.016611034841801597,-0.02363917469223864,-0.0017907620935013746,0.014416102887496951,-0.024921791524894488,-0.0323125774584021,-0.026059308931702052,-0.8506336451041783,-0.12693688424105432,-3.1927741490233714,1.0930546111005555,-0.6504123138594906,-2.2876598759332225,-3.463707666977644,3.2830651110240687,1.6045439764035159,-3.4376045986061747,1
327,14.159098511681218,3.660709279237942,27.008916927003593,3.6703770855075657,29.975403101383886,3.699952621677344,29.654308650371778,3.689127862078139,29.12847100605876,3.7398407327191863,30.884633736328972,3.7366779309204876,28.4985407859888,3.682641550744977,27.696004904841715,3.71114275236807,30.218165940699663,3.714985651137589,30.77194018513775,3.688050422839512,27.646710112199894,3.699350588923081,-0.038641309685139014,-0.02897350341551519,0.000602032754263071,-0.010222726844941743,0.04049014379610538,0.03732734199740673,-0.016709038178103874,0.011792163444988901,0.015635062214508277,-0.011300166083568985,-3.509350383165085,0.9447376188507661,0.8942200449990132,0.29971467639021654,3.732878559644849,-0.5886528483309839,1.3368010009853855,-2.157116338018149,-2.6127192562166854,2.298837538978237,1
328,20.16148608845355,3.665566348501461,30.886795901272112,3.715967729442029,30.202620566442505,3.698381500934364,28.41413690012024,3.6975869411452043,34.92199245168516,3.6939947056416234,31.481512757006215,3.6739749475121584,30.25413714671911,3.675034589802624,28.97277739557212,3.71673040312078,31.90551937838838,3.700238735603628,28.424864260547807,3.693848865296375,28.256450518061474,3.6931324767000246,-0.027566128198563522,0.022835252742004375,0.005249024234339483,0.004454464445179607,0.0008622289415987083,-0.019157529187866285,-0.01809788689740044,0.02359792642075531,0.00710625890360328,0.0007163885963503702,3.877878974268519,0.22721746505861873,-1.2401717502515375,5.7935214456264035,0.5968790206772425,1.7555963607303084,1.276772490730405,1.6873534376887172,-2.3470759245899444,0.6097404058615794,1
329,27.698946787184585,3.7004467847863722,29.97696982384671,3.7338709426682737,32.06131961648312,3.703028147812496,32.18959700445465,3.6941462908204947,28.388016537881168,3.6876367910263275,28.946889733726596,3.7179702340910317,27.355305130633408,3.6834833445352393,30.818129876668113,3.7369279184119852,31.33325576691378,3.7386671949542873,27.300148724277456,3.705135015973236,29.089602190367682,3.710131266507974,-0.009684481721601745,0.023739676160299705,-0.007103118695478194,-0.015984975687479253,-0.022494475481646514,0.007838967583057688,-0.02664792197273469,0.02679665190401126,0.028535928446313363,-0.004996250534738067,-0.9098260774254037,1.858699050040613,3.7754601043344067,-6.533975913803996,-2.534623023279618,-2.898832016085702,1.8453524810959934,-0.5722636114746003,-1.124715536270351,0.833151672306208,1
330,21.018577587450643,3.683346576939621,26.798525688110914,3.688900012237716,26.18390411886084,3.682772738941009,30.049942524741997,3.716907827665562,28.653629527073825,3.65604173108852,27.61594731603363,3.6823487917710898,30.03224179492131,3.699050051090903,30.46139463666887,3.704204924400046,28.322063120711643,3.7338366967504917,28.75183050992501,3.730904754255274,28.4759169452247,3.6978314105140226,-0.014484833574401446,-0.008931398276306624,-0.015058671573013438,0.019076417151539182,-0.0417896794255026,-0.015482618742932885,0.0012186405768801478,0.006373513886023474,0.036005286236469036,0.03307334374125137,-3.178444135735795,-5.877415497622277,-2.13965447971265,0.2656129891926575,-1.3309424176929667,2.6769366642879007,-0.3567352399992423,-3.0111926462021366,1.4516817856475548,-0.6136852451429817,1
331,12.810746486814788,3.6855957595798645,27.67189873518835,3.6774869006439883,29.284019131173327,3.699174172764307,28.280772972243092,3.6705099462590356,28.21886237881797,3.7189361513302375,25.780323518748716,3.7011000587206677,32.67865317896,3.708448699458029,28.62692249369246,3.6906762277610756,32.3267521103271,3.6926559213157653,32.13758464278858,3.705751278103347,27.428000586967013,3.695033511593633,-0.009437752013768286,-0.017546610949644492,0.0041406611706742424,-0.024523565334597208,0.02390263973660467,0.006066547127034916,0.013415187864396216,-0.0043572838325571794,-0.0023775902778675473,0.01071776650971401,0.8733730470774361,3.100115012312486,-1.769169552498905,-0.4347671482558546,-1.8356237972849136,2.6464113840386894,-1.8344721429764093,4.004688989615456,3.385754132863571,-1.0479163582576874,1
332,30.489965828898196,3.6900901571096423,27.840180318278385,3.6330489880702483,30.039153524180342,3.6918115485393836,33.17801151754574,3.7046131585041673,29.718148152202374,3.7142906138210434,29.73040029581304,3.7060720854256743,26.60807598324548,3.6900744493382063,29.426015628418003,3.7342832871483114,32.3009741000667,3.6793252839887556,29.49952766868585,3.6945071030287635,29.36441957217538,3.693811667497419,-0.003721510387776572,-0.06076267942717051,-0.002000118958035202,0.010801491006748432,0.02047894632362457,0.012260417928255496,-0.003737218159212574,0.04047161965089252,-0.01448638350866327,0.000695435531344657,0.16828158309003527,0.7551343930070153,4.897238545302649,1.499285773384404,3.950076777064325,-6.070577195714517,0.7990931347255419,-0.025778010260395945,-2.6380569741027315,1.9364189852083662,1
333,23.08783660768488,3.6914203856525516,27.335103304210868,3.7192953978860492,32.342335265412295,3.725999747445243,27.07005050779022,3.7192061033617336,28.663090178293643,3.6641161626690115,28.00381074446193,3.7216629042532148,26.491430294355002,3.663229627534559,30.189055135176936,3.717962346482447,33.61217823567392,3.6926443094685792,35.333810444640015,3.7140506662786774,30.194311574172495,3.7029587651032068,-0.011538379450655167,0.016336632782842475,0.02304098234203611,0.016247338258526867,-0.03884260243419524,0.018704139150008015,-0.03972913756864793,0.015003581379240405,-0.010314455634627517,0.011091901175470653,-0.5050770140675169,2.3031817412319526,-6.10796100975552,-1.0550579739087311,-1.7265895513511111,-0.116645688890479,0.7630395067589326,1.3112041356072197,5.834282775954165,0.8298920019971163,1
334,46.408864373342325,3.7019348782587813,29.62593274225056,3.6881315877964416,33.90942239452258,3.6914044814769396,29.418370774584826,3.7117782223515086,29.235316118048694,3.70460111223091,30.23662229623334,3.702469446290171,28.61291822107563,3.684919150166649,30.22319943380303,3.73888215407051,34.74320716033554,3.690405865208844,30.599391111102182,3.6993949467654916,30.52649184345316,3.701392184461625,0.000542693797156435,-0.01326059666518331,-0.00998770298468532,0.010386037889883681,0.0032089277692852747,0.00107726182854595,-0.016473034294975708,0.037489969608885065,-0.01098631925278104,-0.001997237696133247,2.2908294380396903,1.5670871291102841,2.3483202667946053,0.5722259397550502,2.232811551771409,2.1214879267206292,0.03414429862609225,1.1310289246616136,-4.734419333537833,0.33218026928066635,1
335,32.7030978507407,3.731205110590619,29.955127896038853,3.6609679417423426,29.884098916474564,3.6736911738590035,31.176153350335664,3.7261888820280533,31.92469033853314,3.6944622128846243,31.89177631310928,3.6865655842148386,32.147243887815144,3.674916780260088,28.73830889841829,3.688899665969118,29.404266390086278,3.6719526143315235,31.53806331088455,3.74182188545465,28.94522187672076,3.695067185133486,0.03613792545713279,-0.03409924339114356,-0.021376011274482742,0.03112169689456712,-0.0006049722488619125,-0.0085016009186476,-0.02015040487339803,-0.006167519164368418,-0.023114570801962664,0.04675470032116369,0.32919515378829445,-4.025323478048016,1.7577825757508379,2.6893742204844457,1.6551540168759402,3.5343256667395124,-1.4848905353847393,-5.338940770249259,0.938672199782367,-1.5812699667324033,1
336,49.1211859002382,3.6944129344917336,31.185624469668575,3.699929885464827,32.83783614382537,3.6916991079912473,32.91804469658378,3.6832061667927753,32.680812840228434,3.684974888126107,31.740898339482616,3.7027788561940804,34.170821244184296,3.6967907289636592,30.875647532487143,3.7105461938679913,30.651091630644142,3.7010472579440656,34.487842551006096,3.7015402799196755,24.54806229980105,3.696692629975616,-0.0022796954838826267,0.003237255489210611,-0.004993521984368865,-0.013486463182840858,-0.011717741849509355,0.006086226218464219,9.809898804302719e-05,0.013853563892375131,0.0043546279684494316,0.004847649944059285,1.230496573629722,2.953737227350807,1.7418913462481136,0.7561225016952946,-0.15087797362666322,2.0235773563691524,2.137338634068854,1.2468252405578646,2.949779240121547,-4.397159576919709,1
337,42.3131800977463,3.740974165153977,27.271788012363285,3.6674901545960035,28.936244499421342,3.688864424543133,31.001834658171717,3.7006527767338175,28.03535145544645,3.7227476219525784,33.21071192472361,3.7079893874520438,32.44787268847578,3.706209455083615,26.8571600033234,3.6774547241489173,28.135257513636027,3.676861172055411,25.4284455110101,3.7064500932057984,28.434817274903732,3.6995693974925294,0.04140476766144774,-0.03207924289652597,-0.010704972949396652,0.001083379241288096,0.023178224460048913,0.008419989959514318,0.006640057591085657,-0.022114673343612168,-0.02270822543711848,0.006880695713268992,-3.9138364573052904,-3.9015916444040286,-1.9162100384120606,-4.645461384781985,1.4698135852409955,-1.7229485557085127,-4.0184875291637425,-2.515834117008115,-9.059397039995996,3.886754975102683,1
338,43.860965141261566,3.696011125682239,30.656865981163097,3.708711758333837,32.114358259228865,3.7070566728630525,29.101992759256934,3.709122433175048,31.347272731417245,3.6674053366950763,24.429188254548638,3.71112618024073,32.19639223648682,3.6618188729929777,30.05998847738635,3.7153913028756205,29.484341246727936,3.7223676256422116,31.96808290580896,3.672629597145496,33.45857935144795,3.697164090564629,-0.0011529648823898064,0.011547667769208125,0.009892582298423491,0.01195834261041906,-0.029758753869552734,0.01396208967610102,-0.03534521757165132,0.018227212310991447,0.02520353507758255,-0.024534493419133163,3.3850779687998127,3.1781137598075233,-1.899841898914783,3.3119212759707963,-8.781523670174973,-0.25148045198896085,3.202828474062951,1.3490837330919092,6.539637394798859,5.0237620765442195,1
339,38.13259544525397,3.6857739354610106,27.25584162546077,3.702342484322997,32.359884260076925,3.704724472925285,31.463796138468762,3.6812168886045864,32.50903740476238,3.6923122524681418,31.601403895091153,3.6958846601264566,34.1196900034748,3.7321123966513023,31.11744767388897,3.6583851894921806,29.687045247753684,3.7241163684143213,30.685852754642685,3.6812640953008127,32.48693825669193,3.6958132743767087,-0.010039338915698082,0.006529209946288361,0.008911198548576138,-0.0145963857721223,-0.003501021908566937,7.138574974785428e-05,0.03629912227459364,-0.03742808488452809,0.028303094037612553,-0.014549179075896035,-3.401024355702326,0.2455260008480593,2.3618033792118283,1.161764673345136,7.172215640542515,1.9232977669879787,1.05745919650262,0.20270400102574726,-1.2822301511662744,-0.9716410947560234,1
340,16.348189181867124,3.6880634162376857,27.438118400001304,3.6778429436088698,27.945968823543442,3.662505434388772,29.86979892248939,3.6956918774405803,35.44589737544861,3.674708297708042,26.675770572897118,3.7011283890654765,31.23932623632485,3.735386746468013,28.600069327918934,3.703990146528778,29.552393897898074,3.739945610045693,27.483960177467324,3.680354534930437,31.75827664807908,3.6959617396422346,-0.00789832340454888,-0.01811879603336486,-0.03345630525346266,-0.00026986220165436947,-0.02125344193419254,0.005166649423241854,0.03942500682577821,0.008028406886543493,0.043983870403458525,-0.01560720471179744,0.18227677454053293,-4.4139154365334825,-1.5939972159793712,2.9368599706862284,-4.9256333221940345,-2.8803637671499516,-2.5173783459700374,-0.13465134985560923,-3.201892577175361,-0.7286616086128497,1
341,44.21955563186569,3.6613007176551906,33.50638960413117,3.6970127700870075,29.26969477360357,3.6526504469325345,28.31901402898662,3.707075412617828,31.374476900790576,3.6804139953943475,29.128420540752728,3.703267207098316,28.317100971741983,3.7262814996304923,29.044320298592417,3.68102502609464,29.910786935633997,3.7212251251702426,32.684360262489704,3.691332208666277,26.131824509080847,3.692158440934687,-0.03085772327949643,0.004854329152320425,-0.03950799400215255,0.01491697168314099,-0.011744445540339488,0.011108766163629102,0.03412305869580523,-0.011133414840046818,0.029066684235555584,-0.0008262322684098322,6.068271204129868,1.3237259500601297,-1.5507848935027724,-4.071420474658034,2.45264996785561,-2.922225264582867,0.4442509706734832,0.35839303773592235,5.20040008502238,-5.626452138998232,1
342,47.89060756285843,3.726727636069064,30.20245545566979,3.7014017695041717,25.042723761744153,3.6887558860755947,26.696163633616425,3.7011539444433157,29.522136357085756,3.7144833448175434,28.997061153283052,3.664535851844219,30.010740757672007,3.6856950296236484,29.06120367512905,3.6861164652822933,33.063284932298075,3.70821980405755,25.412116830306957,3.710545730793839,30.60525526305963,3.6987635462511244,0.02796408981793963,0.0026382232530473004,-0.010007660175529676,0.002390398192191334,0.01571979856641903,-0.03422769440690532,-0.01306851662747599,-0.012647080968831048,0.009456257806425672,0.011782184542714624,-3.3039341484613836,-4.226971011859419,-1.6228503953701932,-1.8523405437048197,-0.13135938746967568,1.6936397859300243,0.016883376536632966,3.152497996664078,-7.272243432182748,4.473430753978782,1
343,38.33509402223026,3.7137313549350637,30.544473450654777,3.714821475613646,29.885459178355795,3.6824660582876145,31.09613384941434,3.7132091990470313,27.321021266942683,3.692290135181753,28.51522725913853,3.658572456413237,29.768005855356932,3.7233548385105557,33.79577458531741,3.6844991007396755,29.772374923172485,3.682910130745239,32.17044452732326,3.691938682639266,30.077110337568634,3.6957793432113086,0.017952011723755046,0.01904213240233732,-0.013313284923694102,0.017429855835722652,-0.003489208029555435,-0.037206886798071714,0.027575495299247077,-0.011280242471633173,-0.012869212466069424,-0.0038406605720426867,0.34201799498498886,4.842735416611642,4.399970215797914,-2.201115090143073,-0.48183389414452193,-0.24273490231507466,4.73457091018836,-3.2909100091255894,6.7583276970163055,-0.5281449254909951,1
344,18.00216574959122,3.723729220746607,30.403160228399187,3.662171522163002,30.19771889002204,3.6872317516266095,35.01499047571767,3.7212217325631776,33.47939481424013,3.68601393121795,26.03751275889244,3.708292507985346,29.113180653562903,3.684830368017504,34.852927349213985,3.6910889619297618,28.850819938623914,3.688652723887858,34.17549197175029,3.712733403073917,29.147346370263477,3.6965966123211738,0.02713260842543308,-0.034425090158171745,-0.009364860694564214,0.024625120242003806,-0.010582681103223912,0.011695895664172173,-0.011766244303669904,-0.005507650391411989,-0.007943888433315838,0.016136790752743213,-0.14131322225559018,0.31225971166624333,3.9188566263033273,6.1583735472974475,-2.4777145002460905,-0.6548252017940293,1.0571527638965748,-0.9215549845485711,2.005047444427028,-0.9297639673051563,1
345,45.27800253212963,3.7090031126789333,30.56246098443721,3.6979128310112386,32.9791988188953,3.735509816984801,27.459275907349827,3.6704160796328447,32.30938753343344,3.702793033484318,34.73482872805424,3.701300492623776,29.244470224955045,3.716265608121292,27.41811556101355,3.6831229224515023,29.18605126725326,3.6651265479520694,30.028009934742762,3.703136460321964,31.12757575001383,3.6984586905262744,0.010544422152658939,-0.0005458595150358292,0.037051126458526706,-0.028042610893429742,0.004334342958043802,0.0028418020975014002,0.017806917595017513,-0.015335768074772105,-0.033332142574205026,0.004677769795689457,0.15930075603802152,2.78147992887326,-7.55571456836784,-1.1700072808066935,8.6973159691618,0.13128957139214137,-7.4348117882004345,0.33523132862934446,-4.147482037007528,1.9802293797503516,1
346,38.026416662946524,3.6645951164804904,33.27860776673819,3.678260494926988,32.15743810160603,3.6675246329590085,31.617325530994574,3.666797774801725,29.61164052547427,3.7405360473787383,32.523934231992726,3.7411983581682895,31.29333749316666,3.6775830569286887,30.807831162631437,3.6998253004820483,29.769181323600428,3.674304076801364,30.636745879029334,3.6996952390699986,30.576503155738653,3.6910320097997342,-0.026436893319243815,-0.012771514872746081,-0.02350737684072568,-0.024234234998009363,0.04950403757900412,0.05016634836855527,-0.013448952871045528,0.008793290682314048,-0.016727932998370054,0.008663229270264416,2.7161467823009815,-0.8217607172892656,4.158049623644747,-2.6977470079591654,-2.2108944960615133,2.048867268211616,3.389715601617887,0.5831300563471693,0.6087359442865719,-0.5510725942751762,1
347,12.748742034158942,3.681337878456258,26.165302227979403,3.6800613674719576,27.057747189252964,3.713764106129058,30.672555778495123,3.6911278633958524,28.525941277694606,3.682923538249913,32.11344982256084,3.6871363331594598,31.93361420850109,3.7139790614343484,31.438337332710873,3.687419242775928,33.63954357462519,3.697646901367957,29.833821344513634,3.700300555005742,31.297763851807677,3.6935696847446464,-0.01223180628838838,-0.013508317272688863,0.02019442138441141,-0.0024418213487940044,-0.01064614649473361,-0.006433351585186653,0.020409376689701997,-0.00615044196871839,0.004077216623310509,0.006730870261095756,-7.113305538758787,-5.0996909123530685,-0.9447697524994503,-1.0856992477796652,-0.4104844094318878,0.64027671533443,0.6305061700794354,3.8703622510247655,-0.8029245345157001,0.7212606960690238,1
348,31.968210483971543,3.715089513995414,30.86693130011128,3.699175125867219,25.98884765416052,3.700042925642531,31.745865735150915,3.683748484353784,34.85238562936613,3.720386865344974,30.960670093906952,3.713056830686423,29.43814675158445,3.716672747936074,29.67752949064146,3.7033849080963797,31.415084701868338,3.693502103707196,29.483422673369763,3.698668769029111,31.737350542678353,3.7043728274659102,0.01071668652950386,-0.00519770159869104,-0.004329901823379334,-0.02062434311212602,0.016014037879063636,0.008684003220512881,0.012299920470163705,-0.0009879193695305766,-0.010870723758714451,-0.005704058436799109,4.701629072131876,-1.068899535092445,1.073309956655791,6.326444351671526,-1.1527797286538863,-2.4954674569166393,-1.7608078420694113,-2.2244588727568555,-0.35039867114387135,0.4395866908706765,1
349,38.156757432336505,3.678905910900682,32.15044308236383,3.6986553938560776,32.094552817118924,3.6983481484929746,31.726874560379756,3.7153993746267044,29.96887382225941,3.6845007435187207,24.091502117515937,3.727361884736298,28.71654571269574,3.7393383392501653,28.748167964630795,3.6992171194606334,28.043490123879046,3.7249942084036864,30.244486009094132,3.678870058587495,29.162073108957532,3.7045591181833437,-0.02565320728266185,-0.005903724327266158,-0.006210969690369161,0.01084025644336073,-0.020058374664623013,0.022802766552954434,0.03477922106682163,-0.0053419987227103505,0.020435090220342733,-0.02568905959584855,1.2835117822525497,6.1057051629584045,-0.01899117477115908,-4.883511807106721,-6.869167976391015,-0.7216010388887106,-0.9293615260106662,-3.371594577989292,0.7610633357243692,-2.575277433720821,1
350,16.18410847671918,3.7205722062260675,32.29943065845326,3.685122812217542,30.986339668477672,3.6770531696735738,29.91623989006986,3.684621167502122,29.812675350221443,3.709909973382804,28.54951264672443,3.688067932901833,29.099073698232548,3.6973186950072727,27.98439533680299,3.6785307851059463,27.76626805613411,3.7395857281100295,34.172750835102704,3.7014639725632557,30.557824730163887,3.6982246442690445,0.022347561957023032,-0.013101832051502615,-0.02117147459547075,-0.01360347676692264,0.011685329113759302,-0.010156711367211635,-0.0009059492617717879,-0.019693859163098182,0.041361083840985025,0.003239328294211141,0.14898757608943214,-1.1082131486412514,-1.810634670309895,-0.15619847203796766,4.458010529208494,0.38252798553680734,-0.7637726278278052,-0.27722206774493685,3.928264826008572,1.3957516212063545,1
351,22.149523112531632,3.6814356006530398,32.356505695096004,3.724868565562059,30.81627182555671,3.7071067639118027,27.248731822427278,3.6638146457082352,29.052709084697618,3.7127065839043243,35.88609667053724,3.6976466539561432,31.448982120763453,3.6908906588750052,34.73857460162299,3.7048991418634403,32.79086816439837,3.709492669711336,30.483604143111496,3.7141518364394925,30.602814139562234,3.700701312058487,-0.019265711405447306,0.02416725350357174,0.006405451853315647,-0.03688666635025184,0.012005271845837218,-0.0030546581023438435,-0.009810653183481843,0.0041978298049532015,0.008791357652849108,0.013450524381005469,0.05707503664274327,-0.170067842920961,-2.667508067642583,-0.7599662655238255,7.3365840238128115,2.3499084225309055,6.754179264820003,5.024600108264259,-3.6891466919912084,0.04498940939834739,1
352,47.454264826937845,3.69457189879671,27.411013290283975,3.690721040610312,28.363325033327495,3.7242140250629503,32.64896525168214,3.699654535239037,28.090901378351045,3.7334787959448956,31.725409843980035,3.7006972483065836,25.87397637699837,3.991753066131532,32.900174084351505,3.6879739907097657,27.459536321944906,3.6851256782941104,28.24721251305048,3.7102829165281213,31.36068515597265,3.7318473195624016,-0.03727542076569135,-0.041126278952089645,-0.007633294499451271,-0.0321927843233647,0.001631476382494057,-0.031150071255817924,0.25990574656913035,-0.04387332885263584,-0.04672164126829115,-0.02156440303428031,-4.945492404812029,-2.4529467922292163,5.400233429254865,-0.9618077063465726,-4.160686826557207,-5.575005743765082,-1.838400517271488,-5.331331842453462,-2.2363916300610143,0.7578710164104159,-1
353,27.449276951924645,3.699577976464154,32.80424349684233,3.7054850587711092,28.34667881244158,3.6932832900082673,30.6678337807866,3.7071725715712383,27.588519139974764,3.694523651867271,27.92038533104695,3.7139064520886653,32.600731670605974,3.71548374652971,31.383066765298558,3.695317896743436,30.697930260076856,3.6774903992380787,25.35645347138341,3.701871396940515,28.89421425712659,3.700411244022244,-0.0008332675580899895,0.005073814748865146,-0.007127954013976812,0.006761327548994167,-0.0058875921549730315,0.013495208066421238,0.015072502507465835,-0.005093347278807947,-0.02292084478416534,0.0014601529182707296,5.393230206558357,-0.01664622088591372,-1.9811314708955408,-0.5023822383762813,-3.805024512933084,6.726755293607603,-1.517107319052947,3.2383939381319493,-2.8907590416670708,-2.4664708988460617,1
354,16.302128061122858,3.7188403831408308,35.22959787072354,3.705168515415767,30.804597711376765,3.6806977813543464,31.134138437571178,3.667383571855862,28.453905626446314,3.7267463036273,29.73323933160235,3.6589323123291817,29.78510185448764,3.7126479035794064,33.592136658503364,3.6893391112922664,30.801153542855573,3.720941366327267,31.087659412806477,3.679157034003822,31.06529775296373,3.6959854282926043,0.022854954848226416,0.009183087123162625,-0.015287646938257904,-0.028601856436742512,0.030760875334695736,-0.037053115963422645,0.016662475286802092,-0.006646317000337909,0.024955938034662672,-0.016828394288782356,2.4253543738812056,2.4579188989351834,0.4663046567845761,0.8653864864715501,1.8128540005553972,-2.815629816118335,2.2090698932048056,0.10322328277871762,5.731205941423067,2.1710834958371414,1
355,16.038712267658653,3.679378147666622,31.09789875322272,3.7418201711606636,32.083587790630396,3.7190738060125375,28.899224019306818,3.706974822381071,29.587699703072403,3.756906285493944,33.276575120526005,3.693814023482135,31.19371232705872,3.712227517351287,30.49664728971638,3.7044536092719844,28.493511581832966,3.715949353864157,31.9331921622699,3.7299223273413324,28.43706915803508,3.716052006402573,-0.03667385873595119,0.025768164758090517,0.003021799609964404,-0.009077184021502038,0.04085427909137085,-0.022237982920437993,-0.003824489051285962,-0.011598397130588634,-0.0001026525384162369,0.013870320938759395,-4.131699117500819,1.2789900792536315,-2.23491441826436,1.1337940766260886,3.543335788923656,1.4086104725710804,-3.0954893687869856,-2.3076419610226075,0.8455327494634233,-2.6282285949286504,1
356,29.282713277082667,3.7015516744226917,31.263407415469143,3.6782946412042894,29.379802413246352,3.6760439362024533,32.49241334453487,3.6921858877217515,31.304589399579307,3.6943019046675696,30.38717067962341,3.6886547657068487,29.584645466720183,3.7025696106583688,26.961980549342755,3.6881471261222867,32.827098809347845,3.705084117888485,28.6384458431654,3.6895870316866346,30.18146426880444,3.691642069628138,0.009909604794553939,-0.013347428423848395,-0.015598133425684502,0.0005438180936137016,0.0026598350394317904,-0.0029873039212890973,0.01092754103023097,-0.0034949435058511114,0.013442048260347228,-0.0020550379415031905,0.1655086622464239,-2.703785377384044,3.5931893252280496,1.7168896965069038,-2.889404440902595,-1.6090668603385367,-3.5346667403736234,4.3335872275148795,-3.294746319104501,1.7443951107693607,1
357,17.29979944996508,3.6957398767680933,30.071554243993855,3.712412115095986,29.656961777142055,3.710215570532996,27.842622398098882,3.668186775953583,30.369909604360867,3.682677578995317,30.78421376699884,3.710146256997834,29.064647936340744,3.697099564602405,29.327615471221037,3.6766776418552096,31.200974085525228,3.7300052036057605,26.049723468673225,3.6840057346748405,28.309992299504557,3.6967166319082025,-0.0009767551401091978,0.015695483187783577,0.013498938624793677,-0.028529855954619432,-0.014039052912885541,0.013429625089631525,0.00038293269420242027,-0.020038990052992922,0.033288571697557945,-0.01271089723336205,-1.1918531714752874,0.27715936389570217,-4.649790946435985,-0.9346797952184396,0.3970430873754296,-0.5199975303794382,2.365634921878282,-1.6261247238226169,-2.588722374492175,-1.8714719692998827,1
358,8.264615584399335,3.7195078884133035,31.587431524154873,3.710390290631639,28.969809032963923,3.7044309044780213,32.28852633223422,3.6883839981302153,28.13785884742031,3.6603576650191174,31.706786877717754,3.661564879025347,26.65084736042389,3.6667252706611597,27.645775512225562,3.6941598664759057,33.30523012194113,3.71988088875436,29.59233077234159,3.719341311399218,28.6380602811671,3.6944742962988295,0.02503359211447398,0.015915994332809547,0.00995660817919175,-0.006090298168614172,-0.034116631279712095,-0.03290941727348251,-0.02774902563766979,-0.00031442982292384514,0.025406592455530674,0.024867015100388468,1.5158772801610176,-0.6871527441781318,4.4459039341353375,-2.2320507569405557,0.9225731107189148,-2.4138005759168557,-1.6818399589954751,2.104256036415901,3.5426073036683654,0.32806798166254225,1
359,35.99453821816182,3.6813178392638384,34.55883347370273,3.709401209446097,28.609021421805185,3.7454098912052247,30.070996414811884,3.701076631037349,30.750333848648122,3.7209962247897344,28.687064727348233,3.6796512048742267,30.262110399454805,3.707221046838721,31.81795607271766,3.692807705762969,28.899268944536992,3.737332501572535,28.59328708052595,3.731973816888263,28.460688447660267,3.7107188071678956,-0.029400967904057218,-0.0013175977217985135,0.03469108403732912,-0.00964217613054652,0.010277417621838758,-0.031067602293668894,-0.003497760329174593,-0.017911101404926466,0.026613694404639343,0.0212550097203672,2.971401949547854,-0.36078761115873803,-2.217529917422336,2.6124750012278106,-3.019722150369521,3.6112630390309164,4.172180560492098,-4.405961177404137,-0.9990436918156398,-0.1773718335068324,1
360,33.90390301059582,3.682071266494368,29.10580709742161,3.6857920395266164,28.870615768484157,3.698719262764672,33.26933310503974,3.666336943879272,31.99403942316354,3.6824218590452333,28.61858414814216,3.6722883697395585,30.330390681904912,3.7080096426842024,31.88841729317199,3.699406501153355,28.617971625407424,3.690749049491153,27.16577851805346,3.6787344543846396,26.406282958134753,3.6864529389163065,-0.004381672421938543,-0.0006608993896901616,0.012266323848365346,-0.02011599503703465,-0.0040310798710732065,-0.01416456917674802,0.02155670376789587,0.012953562237048466,0.004296110574846246,-0.007718484531666903,-5.453026376281116,0.2615943466789723,3.1983366902278583,1.2437055745154169,-0.06848057920607431,0.06828028245010742,0.07046122045433023,-0.28129731912956757,-1.4275085624724895,-2.0544054895255144,1
361,25.29083021850294,3.6799056488959714,30.566616446377296,3.725288317237038,32.33523615991965,3.708719855461284,31.55198959305822,3.6961692935452497,27.582172769345473,3.714595735931148,32.36543865576135,3.6742423368979718,29.581096103362672,3.701135001031113,26.059702996670932,3.6642728975132015,29.782488750184392,3.7069203805230697,31.29425818028469,3.705190303520909,27.972296206108094,3.6976439770556953,-0.01773832815972387,0.027644340181342653,0.011075878405588657,-0.0014746835104455513,0.01695175887545286,-0.023401640157723502,0.003491023975417562,-0.03337107954249374,0.009276403467374461,0.007546326465213582,1.460809348955685,3.4646203914354956,-1.7173435119815217,-4.411866653818066,3.7468545076191937,-0.7492945785422407,-5.828714296501058,1.1645171247769674,4.1284796622312285,1.5660132479733413,1
362,20.859617368695872,3.6842435250450714,33.08767661382906,3.7098055213133354,29.480110995054822,3.6867714472336437,28.66406132385773,3.6904555223593327,33.94960159930669,3.697722384665541,31.477779404884945,3.7109048484966842,28.206451772391567,3.6948155223642907,28.418171880006792,3.6772158965676534,30.948365962181363,3.7003816266215823,30.086952602069797,3.6846665640161675,31.780351085440948,3.6936982858683307,-0.009454760823259356,0.016107235445004697,-0.006926838634687016,-0.0032427635089979923,0.004024098797210218,0.017206562628353517,0.0011172364959599612,-0.016482389300677358,0.00668334075325161,-0.009031721852163166,2.5210601674517648,-2.8551251648648304,-2.88792826920049,6.3674288299612165,-0.887659250876407,-1.3746443309711047,2.35846888333586,1.1658772119969711,-1.2073055782148927,3.808054879332854,1
363,40.45734143028051,3.698880522841163,30.92364595167282,3.6688410160762333,31.56769388062277,3.7212975238845463,28.35351883871504,3.6907937151666794,28.96969943870839,3.7006788195487146,29.717625748882398,3.6993434114551205,31.546997909088315,3.952106954831358,29.53180392358608,3.683770885519266,26.43780569194225,3.7090776274007307,29.603634257309864,3.6990282839443767,31.46654090193741,3.7223818760668186,-0.023501353225655386,-0.05354085999058533,-0.001084352182272319,-0.03158816090013916,-0.021703056518104002,-0.023038464611698117,0.22972507876453951,-0.03861099054755268,-0.013304248666087926,-0.023353592122441924,-2.1640306621562395,2.0875828855679472,-0.31054248514269034,-4.9799021605983,-1.7601536560025473,3.340546136696748,1.1136320435792868,-4.5105602702391145,-0.4833183447599332,-0.31381018350353784,1
364,19.863237896066035,3.7198859765337526,29.249185107032076,3.7050946227476045,29.902340328132592,3.697422452426225,30.47091159022223,3.689818123893769,22.623269417143113,3.709707198151064,28.38469888450647,3.6830179029801955,29.216860045287923,3.706113311372852,33.01012407721666,3.685374908623741,27.839994783235735,3.682046812294499,30.325593236199825,3.6872502513035,32.99006061947168,3.6965731560327213,0.02331282050103134,0.008521466714883186,0.000849296393503618,-0.006755032138952455,0.01313404211834257,-0.013555253052525806,0.009540155340130863,-0.011198247408980233,-0.01452634373822237,-0.00932290472922137,-1.6744608446407447,-1.6653535524901777,2.1173927515071895,-6.346430021565276,-1.3329268643759278,-2.330137863800392,3.4783201536305803,1.4021890912934865,0.7219589788899619,1.523519717534267,1
365,31.542547749789,3.6871312986593945,30.493377540672114,3.6818842124279643,32.59835316173927,3.690113887974273,28.278985497799567,3.686667427686427,28.22428858504559,3.7021756672770794,31.42391493343453,3.66922405245682,28.061897896924833,3.7129457312809206,29.53343203368546,3.7018239273874287,32.95146535798469,3.7106492861557743,28.252662216154746,3.67711707045945,33.088884197748534,3.6919732561765537,-0.004841957517159212,-0.010089043748589432,-0.00185936820228072,-0.005305828490126618,0.010202411100525666,-0.022749203719733657,0.02097247510436695,0.009850671210875017,0.018676029979220576,-0.014856185717103898,1.2441924336400376,2.6960128336066767,-2.191926092422662,5.601019167902475,3.0392160489280613,-1.15496214836309,-3.476692043531198,5.111470574748953,-2.072931020045079,0.09882357827685695,1
366,12.196096026085737,3.7287114198632727,28.005543425122447,3.663431882383161,27.881925755975804,3.6586324856913794,32.207440027445195,3.7017879055786325,29.231021757916963,3.691148214144517,29.873220295930377,3.700154557863514,30.965580248120634,3.7189062354247175,32.16716620621999,3.6889486130776232,29.333078613636456,3.662539883381388,33.0399040118286,3.740889631143999,25.72840030253039,3.695515082855221,0.03319633700805191,-0.032083200472059925,-0.036882597163841346,0.006272822723411675,-0.004366868710703908,0.0046394750082932035,0.023391152569496754,-0.006566469777597561,-0.03297519947383298,0.04537454828877818,-2.487834115549667,-4.716427405763465,3.9284545296456272,1.0067331728713746,-1.5506946375041544,2.903682351195801,2.6337341725345276,-3.618386744348232,4.78724179567385,-7.360483895218145,1
367,15.3923749069435,3.7043928317323407,27.338381476276002,3.733439259201466,30.46848808407854,3.711420629287943,29.15678282937776,3.7125719898606078,31.251940949977435,3.7139860079943583,29.782009678577236,3.6815153596936163,26.907815359392654,3.6885435495283914,27.000264721474966,3.722337363245415,29.98790296272183,3.6589840028801173,28.457730065532743,3.6863537785558576,28.934732294445304,3.7013544771980107,0.00303835453432999,0.0320847820034551,0.010066152089932334,0.011217512662597073,0.012631530796347601,-0.019839117504394377,-0.012810927669619332,0.020982886047404392,-0.042370474317893425,-0.015000698642153143,-0.6671619488464451,2.586562328102737,-3.0506571980674337,2.0209191920604717,-0.09121061735314129,-4.057764888727981,-5.166901484745022,0.6548243490853736,-4.582173946295853,3.206331991914915,1
368,37.3307080245425,3.6956977239965902,32.98600620888641,3.7308455325532264,29.679739720804125,3.7198870303963085,31.236721132519328,3.7180454279988693,32.9112009585146,3.690002551391783,32.06330754915035,3.710860645585793,27.18216179461895,3.6953220439909282,30.889791790019768,3.6960781357864616,31.701438788921294,3.708193706874931,31.783726044321497,3.6880601282315815,27.773410331770737,3.7052992926806474,-0.009601568684057149,0.02554623987257898,0.014587737715661131,0.012746135318221885,-0.015296741288864268,0.0055613529051457,-0.009977248689719165,-0.009221156894185789,0.002894414194283712,-0.017239164449065925,5.6476247326104065,-0.788748363274415,2.0799383031415672,1.6592600085371636,2.281297870573116,0.2743464352262954,3.889527068544801,1.7135358261994647,3.325995978788754,-1.1613219626745668,1
369,40.66055011126685,3.6960911625241426,31.154386634375456,3.7109266341200353,27.541964126893628,3.699595205574047,31.098859014871525,3.6804382324750313,28.679943702178512,3.685407327093297,27.96623202890431,3.7140744563779857,28.989310215599406,3.3818835964115435,32.72412991385495,3.683768929130475,29.271091730102118,3.715067689199694,34.40278142457587,3.702675781257302,25.875643790503705,3.666992901416356,0.029098261107786794,0.04393373270367951,0.032602304157691275,0.013445331058675514,0.018414425676941182,0.04708155496162991,-0.28510930500481235,0.016776027714119124,0.04807478778333829,0.03568287984094631,-1.8316195745109525,-2.137775593910497,-0.13786211764780276,-4.231257256336086,-4.09707552024604,1.8071484209804574,1.8343381238351846,-2.4303470588191765,2.6190553802543732,-1.897766541267032,1
370,6.569613761901245,3.6819455109084274,29.9710422826705,3.695882363959123,28.87632872962068,3.6875680914889717,31.392678295397754,3.6981022848761387,30.800345757945617,3.7054781200096367,29.61434480835054,3.6860533412282495,30.970033449653652,3.6944616041185636,29.23370284254831,3.7017448639718555,28.939231961891135,3.709432039320151,26.20136569041368,3.729329858099707,29.344153785208846,3.6989998077980824,-0.017054296889654985,-0.0031174438389593995,-0.011431716309110662,-0.000897522921943672,0.006478312211554371,-0.012946466569832893,-0.0045382036795187375,0.002745056173773186,0.010432231522068847,0.030330050301624834,-1.1833443517049567,1.334364602727053,0.29381928052622897,2.120402055767105,1.6481127794462296,1.9807232340542456,-3.490427071306641,-0.3318597682109825,-8.20141573416219,3.4685099947051405,1
371,24.31357618820155,3.678572290722938,32.63253510299994,3.6828246698225406,31.766229103316967,3.695423453882867,29.847459177955866,3.7008859932279057,32.2515412322575,3.7164740259475426,30.38444536109461,3.675454879826706,31.962377655644875,3.7135657374141435,26.676795330062397,3.692581529777004,27.50065436947947,3.664289054022363,31.45807197114544,3.7002714731876845,33.07856498868965,3.692034310783169,-0.013462020060230895,-0.009209640960628374,0.0033891430996981775,0.008851682444736664,0.0244397151643736,-0.01657943095646308,0.021531426630974515,0.0005472189938351413,-0.02774525676080586,0.008237162404515441,2.661492820329439,2.8899003736962854,-1.5452191174418886,1.4511954743118842,0.7701005527440685,0.9923442059912233,-2.556907512485914,-1.438577592411665,5.256706280731759,3.7344112034808035,1
372,46.23899851253901,3.6883399594108712,30.125051444689618,3.7238358743477913,31.832781688082335,3.691383214823183,31.438519423171233,3.727122531991925,31.002506929720596,3.710685607299003,25.808493373808005,3.719131174528487,29.573551762185485,4.0115817074614695,29.363421557300395,3.710654615755191,27.793484863876774,3.704304608632929,31.807515242274533,3.685463621058895,25.9493826137809,3.7372502915309744,-0.048910332120103206,-0.013414417183183147,-0.045867076707791554,-0.010127759539049652,-0.026564684231971558,-0.01811911700248725,0.27433141593049504,-0.026595675775783256,-0.03294568289804545,-0.05178667047207952,-2.5074836583103206,0.0665525847653683,1.5910602452153668,-1.2490343025369057,-4.575951987286604,-2.3888258934593907,2.6866262272379977,0.2928304943973039,0.34944327112909335,-7.129182374908748,-1
373,41.270742707138105,3.6731902271726713,30.85592525310527,3.693603474442225,33.4461494352925,3.702886200388702,33.278513033483506,3.6633258846474113,26.154456455875327,3.683328034340672,31.15414436767028,3.6864022292052763,29.64395341987232,3.38408059252299,30.310310685730713,3.703837790900433,29.2034339329149,3.6967888078099644,30.235177259774403,3.6888942779479796,30.302814792144037,3.6576337519378326,0.015556475234838718,0.035969722504392454,0.0452524484508694,0.00569213270957869,0.02569428240283944,0.028768477267443693,-0.2735531594148424,0.04620403896260061,0.03915505587213186,0.03126052601014706,0.7308738084156516,1.6133677472101624,1.8399936103122734,-4.848050473845269,5.345650993862275,0.07040165768683693,0.9468891284303176,1.4099490690381273,-1.5723379825001302,4.353432178363136,1
374,29.862656431769473,3.6873351168079163,25.02174439039535,3.687974114339297,28.517393262125495,3.7156364242193094,29.59243495718019,3.713201909210608,31.119902854638696,3.7014097218451787,32.271013052206385,3.7090212976327512,33.7134632083763,3.7094158088793394,29.816578634259738,3.6927276088573406,29.950528750620332,3.6891500138722457,30.72522012123036,3.7307337283124475,28.937758123342157,3.7036605743976425,-0.016325457589726255,-0.01568646005834573,0.011975849821666884,0.009541334812965374,-0.0022508525524638223,0.005360723235108722,0.0057552344816969025,-0.010932965540301876,-0.014510560525396787,0.027073153914805026,-5.834180862709918,-4.928756173167002,-3.6860780763033176,4.965446398763369,1.1168686845361044,4.069509788503975,-0.49373205147097465,0.7470948177054311,0.490042861455958,-1.3650566688018806,1
375,26.219305696467437,3.6908108916922964,30.874992453851952,3.686368043748252,27.054860025622045,3.697033211844182,32.70857504669,3.709999740818637,32.13293017064653,3.6945129489667394,28.571101781416402,3.711450265752511,32.09345186874347,3.692257481898809,30.65960245468004,3.700697844360222,30.092831797213144,3.744731058980894,32.58191129255,3.707145337270651,28.97540285385854,3.7035006825333197,-0.012689790841023285,-0.017132638785067655,-0.0064674706891376665,0.006499058285317272,-0.008987733566580225,0.007949583219191148,-0.011243200634510675,-0.002802838173097566,0.041230376447574546,0.003644654737331443,5.853248063456601,-1.4625332365034502,3.1161400895098126,1.013027316007836,-3.6999112707899826,-1.6200113396328248,0.8430238204203029,0.14230304659281146,1.8566911713196355,0.03764473051638362,1
376,32.89540782921565,3.6793520470073364,29.464647045922426,3.712145432308154,32.7836117832382,3.678699179920148,32.306987088680735,3.695766008203219,28.123954186188683,3.698760739855295,31.16434847798117,3.7172514182809793,31.203821212320808,3.714899067768007,31.058367159233853,3.702406611754233,30.7991621494912,3.656959249575586,31.260309172936502,3.708896674659841,33.00297163114799,3.6965136429332803,-0.017161595925943907,0.01563178937487386,-0.017814463013132276,-0.0007476347300614528,0.0022470969220145243,0.02073777534769894,0.018385424834726827,0.005892968820952582,-0.039554393357694284,0.012383031726560745,-1.4103454079295261,5.7287517576161555,-0.40158795800926583,-4.008975984457848,2.593246696564769,-0.8896306564226641,0.3987647045538125,0.7063303522780551,-1.3216021196134946,4.027568777289453,1
377,12.990740118422794,3.6790295062086362,28.12723696282418,3.6747816930103,30.578323295479905,3.724479198198143,33.610687479756976,3.7050071963415165,31.738167983010545,3.700569862980902,31.184885428448194,3.7009854799353064,29.840266137430948,3.697877219803507,27.33494017200814,3.7243448129065317,31.02997964817433,3.6697076818960843,34.051934131670265,3.668879528375992,29.51988468898294,3.6945662179656913,-0.015536711757055066,-0.01978452495539118,0.02991298023245159,0.01044097837582525,0.006003645015210779,0.006419261969615064,0.0033110018378157413,0.029778594940840453,-0.024858536069606973,-0.02568668958969944,-1.337410083098245,-2.2052884877582954,1.3037003910762408,3.6142137968218613,0.020536950467022308,-1.3635550748898595,-3.7234269872257144,0.2308174986831304,2.791624958733763,-3.483086942165052,1
378,19.563310606121554,3.7030578429669148,30.820806529850326,3.6845942328808703,29.658239177067777,3.699558963974863,28.966506475878766,3.7132319592656793,29.69534319109128,3.7090897769516666,31.563543328604243,3.6846042159956833,32.02038122447152,3.668493934421257,29.476426470155463,3.6918590691355693,35.07246261905519,3.7221809727187343,30.184807551554112,3.7170875393021445,29.306089100130198,3.6993758507613377,0.003681992205577078,-0.01478161788046739,0.0001831132135254876,0.013856108504341602,0.009713926190328959,-0.014771634765654351,-0.03088191634008064,-0.0075167816257684095,0.02280512195739659,0.017711688540806847,2.6935695670261453,-0.9200841184121273,-4.644181003878209,-2.0428247919192657,0.3786579001560497,2.1801150870405728,2.141486298147324,4.042482970880858,-3.867126580116153,-0.21379558885274363,1
379,23.757557685025713,3.6604902408559234,30.894809567071633,3.7336573877706365,30.008732396807705,3.701869391645823,31.236191680857615,3.7083685586097332,30.329550008362713,3.696686618125407,32.11717767163199,3.700622013162266,28.51945141798249,3.7117616919948904,30.116311559700474,3.667267050763575,32.218726828005025,3.6869574752581222,31.818652096041347,3.683098854323827,27.040710887099824,3.6950779282510213,-0.03458768739509788,0.03857945951961517,0.0067914633948018555,0.013290630358711919,0.0016086898743856715,0.0055440849112446955,0.01668376374386904,-0.027810877487446373,-0.008120452992899097,-0.011979073927194328,0.0740030372213063,0.35049321973992775,2.269685204978849,0.6342068172714335,0.553634343027749,-3.5009298064890295,0.639885089545011,-2.8537357910501626,1.6338445444872356,-2.265378213030374,1
380,26.11804599218673,3.6940333831950385,33.47223189979007,3.6826977327306247,30.562890111443785,3.7010885455042026,30.53874119037677,3.6963811790737777,28.12103754374429,3.6935697438316706,29.150756882566437,3.7374855218121197,33.646243043117,3.677405043639908,30.998724492873823,3.7007487413758744,29.32057029671419,3.67874653950143,30.881214513939877,3.6891795045720794,30.535327726422416,3.6951335935236727,-0.0011002103286341658,-0.012435860793047926,0.005954951980529977,0.0012475855501050681,-0.0015638496920020728,0.04235192828844703,-0.01772854988376471,0.005615147852201741,-0.01638705402224261,-0.005954088951593217,2.5774223327184345,0.5541577146360801,-0.697450490480847,-2.2085124646184227,-2.9664207890655554,5.126791625134512,0.8824129331733488,-2.8981565312908337,-0.9374375821014702,3.4946168393225925,1
381,41.828119137402055,3.6949530192342555,29.448918507789152,3.6872042221802097,29.904312861300493,3.7013552586969793,28.780931321743807,3.678262305922101,30.32936964987194,3.7219946853208907,30.597818280090497,3.7373736194789635,28.439734691458607,4.007893879369003,27.850647316744208,3.6953512289294177,27.34796917593187,3.718818019998273,30.833069325224084,3.7154385844871736,29.977034860759787,3.735864482361727,-0.040911463127471404,-0.048660260181517145,-0.03450922366474751,-0.05760217643962573,-0.01386979704083613,0.0015091371172366586,0.2720293970072758,-0.04051325343230916,-0.017046462363453863,-0.02042589787455329,-4.023313392000915,-0.658577250143292,-1.757809868632961,2.2083321061276493,1.4470613975240596,-5.206508351658396,-3.1480771761296147,-1.972601120782322,-0.0481451887157931,-0.5582928656626294,1
382,22.22708935835767,3.7319479458644325,28.14214703507854,3.7128937960656847,28.991742652696672,3.686904604487521,29.85428462231789,3.6897878300140485,33.778557591007996,3.7015983052748007,30.476342612279257,3.7064186012385134,28.31845622020275,3.6802426817972047,30.441261608614326,3.7144607587915974,29.295824505092238,3.701710266592792,30.649516479067085,3.6656858336272378,31.16113537407123,3.699165062375383,0.032782883489049564,0.013728733690301809,-0.012260457887861786,-0.009377232361334364,0.00243324289941782,0.007253538863130515,-0.01892238057817819,0.015295696416214533,0.002545204217409225,-0.03347922874814513,-1.3067714727106114,-0.912570208603821,1.0733533005740838,3.4491879411360564,-0.12147566781123942,-0.12127847125585589,2.590614291870118,1.9478553291603689,-0.1835528461569993,1.1841005133114422,1
383,8.283574981655947,3.699423005597315,29.03170573822558,3.7266031871070946,30.110512196573353,3.7063653107512042,31.599822563376772,3.7219117200054863,29.884344983388218,3.7122102200471803,33.28819355570492,3.6736316371974724,27.30442604957498,3.688834702483887,31.356039830933984,3.699038051539147,31.336426508872275,3.717368886211919,32.30407739662746,3.738556259948772,30.124102697645988,3.7083942980889484,-0.00897129249163342,0.018208889018146213,-0.002028987337744148,0.01351742191653793,0.0038159219582318826,-0.03476266089147595,-0.019559595605061375,-0.009356246549801384,0.008974588122970584,0.03016196185982345,0.8895587031470384,1.118769543876681,1.7455379410588812,-3.894212607619778,2.8118509434256644,-1.0140301706277697,0.9147782223196579,2.0406020037800374,1.654560917560378,-1.037032676425241,1
384,22.612014201368613,3.6942387440329747,25.229772602613927,3.708620459160218,28.869482521579194,3.697728748704191,26.376021324875893,3.698882956346944,28.09861861316949,3.692452269650756,23.72297066753192,3.726897080623614,29.726020844612115,3.6853414792378296,27.716116361677376,3.685195354949026,30.119810513592878,3.7424198713169026,26.74975748223495,3.719556951293087,30.16582370634408,3.7051333915315547,-0.010894647498580046,0.003487067628663354,-0.007404642827363528,-0.006250435184610659,-0.012681121880798951,0.02176368909205939,-0.019791912293725122,-0.019938036582528795,0.037286479785347826,0.01442355976153209,-3.8019331356116517,-1.2410296749941594,-5.223801238500879,-1.785726370218729,-9.565222888173,2.4215947950371337,-3.6399234692566083,-1.2166159952793976,-5.5543199143925115,0.0417210086980937,1
385,13.294910704468606,3.738512522549239,29.877805340864636,3.677934985890593,30.13898322543927,3.7182851908958825,30.685143663062913,3.723208036585347,28.088723630611515,3.653231435995138,29.47916093369492,3.6876929446647715,30.741196827960422,3.7296891818565143,30.353771678860017,3.673704530985611,30.698451125088933,3.723965520732893,28.562625911702234,3.6996426683719785,31.2645984195666,3.702586701852797,0.03592582069644212,-0.024651715962203724,0.015698489043085573,0.0206213347325499,-0.049355265857658814,-0.014893757188025436,0.0271024800037174,-0.02888217086718603,0.021378818880096073,-0.0029440334808183977,4.648032738250709,1.269500703860075,4.30912233818702,-0.00989498255797372,5.756190266162999,1.015175983348307,2.6376553171826416,0.5786406114960556,1.812868429467283,1.098774713222518,1
386,15.538749152756582,3.674137554991901,30.366025856622965,3.701677450035219,28.016945917790736,3.67839185341443,30.210557247819356,3.6764516698950143,30.301204985689267,3.6915261856617865,26.99390628128504,3.690216876496316,31.991387508740726,3.689240429423561,28.237132589546007,3.7093288919368055,30.18061959841287,3.701580956043006,32.32882348107054,3.694236879389778,31.85135351542774,3.690678874728781,-0.016541319736880222,0.010998575306437886,-0.012287021314350888,-0.014227204833766827,0.0008473109330053852,-0.00046199823246517724,-0.0014384453052200818,0.018650017208024394,0.010902081314224876,0.003558004660996872,0.4882205157583286,-2.122037307648533,-0.47458641524355727,2.2124813550777525,-2.485254652409882,1.2501906807803032,-2.1166390893140097,-0.517831526676062,3.766197569368309,0.5867550958611396,1
387,48.426423030946346,3.7362060522000835,32.87858696767094,3.7079853881522835,30.84979629981163,3.6880512340505494,31.948246738591862,3.711330238588824,29.01636101903434,3.7018158180593423,30.70601236109299,3.665640853725604,26.547530431975865,3.4172612156250546,29.745926194249915,3.6918892017186584,27.030936916137886,3.72841236585548,27.7140457182938,3.697511384317124,28.218391468510752,3.674610375229301,0.06159567697078261,0.033375012922982616,0.013440858821248458,0.03671986335952315,0.02720544283004145,-0.008969521503696676,-0.2573491596042463,0.017278826489357524,0.0538019906261793,0.022901009087823,2.512561111047976,2.8328503820208937,1.7376894907725067,-1.284843966654929,3.7121060798079526,-5.443857076764861,1.5087936047039072,-3.1496826822749853,-4.614777762776743,-3.6329620469169868,-1
388,10.839300507331895,3.691911242950491,30.781752066294107,3.7050469838736166,30.39152400776838,3.7104300889880544,32.24363928054604,3.6956542451304624,28.999215720831213,3.6767710278002794,32.64966306404453,3.7146101657012953,31.05928580100375,3.6861318036379536,29.94642165111352,3.682618220509886,33.63339185101208,3.702853212303121,30.190425461693568,3.661426751614887,28.9632653447447,3.692745374251005,-0.0008341313005137962,0.012301609622611842,0.01768471473704958,0.00290887087945757,-0.015974346450725374,0.02186479145029052,-0.006613570613051234,-0.010127153741118722,0.010107838052116236,-0.031318622636117954,-2.096834901376834,-0.45827229204325093,0.29539254195417897,-0.017145298203125492,1.9436507029515404,4.511755369027885,0.2004954568636066,6.602454934874192,2.476379743399768,0.744873876233946,1
389,7.185499387668319,3.7254518201611644,30.39147209554,3.708788076898077,31.94674107165834,3.7325342873199214,32.15221541580391,3.6942295277909976,29.020966801629257,3.683860778919659,30.46201186346097,3.710242569733886,32.95422216576318,3.7023771672644568,29.06421850188095,3.7064540450632935,28.701107201134896,3.7034644032593302,31.58880592793774,3.6903113125329705,31.23791841396096,3.7057713988943752,0.01968042126678915,0.003016678003701756,0.026762888425546194,-0.011541871103377677,-0.021910619974716106,0.004471170839510652,-0.003394231629918476,0.0006826461689182217,-0.002306995635044995,-0.015460086361404723,-0.3902799707541078,1.5552170638899625,-0.09142386474213282,0.021751080798043887,-2.187651200583563,1.8949363647594275,-0.8822031492325699,-4.932284649877182,1.3983804662441734,2.27465306921626,1
390,17.56693751184454,3.686657947504587,28.380371805446533,3.6958298224490895,30.211082242592763,3.679307626817855,29.26523645070196,3.7363987713463835,32.760231859151,3.7104124553033713,28.72660247204894,3.694892100465877,31.554311748873662,3.691152496189356,32.78804519188674,3.6754327075370523,29.24573879244486,3.6977979981754387,28.82284510469951,3.713301161623801,31.845404637049253,3.6981183087412814,-0.01146036123669436,-0.002288486292191916,-0.018810681923426387,0.038280462605102095,0.012294146562089825,-0.0032262082754046517,-0.00696581255192541,-0.022685601204229133,-0.00032031056584269635,0.015182852882519526,-2.0111002900934665,-1.735658829065578,-2.8869789651019495,3.7392650575217417,-1.7354093914120305,-1.3999104168895151,3.7238266900057866,0.5446315913099653,-2.765960823238231,0.6074862230882943,1
391,29.78344764009825,3.7163580728919587,29.34137527253219,3.669732718699165,30.901515254585995,3.672885880795262,29.991841056991937,3.6761757076663466,29.493080242486936,3.68568100065213,27.160368610195803,3.71884151882199,30.29808639584934,3.7300791306724332,31.916751409296115,3.6877481290211995,28.443444304519435,3.699068737973879,26.063458731621342,3.7097983461814503,29.36089871540939,3.6966369243375814,0.019721148554377343,-0.026904205638416556,-0.023751043542319383,-0.020461216671234794,-0.010955923685451285,0.022204594484408702,0.03344220633485184,-0.00888879531638187,0.0024318136362975196,0.013161421843868926,0.9610034670856571,0.6904330119932318,0.7266046062899782,-3.267151616664062,-1.566233861853135,-1.2562253530243233,-0.8712937825906231,-0.8022944879254261,-2.7593863730781685,-2.4845059216398617,1
392,33.018171231286374,3.7240824015159437,27.397086113274238,3.7136558257224226,27.52407325435027,3.7096277565330364,29.473303852753347,3.6863151833311916,30.43213206713865,3.6878017940274517,30.107600873350584,3.702741344664512,30.921817995384043,3.6889367467594347,29.49543995189864,3.7262526396817828,29.566186010518727,3.688080886477487,33.503719948604044,3.6610647125434346,32.41071514252175,3.6988559291256697,0.02522647239027398,0.014799896596752848,0.010771827407366708,-0.01254074579447817,-0.011054135098218065,0.003885415538842363,-0.009919182366235013,0.027396710556113035,-0.01077504264818252,-0.037791216582235165,-1.944289159257952,-3.3774420002357246,-0.5185372042385907,0.9390518246517132,2.947232263154781,0.6237315995347039,-2.4213114573974757,1.1227417059992923,7.440261216982702,3.0498164271123613,1
393,7.386159696341484,3.714919729933836,29.738445102465196,3.687022550930219,32.74624780367298,3.6841404730657867,28.00306334655611,3.738251093788639,26.667161620504352,3.6945194753851047,33.77537155373319,3.704988686084281,27.705885649195658,3.7129672991279126,27.002842005546018,3.664262279297042,33.23806313878036,3.69962946076603,27.62706015640569,3.6670856743065268,33.28982841945725,3.6967786722685383,0.018141057665297833,-0.009756121338319268,-0.012638199202751554,0.04147242152010078,-0.0022591968834335674,0.008210013815742823,0.016188626859374278,-0.032516392971496444,0.002850788497491763,-0.029692997962011525,2.341358989190958,5.222174549322709,-1.4702405061972357,-3.7649704466342975,3.6677706803826027,-3.215932346188385,-2.492597946352621,3.6718771282616345,-5.876659792198353,0.8791132769354988,1
394,41.80080564407385,3.6890327824950653,27.851072340040023,3.701624407545032,29.265099861607638,3.7047547251135975,31.08975011937918,3.6957891572085355,34.28570024744971,3.712206286021233,29.681348728232795,3.701704861536222,26.451537417328474,3.3960133676649513,28.4195049807354,3.6916743172844044,31.31778369918446,3.7047669293143533,28.059435782102106,3.6728668434510783,27.388509484243112,3.667043367763447,0.021989414731618417,0.03458103978158533,0.03771135735015063,0.028745789445088654,0.04516291825778618,0.03466149377277494,-0.27103000009849554,0.024630949520957568,0.03772356155090639,0.005823475687631419,-1.8873727624251728,-3.4811479420653413,3.086686772823068,7.618538626945359,-4.094022825500392,-1.2543482318671835,1.4166629751893822,-1.9202794395959017,0.43237562569641597,-5.901318935214139,1
395,42.739571952160574,3.6913472496733295,31.82815432844807,3.743714612334452,28.02590764212737,3.6950685789148086,33.23174498024463,3.714702642261082,28.07021339962723,3.7001276308192663,30.42564879733994,3.663034829398432,29.979295420184528,3.359107419923975,29.652252359370827,3.688420315601202,32.67718427659121,3.7211220250334,28.589778959668077,3.7157658331327204,27.300789488576143,3.669241113709267,0.022106135964062634,0.07447349862518493,0.02582746520554169,0.04546152855181518,0.030886517109999456,-0.006206284310835031,-0.3101336937852919,0.019179201891935005,0.051880911324133194,0.04652471942345349,3.9770819884080453,-1.2391922194802696,2.1419948608654487,-6.215486847822479,0.744300069107144,3.5277580028560536,1.2327473786354268,1.3594005774067526,0.530343177565971,-0.0877199956669692,-1
396,12.56961210503945,3.675505560320887,29.47103773155541,3.6526975509372344,31.25279386619248,3.7383923925759506,31.176440899801396,3.7039585509819797,29.996742775083888,3.740189831832912,31.79457588634349,3.679126812999459,31.700172242984706,3.7095958942857603,28.952664799880992,3.7178921739772655,26.959160690283586,3.696213074836535,30.380867816021578,3.6711110004884264,28.506724867959186,3.6984682843236407,-0.022962724002753898,-0.04577073338640636,0.03992410825230985,0.00549026665833896,0.04172154750927115,-0.019341471324181736,0.011127609962119589,0.019423889653624737,-0.0022552094871057804,-0.027357283835214297,-2.3571165968926593,3.2268862240651117,-2.055304080443232,1.9265293754566564,1.3689270890035523,1.7208768228001787,-0.6995875594898351,-5.718023586307627,1.7910888563535003,1.2059353793830425,1
397,9.667857404412239,3.707874851102858,32.6372136720262,3.708409493234704,30.922836649572925,3.6772127808078663,28.561339175810424,3.702134042136731,30.1045579648909,3.731531395226438,31.54696166677105,3.7149697747696933,31.881078387258526,3.701866624721822,30.62524061129166,3.6613805131625794,31.7100793654353,3.6950128704378042,29.88261484067432,3.7329273116129524,29.79418667381867,3.7033319657213455,0.004542885381512374,0.005077527513358326,-0.0261191849134792,-0.0011979235846144576,0.028199429505092688,0.01163780904834777,-0.0014653409995233346,-0.04195145255876609,-0.008319095283541245,0.02959534589160695,3.16617594047079,-0.32995721661955457,-2.6151017239909713,0.10781518980701321,-0.24761421957244067,0.1809061442738198,1.6725758114106668,4.750918675151713,-0.4982529753472562,1.2874618058594827,1
398,41.35693300532237,3.710339916192818,30.231963319564592,3.682659135449573,29.734804653041333,3.686523512380503,29.673675728325517,3.7222317462644057,32.182358627189075,3.7122749258621286,31.389879172861246,3.662263249837846,30.809487607490922,3.3925155074991498,30.177666197801557,3.7097939354918634,28.902362617239564,3.702777312343767,29.386492671676923,3.712364084903679,32.129342248873755,3.669374332622573,0.040965583570244934,0.013284802827000064,0.017149179757930177,0.05285741364183272,0.04290059323955564,-0.007111082784727163,-0.2768588251234232,0.04041960286929047,0.033402979721194104,0.04298975228110624,-2.405250352461607,-1.188031996531592,1.1123365525150923,2.0778006622981735,-0.15708249390980455,-1.0715907797676039,-0.4475744134901021,-2.807716748195734,-0.4961221689973989,2.3351555750550865,1
399,31.858558735302093,3.663216592216568,31.10235340471428,3.6843282988503243,29.77973684843462,3.7026196225839407,29.177836764643033,3.682870866955085,31.476387918516544,3.680711074592051,29.549209435675355,3.6989776547304674,27.622805195064732,3.728968233402448,32.88660002025958,3.7136943877577684,26.260145409903835,3.7057174357074025,33.03664564913463,3.7037697276152084,31.012910493015525,3.6964873894411268,-0.033270797224558724,-0.012159090590802446,0.00613223314281397,-0.013616522486041838,-0.015776314849075934,0.0024902652893405985,0.03248084396132134,0.01720699831664163,0.009230046266275771,0.007282338174081637,0.8703900851496869,0.044932195393286634,-0.49583896368248404,-0.7059707086725311,-1.840669737185891,-3.1866824124261903,2.7089338224580217,-2.6422172073357295,3.6501529774577044,-1.1164317558582297,1
400,27.945047669252457,3.696798510267834,28.05945734818352,3.695131793948642,27.29426822207192,3.701130212969311,30.29756126961461,3.697501568093529,29.65748739035013,3.6956960735287967,30.174782857840242,3.7228679621429914,29.967891921502826,3.7030027130791243,35.167147320333136,3.7142496352886765,27.339547488717322,3.720627610505547,26.02010746035775,3.707763715913095,30.664753667039218,3.705476979573755,-0.008678469305920977,-0.010345185625113107,-0.004346766604443886,-0.007975411480225958,-0.009780906044958293,0.017390982569236435,-0.0024742664946306725,0.008772655714921473,0.01515063093179192,0.0022867363393399565,-3.0428960565307577,-2.4854686263626995,1.119724504971579,-1.818900528166413,0.6255734221648872,2.345086726438094,2.2805473000735574,1.0794020788134873,-7.016538188776877,-0.34815682597630726,1
401,8.375994000181318,3.7014800802388574,28.42395676244869,3.7019347286547606,30.422280426153918,3.707527097772238,27.22027051819694,3.6901964298372603,29.763316752252358,3.6746761796077436,31.233190772229115,3.735076504896995,27.770553488089984,3.7122416500160758,29.625597261783046,3.69162928533321,31.599854599059835,3.708742260158415,31.17840026446518,3.7366590105190753,27.684736638142276,3.7060163227034635,-0.004536242464606044,-0.004081594048702897,0.0015107750687746169,-0.015819892866203222,-0.03134014309571986,0.02906018219353168,0.006225327312612272,-0.014387037370253264,0.0027259374549513105,0.030642687815611858,0.3644994142651683,3.1280122040819975,-3.077290751417671,0.10582936190222725,1.058407914388873,-2.197338433412842,-5.54155005855009,4.260307110342513,5.158292804107429,-2.980017028896942,1
402,44.2034170857643,3.711372892320256,27.27105829276544,3.7076584342011456,28.14346832268801,3.7325286146921774,31.619315060296483,3.7047208612764875,30.461423498149927,3.692279544042586,30.203576667414655,3.6816848991773288,30.612695067864045,3.7049921891641944,30.185255175897847,3.6511859197044987,32.48572512571663,3.696314219963346,30.2468583634073,3.695883202801573,27.0835737723625,3.697862077734359,0.013510814585896647,0.009796356466786449,0.034666536957818295,0.006858783542128322,-0.005582533691772973,-0.01617717855703038,0.0071301114298352175,-0.04667615802986047,-0.0015478577710132946,-0.0019788749327860344,-1.152898469683251,-2.27881210346591,4.399044542099542,0.6981067458975687,-1.0296141048144598,2.8421415797740615,0.5596579141148013,0.8858705266567917,-0.93154190105788,-0.6011628657797772,1
403,29.978717064694298,3.683439456416247,29.87813672970543,3.7143341136447745,31.937363783262445,3.6716817374092625,30.88658185321485,3.672573716477878,30.364212064114653,3.698653886600646,30.658451733820627,3.7110330453715816,30.62503975955444,3.7162266063784286,26.07020543404631,3.7165036744910673,32.309782285270785,3.709895002250704,29.778934185026422,3.667720177458078,31.415172914971123,3.696206141649867,-0.012766685233620123,0.018127971994907455,-0.024524404240604536,-0.02363242517198927,0.0024477449507789295,0.01482690372171458,0.02002046472856156,0.020297532841200283,0.01368886060083696,-0.02848596419178895,2.607078436939993,3.7938954605744364,-0.7327332070816333,-0.09721143403527321,0.45487506640597175,0.012344691690394427,-4.115049741851536,-0.17594284044584185,-0.4679241783808763,4.331599142608624,1
404,29.246871526235108,3.741041466228439,29.870455480404246,3.6658808181021856,30.185871305365957,3.6874581435045544,28.90015033507131,3.699181649296099,28.979872099807835,3.697070386585437,30.574545028054853,3.720128220800531,31.88743101151209,3.6788432676277956,28.803441331604304,3.7052153363496614,28.26246491085418,3.688435758035605,31.226920331343674,3.7059028195867487,29.93499221388462,3.6989157866117055,0.042125679616733525,-0.033034968509519924,-0.011457643107151139,0.0002658626843934364,-0.001845400026268429,0.02121243418882557,-0.020072518983909937,0.0062995497379558785,-0.01048002857610042,0.006987032975043217,-0.007681249301185744,-1.7514924778964875,-1.9864315181435401,-1.3843399643068182,-0.08390670576577364,1.2623912519576486,2.733235897557993,-4.047317374416604,1.4479861463172519,-1.4801807010865033,1
405,16.130811731798424,3.69131935472462,27.71082144932045,3.733208537069867,29.06230479187635,3.6919943745759416,27.54244770190073,3.663289263779482,29.581470576671183,3.71628933465497,33.539581465674225,3.681449796305803,32.496936078845515,3.7042885786082493,34.082381006388175,3.6965602700918367,30.95850019179345,3.7352334046427376,30.2862004152862,3.6965743335107164,28.00341388335786,3.7010207247964226,-0.009701370071802717,0.03218781227344447,-0.009026350220481039,-0.03773146101694058,0.0152686098585475,-0.01957092849061981,0.003267853811826704,-0.004460454704585892,0.03421267984631493,-0.0044463912857062304,-2.1596340310837974,-1.1235665134896067,-1.3577026331705788,0.601598476863348,2.9650364376193714,0.6095050673334264,5.278939674783871,2.6960352809392703,-0.9407199160574748,-1.931578330526758,1
406,17.92456570073127,3.6822857240040063,30.916778019914137,3.6875033076313106,27.790450652716967,3.6779742702032037,31.97721758699835,3.714643024521095,29.237724606653163,3.7201460871494656,31.207426481088394,3.70046770429317,32.803000693104316,3.6827114658932856,27.582282270758554,3.7317904607220775,28.868125738215188,3.684991797444907,29.84865785468587,3.6567593540014514,33.075102638068685,3.6939273195863978,-0.011641595582391417,-0.006424011955087128,-0.015953049383194084,0.02071570493469732,0.026218767563067846,0.0065403847067724286,-0.011215853693112177,0.03786314113567979,-0.008935522141490626,-0.037167965584946394,3.2059565705936883,-1.2718541391593838,4.434769885097619,-0.3437459700180199,-2.3321549845858307,0.30606461425880127,-6.500098735629621,-2.0903744535782636,-0.4375425606003276,5.071688754710824,1
407,15.113751717981089,3.690671371752775,29.915481687812605,3.691501463288861,29.44314103095305,3.6858913600784353,32.27743613571219,3.714428718146882,34.186791450099854,3.6479884996094136,28.057986353178723,3.728598555806642,30.849598626953572,3.7199623297743227,27.82721624424491,3.7042137037659097,31.003279364521717,3.6971182885909504,28.443637043249,3.721661013111072,32.42309651382352,3.700203530392527,-0.009532158639752097,-0.008702067103665723,-0.014312170314091599,0.014225187754354884,-0.05221503078311329,0.028395025414114983,0.01975879938179581,0.00401017337338283,-0.0030852418015765437,0.021457482718544973,-1.001296332101532,1.652690378236084,0.30021854871384335,4.9490668434466905,-3.1494401279096707,-1.953402066150744,0.24493397348635426,2.135153626306529,-1.40502081143687,-0.6520061242451618,1
408,36.94529450216541,3.6977368301108786,33.79029722421794,3.6888945382397367,29.473677455880345,3.6802495407514604,27.255180524877385,3.7148263963381583,29.38873511518641,3.710709174948193,32.096407935350555,3.7241802039780203,28.323647035336936,3.664402497835837,28.799322681987025,3.721283414046821,31.187078864586383,3.750108978107138,30.006120233477144,3.6909671782164613,31.169245904973483,3.70433587525727,-0.006599045146391536,-0.015441337017533474,-0.02408633450580977,0.010490521080888104,0.006373299690922707,0.01984432872075015,-0.039933377421433214,0.016947538789550798,0.0457731028498678,-0.013368697040808897,3.8748155364053325,0.030536424927294803,-5.022255610834808,-4.7980563349134435,4.038421582171832,-2.5259515916166357,0.9721064377421165,0.18379950006466572,1.5624831902281429,-1.2538506088500405,1
409,46.26404370583262,3.7206872019602915,32.44744808500944,3.7192300018860793,28.595500915273714,3.7229805612599662,29.460520550849814,3.6875288188940174,28.5385664398027,3.7206725840555785,29.486690926595404,3.6895732771506573,28.988194119215272,3.69685797540021,32.55816773888485,3.6964474592475343,28.81899170280647,3.680037921781045,33.42910829552201,3.6652896477928056,32.278542798394206,3.6999305449428186,0.020756657017472868,0.01929945694326074,0.023050016317147648,-0.012401726048801187,0.020742039112759958,-0.010357267792161284,-0.003072569542608594,-0.003483085695284327,-0.01989262316177376,-0.03464089715001295,-1.3428491392084965,-0.8781765406066313,2.205340025972429,-0.8501686753837099,-2.609717008755151,0.664547083878336,3.7588450568978224,-2.3680871617799113,3.422988062044869,1.1092968934207228,1
410,39.08794202683277,3.7127708663453522,30.162554335182136,3.733952475594187,32.35768688805129,3.7066416292283364,29.129845516847368,3.7129225935204837,29.37664822846953,3.6935843227629603,27.341984725553104,3.672759132582905,28.515343974246857,3.6863230219900087,31.053962782727506,3.6998168192293073,30.015120360788266,3.701215707450026,31.885877239794468,3.738525717097108,30.3625078966901,3.7058512285800673,0.006919637765284925,0.028101247014119757,0.000790400648269074,0.00707136494041638,-0.012266905817106988,-0.03309209599716212,-0.019528206590058605,-0.0060344093507600505,-0.004635521130041287,0.03267448851704069,-2.2848937498273045,3.7621859727775764,-0.33067503400244647,0.8380817886668304,-2.1447062010423004,-0.47285014496841526,-1.5042049561573414,1.1961286579817951,-1.5432310557275457,-1.916034901704105,1
411,34.28954768730998,3.7233070476510424,32.88852009364076,3.6983730454592854,27.13036697730669,3.721908989690179,28.66558923104735,3.6982982966869797,31.785568756453976,3.6860107825290145,33.532914493075126,3.6921449876320587,30.96136252844079,3.7053395517974335,30.499775116327662,3.7217035569634467,29.41826965961865,3.700029257096276,31.096142316098522,3.6865268625679364,30.258735342021623,3.703364237807366,0.019942809843676468,-0.004991192348080542,0.018544751882813237,-0.005065941120386164,-0.017353455278351415,-0.011219250175307227,0.001975313990067562,0.01833931915608078,-0.003334980711089841,-0.01683737523942952,2.7259657584586208,-5.227319910744601,-0.464256285800019,2.4089205279844457,6.190929767522022,2.446018554193934,-0.5541876663998444,-0.5968507011696147,-0.7897349236959457,-0.10377255466847757,1
412,20.278801360881197,3.700327484838626,33.728097060823515,3.680261145269969,25.71713823936059,3.6548841733781052,28.600798382595272,3.7086201938426018,29.581248773376174,3.7034789441682565,32.9096523482933,3.6876364991579966,26.72719396158703,3.667616538869683,33.87172205136121,3.712594790288175,30.271711803132582,3.6946815985160892,29.807998676532282,3.711137494447363,29.60388047356219,3.692123886277687,0.008203598560938996,-0.01186274100771767,-0.03723971289958161,0.016496307564914936,0.011355057890569675,-0.0044873871196902115,-0.024507347408003977,0.020470904010488233,0.0025577122384023987,0.01901360816967612,0.839576967182758,-1.413228737946099,-0.06479084845207694,-2.204319983077802,-0.6232621447818261,-4.234168566853761,3.3719469350335487,0.8534421435139308,-1.2881436395662398,-0.6548548684594344,1
413,41.8653759578046,3.725455150732708,28.518872443325886,3.6684191977776415,25.011291998554405,3.691845459654628,32.292732150593665,3.6937755820498293,29.427234659653227,3.7030231549050723,27.733663008255878,3.660570374000202,31.15259930608102,3.727054797893222,34.92711386426452,3.708284351699017,29.782187009723337,3.7224566289099825,31.90223261460464,3.7322607147492777,28.024994413061062,3.703314541237158,0.022140609495549857,-0.034895343459516504,-0.011469081582530016,-0.009538959187328722,-0.00029138633208569686,-0.042744167236956176,0.02374025665606405,0.004969810461858959,0.019142087672824548,0.0289461735121197,-5.209224617497629,-0.705846240806185,3.6919337679983926,-0.1540141137229476,-5.175989340037422,4.4254053444939885,1.0553918129033093,-0.48952479340924526,2.0942339380723567,-1.5788860605011266,1
414,31.77122094134922,3.684199658063696,27.344402653041136,3.7138563042060184,29.42293419863641,3.6943258654327056,33.03082763069642,3.72380949970387,32.292974317466076,3.720439255533563,27.77534506065884,3.7042241879844893,27.66448516820016,3.6932093968666804,32.549367699358974,3.7192186435721655,27.728728190484343,3.7129380904651317,31.018590647284014,3.6863111919582767,28.767857569327354,3.7052532093786597,-0.02105355131496367,0.00860309482735877,-0.010927343945954071,0.018556290325210334,0.015186046154903377,-0.0010290213941703819,-0.01204381251197928,0.013965434193505821,0.0076848810864720285,-0.01894201742038293,-1.1744697902847498,4.411642200082003,0.738095480102757,2.865739657812849,0.041682052402961745,-3.48811413788086,-2.3777461649055454,-2.053458819238994,-0.8836419673206244,0.7428631562662922,1
415,15.053564521833126,3.694340474460385,29.4817495787343,3.721055378792232,29.50595385272546,3.7101022122416616,33.68007324620335,3.735829586807283,31.797099000682433,3.6911554214824505,29.113363395229303,3.716879420488112,27.522369963751434,3.6642637755637266,32.39220927101583,3.757833173861518,31.67709785262725,3.715878930669425,31.4127413945012,3.694073855555546,29.832511129236195,3.7101412229922333,-0.015800748531848097,0.01091415579999877,-3.9010750571666364e-05,0.025688363815049797,-0.018985801509782796,0.006738197495878673,-0.045877447428506635,0.04769195086928457,0.005737707677191839,-0.016067367436687352,2.137346925693162,0.08301965408905332,0.6492456155069277,-0.4958753167836427,1.3380183345704637,-0.14211520444872505,-0.15715842834314486,3.9483696621429054,0.3941507472171857,1.064653559908841,1
416,38.14955308484557,3.746118931719355,32.24187302481249,3.672013156683025,33.13925717387899,3.7159286073328426,29.865106882889634,3.7332797255961623,32.38722351034517,3.6935028414700293,29.3153903131017,3.717192615737097,31.804182623176537,3.680359610055782,30.414977595704364,3.686265352088653,30.89135581416385,3.707699328320953,30.847015748044075,3.715971333462212,26.790589980404377,3.7068331502466116,0.03928578147274342,-0.03481999356358667,0.00909545708623094,0.02644657534955064,-0.013330308776582367,0.010359465490485498,-0.026473540190829592,-0.020567798157958617,0.0008661780743413061,0.00913818321560056,2.760123446078193,3.6333033211535266,-3.814966363313715,0.5901245096627399,0.20202691787239857,4.281812659425103,-1.9772316753114652,-0.7857420384634004,-0.5657256464571248,-3.0419211488318183,1
417,28.9863752669715,3.70528058002792,30.454267657386897,3.6790438036324358,30.173461522614378,3.693431185253424,31.100533727641867,3.6972821722894964,29.277035588844953,3.7029699561325584,30.447051448952777,3.7094175251347687,31.112484375057765,3.7072593858479337,29.679915596538628,3.7155416451693055,31.351741204460563,3.703948460953852,30.14024986492969,3.6554940819444646,30.3133176646302,3.696966879638616,0.008313700389304124,-0.01792307600618015,-0.0035356943851918565,0.0003152926508804832,0.006003076493942494,0.012450645496152823,0.010292506209317764,0.018574765530689596,0.006981581315236074,-0.04147279769415135,-1.787605367425595,-2.96579565126461,1.235426844752233,-3.11018792150022,1.1316611358510755,-0.6916982481187723,-0.7350619991657368,0.46038539029671455,-0.7067658831143859,3.522727684225824,1
418,6.890259533846535,3.699308715203124,33.488622229486225,3.7181143520099473,31.327195737121524,3.746912483237929,30.409595754563835,3.6719985753119655,30.818281845551986,3.697923750311941,32.82968132565111,3.6763907902953585,28.2516014599717,3.731840497971522,29.776305791827372,3.688245240613602,29.094619702980932,3.6711359841242843,27.66426938541658,3.7127637399769715,29.343249481166396,3.7014634129056647,-0.00215469770254062,0.016650939104282614,0.045449070332264085,-0.029464837593699222,-0.003539662593723847,-0.025072622610306183,0.030377085065857123,-0.013218172292062569,-0.030327428781380394,0.011300327071306793,3.0343545720993284,1.1537342145071463,-0.6909379730780323,1.5412462567070335,2.3826298766983314,-2.8608829150860657,0.0963901952887447,-2.257121501479631,-2.475980479513108,-0.9700681834638054,1
419,6.038846624829658,3.7074292137663503,29.534415999229104,3.682384796177706,31.454660569806006,3.721781980056949,29.863567416537524,3.6663258874926803,29.689638735495333,3.7192361294502128,25.147364853082532,3.716419638694758,31.644864623545235,3.702360319282158,28.701707630482186,3.658008567148394,29.203588152561554,3.6655339375936147,27.8604419137817,3.7047987055544986,26.919177872099304,3.6944279175217316,0.013001296244618654,-0.012043121344025742,0.027354062535217327,-0.028102030029051317,0.02480821192848115,0.0219917211730265,0.007932401760426533,-0.036419350373337434,-0.02889397992811693,0.010370788032767031,-3.954206230257121,0.12746483268448117,-0.5460283380263107,-1.1286431100566539,-7.682316472568576,3.393263163573536,-1.074598161345186,0.10896844958062246,0.19617252836511767,-2.4240716090670915,1
420,32.811688610463065,3.684973090607933,31.76212437476133,3.7304018348198222,31.08117908362448,3.7026223864935033,31.23816633877602,3.717696851656023,29.248982038721,3.7410249388653893,28.68780552798872,3.6861239116419635,32.53851134379724,3.6980137132441597,29.00536570728466,3.6945514619813826,30.588164077586427,3.6609081399103345,30.326669361355076,3.6937920639248807,32.92343403251424,3.7010108393145393,-0.016037748706606347,0.029390995505282902,0.0016115471789639457,0.016686012341483814,0.04001409955085,-0.014886927672575823,-0.0029971260703796077,-0.006459377333156713,-0.040102699404204856,-0.007218775389658649,2.2277083755322273,-0.3734814861815252,1.3745989222384942,-0.44065669677433306,3.5404406749061863,0.8936467202520042,0.30365807680247414,1.3845759250248726,2.4662274475733774,6.004256160414933,1
421,18.153057771916394,3.725025011930494,31.55195513281232,3.727526683173544,31.0289521410635,3.7371495441859146,27.76598087553935,3.6645256175082155,25.671726465974,3.732572553957625,30.830490468646786,3.703696795287208,31.058340733889466,3.732011250147399,28.02609697654847,3.692104351816092,27.624343173258076,3.6893839904241026,31.311736358292496,3.6756945484754624,33.71278739664977,3.7079690346906053,0.01705597723988861,0.019557648482938728,0.02918050949530926,-0.043443417182389865,0.024603519267019536,-0.004272239403397382,0.02404221545679386,-0.01586468287451348,-0.01858504426650276,-0.03227448621514295,-0.21016924194901065,-0.05222694256098137,-3.47218546323667,-3.5772555727469992,2.142684940658068,-1.4801706099077734,-0.9792687307361909,-2.963820904328351,0.9850669969374195,0.7893533641355361,1
422,12.300330699342362,3.712587212668578,28.971822391264205,3.694018618295399,31.795311543299487,3.713585876399647,32.512394878827365,3.6857972678632525,32.37542676827691,3.6577061280185257,28.368180929702895,3.6915219785533484,27.692587352739274,3.701264642930262,30.99326922995979,3.694483200802071,31.27020002319585,3.6768279347268105,30.800339210400995,3.6636870204824237,25.971873451524473,3.689147988074032,0.023439224594545838,0.004870630221367023,0.02443788832561511,-0.003350720210779645,-0.03144186005550642,0.0023739904793163014,0.012116654856229925,0.0053352127280388295,-0.012320053347221638,-0.02546096759160843,-2.580132741548116,0.7663594022359881,4.746414003288017,6.703700302302909,-2.4623095389438916,-3.365753381150192,2.96717225341132,3.6458568499377755,-0.5113971478915005,-7.7409139451253,1
423,7.7756133313892954,3.698571700432547,33.52723841550158,3.6706618810929617,31.726175572010494,3.7038422853415733,27.541994279011107,3.7018881390680836,31.897896445614194,3.7072038255620323,32.48560216411988,3.7031646173930657,33.23543415155157,3.7427137481882675,29.197016636785023,3.7232335646264647,29.051099009062064,3.7007761800090964,28.116369957105338,3.702604781676991,30.616254928672266,3.705466072339108,-0.006894371906561059,-0.03480419124614631,-0.0016237869975346264,-0.0035779332710244027,0.0017377532229243542,-0.0023014549460422806,0.037247675849159556,0.017767492287356745,-0.0046898923300116024,-0.002861290662116822,4.555416024237374,-0.0691359712889934,-4.970400599816259,-0.4775303226627159,4.117421234416987,5.542846798812299,-1.796252593174767,-2.2191010141337877,-2.6839692532956576,4.6443814771477925,1
424,16.933139380864528,3.6902664735423683,29.85955275885075,3.7188719555254592,29.425780990275314,3.714130109270945,30.870423056579206,3.699617556402926,28.51700350017455,3.6890807614577015,29.31248696097978,3.6730070065955975,30.24292212839909,3.7284036987756393,29.00109761422957,3.7118422780056983,31.338170420535047,3.6858666179185375,33.738133007356524,3.714391989952498,28.491403734785713,3.702547844744737,-0.012281371202368607,0.01632411078072238,0.011582264526208252,-0.0029302883418109715,-0.013467083287035386,-0.029540838149139326,0.025855854030902403,0.009294433260961465,-0.016681226826199325,0.011844145207761336,-3.6676856566508285,-2.30039458173518,3.3284287775680994,-3.380892945439644,-3.173115203140103,-2.992512023152482,-0.1959190225554508,2.287071411472983,5.621763050251186,-2.1248511938865526,1
425,24.3238454083514,3.6856171102002557,28.228142589070124,3.6980559265948045,30.499112860615114,3.728318247240397,27.684863884462807,3.689462079893258,30.944022862925763,3.6966892922070467,36.29929602226908,3.7158899658151263,32.21120163050739,3.73423613735059,29.790200724419755,3.6870889627061008,32.10440381534887,3.727841904882424,28.13695654276547,3.6943694258027135,28.47265072799566,3.705756905269271,-0.02013979506901542,-0.007700978674466619,0.022561341971125692,-0.016294825376013122,-0.009067613062224478,0.010133060545855166,0.028479232081318973,-0.018667942563170392,0.02208499961315269,-0.011387479466557604,-1.6314101697806258,1.0733318703397998,-3.185559172116399,2.4270193627512135,6.9868090612893035,1.9682795021082988,0.7891031101901831,0.7662333948138205,-5.6011764645910525,-0.018753006790053206,1
426,44.341334450795124,3.6944820855711966,30.67751632456073,3.6755119558590548,29.743203468164783,3.7113308197416335,29.86342758447142,3.6870306159996176,29.473152729760994,3.6568710924598995,29.395461215834946,3.6925748525865925,31.0617343241343,3.719622994311407,28.12833754041887,3.692261411068001,27.84821234255148,3.7347596997024706,27.753609898249245,3.7085793589709706,34.091309095354305,3.697302488627085,-0.0028204030558884874,-0.021790532768030335,0.014028331114548376,-0.010271872627467538,-0.04043139616718561,-0.004727636040492644,0.02232050568432209,-0.005041077559083895,0.037457211075385466,0.01127687034388547,2.4493737354906067,-0.7559093924503308,2.1785637000086133,-1.4708701331647696,-6.903834806434137,-1.14946730637309,-1.661863184000886,-4.256191472797386,-0.3833466445162266,5.618658367358645,1
427,37.70306763590042,3.7061906386060848,28.413665882247304,3.714034201159542,31.745518912468196,3.6863262856994186,28.524489506334234,3.690802043146895,26.099175596685185,3.702639400038912,31.393617982320706,3.6829255836156882,33.29246190361981,3.6786471647333485,31.11607934303803,3.680444355106405,26.22532609712983,3.7241829257218044,29.95288919955849,3.7079584969343067,29.450844000494076,3.6974151094762404,0.008775529129844362,0.01661909168330178,-0.011088823776821854,-0.0066130663293453296,0.005224290562671374,-0.014489525860552188,-0.018767944742891896,-0.016970754369835195,0.026767816245564013,0.010543387458066267,-2.2638504423134265,2.002315444303413,-1.3389380781371862,-3.373977133075808,1.99815676648576,2.23072757948551,2.987741802619162,-1.6228862454216504,2.1992793013092466,-4.640465094860229,1
428,10.932647801158138,3.6776295303157673,31.253754127058045,3.712857109879259,29.90246869631377,3.6729741919460315,28.0229419842682,3.6939974242634364,34.481853112411585,3.679913243474122,30.95286033343425,3.7025364937026994,29.693478893201387,3.692673166457245,32.83040905340365,3.7035352420650054,33.683631218773215,3.7004470110993273,29.70930115537223,3.680266819445518,30.694794972869524,3.691683023264841,-0.014053492949073654,0.02117408661441811,-0.018708831318809516,0.0023144009985953673,-0.011769779790718804,0.010853470437858448,0.0009901431924039805,0.011852218800164405,0.008763987834486286,-0.011416203819322845,2.8400882448107403,-1.8430502161544275,-0.5015475220660335,8.3826775157264,-0.4407576488864571,-3.598983010418422,1.714329710365618,7.458305121643384,-0.2435880441862608,1.2439509723754476,1
429,24.916506049600642,3.684986380258967,29.332482789018727,3.7102875427322775,31.812364314696598,3.663734038552674,29.453957565168146,3.7127410367921754,29.39911012453767,3.7056675600480355,29.400694448670375,3.6949228184570986,32.026803861930084,3.6672960498003153,32.58673977497134,3.6689010235313173,30.84386742434702,3.692030367097353,30.273183034796787,3.6775011995623004,30.459125229711923,3.6878068016832515,-0.002820421424284625,0.022480741049025976,-0.024072763130577268,0.024934235108923897,0.01786075836478407,0.0071160167738471,-0.020510751882936162,-0.01890577815193417,0.0042235654141014045,-0.010305602120951107,-1.9212713380393183,1.90989561838283,1.4310155808999454,-5.082742987873914,-1.5521658847638733,2.3333249687286965,-0.24366927843230712,-2.8397637944261938,0.5638818794245566,-0.23566974315760092,1
430,31.54008203501353,3.6921795066626886,29.385507548676536,3.7295896352372178,32.738189165525704,3.6868195234668066,29.802558211088655,3.726572928230893,31.65284464838353,3.7163493425339675,29.5492970299116,3.6817308284073555,33.333326518455046,3.7061407847450365,28.643330741329013,3.6989752832893563,28.77171293750563,3.7125116918735004,33.04903436223181,3.695534568231334,29.110107218209496,3.704640409267816,-0.012460902605127444,0.024949225969401745,-0.01782088580100938,0.02193251896307702,0.011708933266151522,-0.022909580860460466,0.0015003754772204836,-0.005665125978459695,0.007871282605684371,-0.009105841036482154,0.053024759657809284,0.9258248508291054,0.3486006459205093,2.2537345238458606,0.14860258124122439,1.3065226565249617,-3.943409033642329,-2.0721544868413915,2.7758513274350207,-1.3490180115024266,1
431,32.22821683313451,3.677550313525543,31.671165552679454,3.7194542078584436,28.43986809414977,3.6878673834535576,27.770452277925507,3.6995056288675348,32.36542686374881,3.697404555512031,27.6845015082724,3.6995057826986217,30.298610482450883,3.7094616534399014,32.037991663375884,3.6795163471910457,29.746396061790282,3.7258660021821246,32.34015412605926,3.7100708551343353,29.45688339241233,3.7006202729863142,-0.023069959460771283,0.018833934872129365,-0.012752889532756662,-0.0011146441187794842,-0.003215717474283064,-0.0011144902876925045,0.008841380453587178,-0.02110392579526854,0.025245729195810362,0.00945058214802108,2.2856580040029186,-4.298321071375934,-2.032105933163148,0.712582215365277,-1.8647955216391985,-3.0347160360041627,3.394660922046871,0.9746831242846525,-0.708880236172547,0.3467761742028337,1
432,31.56140143668625,3.706835078414271,30.37726216313596,3.674033481206622,33.21613449434546,3.6495830598685455,27.928791887909213,3.702976175233592,31.762117784114867,3.695721470672977,30.094597486257456,3.6804610852123627,31.38933824823717,3.6659874550069724,29.126970273468913,3.685305135730546,32.14336074778118,3.696110170302705,30.590449516690484,3.713317556474128,28.6411100301645,3.6870330668122726,0.01980201160199835,-0.012999585605650399,-0.03745000694372713,0.01594310842131952,0.008688403860704241,-0.006571981599909904,-0.02104561180530018,-0.0017279310817266413,0.009077103490432226,0.02628448966185548,-1.2939033895434946,4.776266400195691,0.158339609983706,-0.6033090796339415,2.410095977985055,1.090727765786287,-2.9110213899069706,2.3969646859908984,-1.7497046093687771,-0.8157733622478283,1
433,5.349184175184102,3.6722646357832462,26.991506657910357,3.69776932767613,30.49042434693671,3.7034418575226367,28.41090838385727,3.700914455913709,24.354730083510947,3.7266031445027377,29.434380009914907,3.6970173233787422,29.899869283539005,3.662120128143156,29.562228152687666,3.770881300219196,30.48622669656743,3.6861878291703336,29.460983826548297,3.719374902175825,30.138299632273092,3.7036574904485704,-0.031392854665324155,-0.0058881627724405305,-0.00021563292593373973,-0.002743034534861355,0.022945654054167264,-0.006640167069828173,-0.041537362305414494,0.06722380977062548,-0.017469661278236792,0.015717411727254493,-3.385755505225603,-2.7257101474087513,0.4821164959480555,-7.40738770060392,-0.6602174763425488,-1.4894689646981654,0.4352578792187529,-1.657134051213749,-1.1294656901421867,1.497189602108591,1
434,22.977791386725393,3.665109342227879,30.912711946265393,3.686194475335256,29.265850707963633,3.696329193559671,28.206828918705618,3.697700981370163,31.146894986710798,3.670355371526454,32.983347717603614,3.7230333116609495,31.449658746971664,3.6979579388221713,31.845955130280863,3.7007510615332113,28.9587387868754,3.708012832766797,26.804760541663086,3.684238474921927,32.98027504419968,3.6929682983724477,-0.02785895614456857,-0.006773823037191651,0.0033608951872232673,0.004732682997715454,-0.022612926845993808,0.030065013288501863,0.004989640449723609,0.0077827631607636505,0.015044534394349274,-0.008729823450520868,3.9212052883550363,-1.2245736389730766,-0.20407946515165065,6.792164903199851,3.548967707688707,1.5497894634326599,2.283726977593197,-1.5274879096920309,-2.656223284885211,2.8419754119265868,1
435,30.093907700442134,3.6760809131988883,30.466604213128754,3.705489516031556,32.90921107813773,3.666058200381189,28.696945040468492,3.6789138991479184,30.13719670845772,3.7285393480882085,26.960422393296014,3.6891686824677823,28.655649617499908,3.714205971572421,30.68176331892312,3.6994366345969536,31.487431640799624,3.686401274914108,31.111897499916374,3.6667158145459897,25.936897378505527,3.691101025494502,-0.015020112295613508,0.014388490537054377,-0.025042825113312794,-0.012187126346583366,0.03743832259370672,-0.0019323430267195185,0.02310494607791913,0.008335609102451791,-0.004699750580393847,-0.024385210948512093,-0.446107733136639,3.643360370174097,0.490116121762874,-1.0096982782530795,-6.0229253243076,-2.794009129471757,-1.1641918113577425,2.5286928539242233,4.307136958253288,-7.043377665694152,1
436,42.82411459771372,3.6747427049254364,31.517963390920226,3.6754094749756523,30.896156682025783,3.7021445857683832,33.064760765175244,3.6900025793098994,30.84107341180814,3.693178141357168,33.69621820821111,3.7204392631012,31.08003560344628,3.7146635863484514,32.12433489517732,3.7275628536099523,29.352970106431087,3.680187535532455,30.028574423767978,3.693136168626266,31.82188880767895,3.697146689355487,-0.02240398443005054,-0.02173721437983467,0.004997896412896274,-0.007144110045587571,-0.0039685479983191385,0.023292573745713252,0.017516896992964437,0.03041616425446536,-0.016959153823032036,-0.004010520729221145,1.051359177791472,-2.013054396111947,4.367815724706752,0.7038767033504207,6.735795814915093,2.4243859859463726,1.442571576254199,-2.134461534368537,-1.083323076148396,5.8849914291734216,1
437,31.73470872239413,3.716685255157791,31.666557234206866,3.710436967440518,31.196310494929413,3.703731488771218,31.916783903234226,3.695445125385137,33.21122276648376,3.6439236859328417,32.192235870818365,3.6787355751840436,30.39366279780386,3.706582384268346,29.730760290454494,3.6456205352398623,30.229275749105383,3.701432367854206,29.44900369665056,3.713224610217287,32.23516146449125,3.691581799545125,0.025103455612665915,0.018855167895392988,0.012149689226093052,0.003863325840011811,-0.04765811361228334,-0.012846224361081404,0.015000584723221078,-0.045961264305262706,0.00985056830908082,0.021642810672161783,0.1485938432866405,0.3001538129036305,-1.147976861941018,2.3701493546756183,-1.503982337392742,-0.6863728056424208,-2.3935746047228257,0.8763056426742963,-0.5795707271174173,0.41327265681229974,1
438,16.416357349811484,3.696138358519868,29.50409158534422,3.721006391045527,29.040063707702547,3.6877799775182076,28.96803802130184,3.715926800394977,30.83374612518008,3.6999675656607325,31.31726390558102,3.696456637697705,30.464389009284655,3.7049778793826653,31.99083038089895,3.6921768725549433,31.15112385166073,3.691419255038147,29.409887620388716,3.665904281884198,29.07428742857124,3.6971754019696967,-0.0010370434498288006,0.023830989075830367,-0.00939542445148911,0.018751398425280286,0.002792163691035743,-0.0007187642719919118,0.007802477412968578,-0.004998529414753428,-0.00575614693154991,-0.031271120085498705,-2.1624656488626464,-2.1562467872268662,-2.9487458819323855,-2.3774766413036765,-0.8749719652373464,0.07072621148079605,2.2600700904444544,0.921848102555348,-0.03911607626184477,-3.16087403592001,1
439,45.2542483508266,3.717791072621593,30.145254776358804,3.727422820946842,32.87980111271362,3.6814843068147276,29.355635100475986,3.7353411914891543,29.164907867490825,3.6939302448100313,27.69306559762777,3.739886898994397,33.135104440209865,3.694201658282723,29.038446876990793,3.7141475715028394,32.39996043589589,3.7140402122305884,28.79729036585805,3.692253769235533,32.33716923039083,3.7110499746928425,0.006741097928750328,0.016372846253999374,-0.029565667878114876,0.024291216796311854,-0.017119729882811185,0.02883692430155449,-0.016848316410119413,0.003097596809996883,0.0029902375377459656,-0.018796205457309423,0.6411631910145843,3.839737405011075,0.3875970791741459,-1.6688382576892558,-3.6241983079532503,2.6707154309252097,-2.9523835039081554,1.2488365842351605,-0.6125972545306659,3.2628818018195886,1
440,12.519503949453526,3.698097037538454,28.120869665492084,3.6922304018645704,26.38340934300097,3.695679971568538,31.236136987860085,3.706679302993524,30.693054036626002,3.696576412604072,27.983133958937707,3.69867775212096,26.940502089991817,3.6658154720159484,33.07479346136858,3.7078339603202095,32.82822078121357,3.698215934046167,25.025086482587742,3.7322058596096577,29.083553941486997,3.6992012104682095,-0.0011041729297556202,-0.006970808603639078,-0.003521238899671708,0.007478092525314395,-0.002624797864137385,-0.0005234583472493171,-0.033385738452261116,0.008632749852000021,-0.0009852764220426025,0.033004649141448184,-2.024385110866721,-6.496391769712652,1.8805018873840993,1.5281461691351765,0.2900683613099382,-6.194602350218048,4.036346584377785,0.42826034531767476,-3.7722038832703078,-3.2536152889038306,1
441,49.37811402239128,3.6948391513955587,28.515831810154445,3.7254887028854564,30.280149695919654,3.681220136075417,31.07486518277606,3.718523490533703,30.259446097366748,3.6944649793844353,31.544459866966584,3.6850031415458364,29.132871934472902,3.6953779469866173,31.245254079624644,3.699072390281959,31.304456400233388,3.6900451274915436,31.936240154481236,3.7222554503563012,26.22868410347802,3.7006290516936824,-0.005789900298123651,0.024859651191774024,-0.01940891561826552,0.0178944388400204,-0.006164072309247093,-0.01562591014784598,-0.005251104707065135,-0.0015566614117235034,-0.010583924202138828,0.02162639866261884,0.3949621446623617,3.896740352918684,-0.16127180508402716,-0.4336079392592538,3.561325908028877,2.1923698444810853,-1.8295393817439347,-1.5237643809801789,6.911153671893494,-2.8548698380089768,1
442,42.48756235688961,3.681996795442527,26.463886561651204,3.6917310259305642,30.039091689596365,3.705727734879108,29.89448978399847,3.6962281034170505,31.306957963903482,3.718779143564697,30.137812266241944,3.6694045183978137,29.734791843519005,3.6701147294186756,32.35400127358067,3.703617422229649,27.3750653931029,3.690169111723862,31.072778437695153,3.6874590277060455,26.657705670409303,3.691522761271,-0.009525965828473204,0.0002082646595642501,0.014204973608107796,0.004705342146050562,0.02725638229369709,-0.02211824287318631,-0.021408031852324427,0.012094660958648973,-0.0013536495471377918,-0.004063733564954486,-2.051945248503241,-0.24105800632328922,-1.1803753987775885,1.047511866536734,-1.4066476007246393,0.6019199090461029,1.1087471939560274,-3.929391007130487,-0.8634617167860839,0.4290215669312829,1
443,39.74686271633591,3.6972509888608807,32.116949544237926,3.7049256362594503,30.588335076003204,3.6911887293212025,30.705941499445736,3.6592786360304843,28.57542142838744,3.6804149533399126,27.33778780251721,3.6997764176904426,29.174155709978937,3.68118626230059,28.54563023469426,3.691737542284614,29.66646473825103,3.70958358318823,27.867923274229213,3.70290048344945,31.68497747447028,3.691824323272525,0.005426665588355473,0.013101312986925073,-0.0006355939513227327,-0.03254568724204088,-0.011409369932612545,0.007952094417917444,-0.010638060971935204,-8.678098791126132e-05,0.017759259915704817,0.011076160176924699,5.653062982586722,0.5492433864068396,0.8114517154472658,-2.7315365355160424,-2.8000244637247356,-0.5606361335400685,-3.80837103888641,2.291399345148129,-3.2048551634659397,5.027271804060977,1
444,19.01325402701951,3.755367472112519,33.57447992920934,3.6949689619963175,29.132019075568085,3.661488652793343,32.99114347296485,3.729874195180111,32.55686991593143,3.7122214181022115,27.99798091103437,3.6846706713796045,32.0663797287263,3.6813376182262774,28.697114900272638,3.713469455923165,26.266598826392116,3.695061633450211,29.150803667955714,3.661480443631098,30.795275003552558,3.6989940522794855,0.056373419833033456,-0.004025090283167998,-0.03750539948614273,0.03088014290062535,0.01322736582272599,-0.014323380899881055,-0.01765643405320816,0.014475403643679385,-0.003932418829274642,-0.037513608648387375,1.4575303849714132,-1.4563160004351197,2.285201973519115,3.9814484875439895,0.6601931085171628,2.89222401874736,0.15148466557837637,-3.399865911858914,1.2828803937265008,-0.8897024709177224,1
445,5.251737014684128,3.7017421243861195,30.324425834492448,3.6798443145616466,28.071006360020796,3.708621761472742,29.15291333321844,3.713037155390312,26.882394461164164,3.690510191105033,27.312751273430443,3.673199645441529,31.482330094653076,3.727618531276026,29.43483323376603,3.7007028444924175,29.154683942765757,3.7388241201653187,28.519148038625747,3.7018475829878414,29.228952591112776,3.7035948271278984,-0.0018527027417789554,-0.023750512566251825,0.005026934344843692,0.009442328262413646,-0.013084636022865581,-0.030395181686369455,0.02402370414812749,-0.002891982635480961,0.035229293037420284,-0.0017472441400570027,-3.2500540947168908,-1.0610127155472888,-3.838230139746411,-5.674475454767265,-0.6852296376039284,-0.5840496340732209,0.7377183334933939,2.8880851163736416,-0.6316556293299662,-1.5663224124397814,1
446,29.55031448754911,3.70842494757382,33.84702697520691,3.7169367989093836,28.0939190732703,3.7106869442690757,32.15625079158954,3.6646316914872386,29.827565803985095,3.7199033533031725,29.7406538959428,3.7187473482850737,26.926938619235923,3.7166032274469263,29.43042118096921,3.707456844973117,28.00547008406317,3.704403786284103,29.07229114098811,3.720647787962528,27.803627232443702,3.7088442730494435,-0.000419325475623733,0.008092525859940025,0.0018426712196322192,-0.04421258156220498,0.011059080253728926,0.009903075235630165,0.0077589543974827535,-0.0013874280763266356,-0.004440486765340701,0.011803514913084623,3.5226011407144604,0.022912713249503724,3.003337458371103,2.945171342820931,2.427902622512356,-4.555391475417153,-0.004412052796823218,-1.1492138587025877,0.5531431023623625,-1.425325358669074,1
447,21.805889755672492,3.7068017882292783,28.43310051819921,3.688404848831991,33.85818280243714,3.6902841880718307,31.14558272441925,3.687331127304583,31.044677260944372,3.754462359752529,28.056532758456555,3.712147341714116,27.459581513226105,3.7142948707833545,29.88489705952368,3.684491689273869,28.85297195895914,3.7100950137714266,31.225281885175413,3.6954455799384385,31.35852176177743,3.7043758807671416,0.002425907462136667,-0.01597103193515048,-0.014091692695310964,-0.017044753462558848,0.050086478985387206,0.00777146094697434,0.00991899001621288,-0.019884191493272585,0.005719133004284949,-0.008930300828703164,-5.4139264570076975,5.764263729166842,-1.0106680671702932,1.2171114569592767,-1.684121137486244,0.5326428939901824,0.45447587855447225,0.847501874895972,2.152990744187303,3.554894529333726,1
448,46.378878301077464,3.6813081221020307,30.649563188220228,3.701551707789728,30.959879482296557,3.72793520354797,27.985610024946045,3.7088993663075236,30.33646108236739,3.700621268527979,25.677392227395277,3.696764654376687,30.96506741964237,3.706617340568127,31.32068610912536,3.7149953325697838,31.49509225157292,3.712184776617795,29.209906295660865,3.6933627027635607,30.61809367004807,3.7044240475171177,-0.023115925415087002,-0.002872339727389761,0.023511156030852298,0.004475318790405858,-0.003802778989138833,-0.007659393140430737,0.0021932930510093485,0.010571285052666024,0.007760729100677377,-0.011061344753557023,2.2164626700210164,-2.8983033201405846,-3.1599726994732045,-0.7082161785769827,-2.379140531061278,3.505485906416265,1.4357890496016807,2.642120292613779,-2.015375589514548,-0.7404280917293597,1
449,8.657559717839948,3.7009125865997574,28.868352979292645,3.696603600556456,29.02926591177816,3.666957117362224,29.413320270722526,3.6799579215073916,29.1093044100069,3.72244264644461,31.063594796961244,3.7085760143554856,26.439579660368146,3.7381859410125293,33.285451814795934,3.679245903559311,28.080673346889114,3.6993868778929513,25.765656624009768,3.7232638703792276,29.97952120436555,3.7015532479669937,-0.0006406613672362838,-0.004949647410537494,-0.03459613060476974,-0.02159532645960205,0.020889398477616172,0.007022766388491863,0.036632693045535625,-0.022307344407682894,-0.002166370074042412,0.02171062241223387,-1.7812102089275825,-1.9306135705183962,1.4277102457764812,-1.2271566723604899,5.386202569565967,-4.525487759274224,1.9647657056705725,-3.4144189046838065,-3.4442496716510966,-0.6385724656825182,1
450,18.31160132381119,3.685536631223412,30.33994907949854,3.7073321249402764,31.403646081086688,3.684085646729588,31.27381615800597,3.7349298126318926,29.049749443110795,3.720543020717863,28.934012561148094,3.7161671909933145,31.27980591430417,3.6976068219505374,31.430473167782466,3.73028561471441,29.213297750354254,3.6956398873775775,26.82562386064309,3.6993747717169154,29.58536780798351,3.7071501522995787,-0.021613521076166542,0.00018197264069774732,-0.023064505569990512,0.027779660332313938,0.013392868418284465,0.009017038693735824,-0.009543330349041312,0.02313546241483122,-0.011510264922001134,-0.007775380582663249,1.4715961002058933,2.3743801693085267,1.8604958872834452,-0.059554966896104844,-2.1295822358131495,4.840226253936024,-1.8549786470134677,1.1326244034651403,1.059967236633323,-0.39415339638204117,1
451,36.042857754618396,3.6843637227328236,29.28060232805334,3.7024263846451313,28.97483979250648,3.692641415637101,28.98733287493755,3.67782436841179,31.991230328050488,3.7106385064273772,30.738434822555355,3.6885542525481143,26.581606947633293,3.683105580584642,31.76597241092358,3.696512405851922,31.03311408959967,3.6821350100496324,30.91502980369007,3.6993163734233905,31.7758217725035,3.691751802031193,-0.007388079298369377,0.010674582613938277,0.0008896136059077797,-0.013927433619402851,0.01888670439618423,-0.00319754948307871,-0.008646221446551028,0.00476060382072907,-0.009616791981560624,0.007564571392197461,-1.0593467514451973,-2.4288062885802084,-2.2864832830684207,2.9414808849396934,1.804422261407261,-4.698198966670876,0.3354992431411148,1.819816339245417,4.08940594304698,2.1904539645199925,1
452,47.93071118536342,3.7173759667661113,33.085094422748234,3.7004620869200147,27.160245671458142,3.6804412232889474,30.228952117637558,3.687751542181983,29.782944314870303,3.660419626130206,31.653677261418228,3.740536342320848,29.79198154455061,3.717255091839054,26.48358224668913,3.6833985900974153,29.497764330715118,3.694363103012058,28.05567556411335,3.6872624705158716,30.15915909311312,3.69692660430725,0.02044936245886131,0.0035354826127647065,-0.016485381018302547,-0.009175062125267086,-0.03650697817704396,0.04360973801359824,0.02032848753180394,-0.013528014209834627,-0.0025635012951918945,-0.009664133791378315,3.8044920946948935,-1.8145941210483372,1.2416192427000077,-2.208286013180185,0.9152424388628724,3.2103745969173154,-5.2823901642344495,-1.5353497588845535,-2.859354239576721,-1.6166626793903802,1
453,22.62774936340302,3.668288759082681,30.322231917712354,3.71262033143977,33.0742756217636,3.7103852070871546,29.75256565972303,3.687722615538526,31.4862643597164,3.707577675756057,29.704367469848457,3.6966710798106015,32.141825886749174,3.7221234350358468,31.505696662400542,3.6737548081334928,29.33337001098399,3.6974654731687453,29.189397878393315,3.695869065311021,30.973921278859358,3.69724784503639,-0.028959085953708996,0.015372486403379959,0.013137362050764434,-0.009525229497864274,0.010329830719666866,-0.0005767652257886446,0.024875589999456604,-0.02349303690289739,0.0002176281323551521,-0.0013787797253690393,-2.76286250503588,5.914029950305455,-0.47638645791452916,1.7033200448460981,-1.949309791569771,2.3498443421985655,5.02211441571141,-0.16439431973112661,1.1337223142799644,0.8147621857462362,1
454,33.093068035247136,3.7286726721763577,30.54336716900006,3.662806739189004,33.181591484342505,3.6863037578052222,30.241269521786908,3.698114618584702,32.088050258884756,3.7082471193817192,31.167674163078118,3.731523450554828,29.12950360598966,3.662834170235498,27.18207850641592,3.689846117432206,30.550004596583623,3.6574633302440147,27.015795965709273,3.700632439478205,32.59041414533929,3.6926444415081763,0.036028230668181394,-0.029837702319172266,-0.006340683702954042,0.005470177076525751,0.01560267787354297,0.038879009046651536,-0.029810271272678435,-0.00279832407597036,-0.03518111126416157,0.007987997970028804,0.22113525128770561,0.10731586257890768,0.48870386206387906,0.6017858991683553,1.4633066932296614,-3.0123222807595127,-4.323618155984622,1.216634585599632,-2.173601912684042,1.6164928664799305,1
455,42.99825255314296,3.734405306177099,32.75509504589315,3.692904402252993,30.08752305687987,3.695774172844135,27.946612483851432,3.683561593348525,29.656483905280076,3.6900280392865166,31.189397059961625,3.684741186333358,30.169459877000275,3.7235289765073256,30.733455504371626,3.673369834008911,32.730572271782734,3.716091592714753,31.164006708857233,3.7165732024303546,30.39688305706171,3.7010978305903968,0.03330747558670222,-0.008193428337403663,-0.005323657746261645,-0.0175362372418717,-0.011069791303880194,-0.016356644257038866,0.022431145916928852,-0.027727996581485836,0.014993762124356103,0.015475371839957841,2.2117278768930895,-3.094068427462634,-2.294657037935476,-2.43156635360468,0.021722896883506593,1.0399562710106132,3.551376997955707,2.1805676751991108,4.14821074314796,-2.1935310882775774,1
456,24.275425749573223,3.691925931320042,29.59862956324934,3.716582980701191,29.190608286273346,3.652178428694321,32.05920872283939,3.6796039733261083,33.96494090033786,3.7195851948857395,31.907520511622707,3.695006889235622,34.3436053347932,3.704150845897775,28.155297341876164,3.6730642867576915,28.361226339002418,3.736957339914042,27.622117763893304,3.723810592874354,30.88352129929896,3.699286646360688,-0.00736071504064606,0.01729633434050326,-0.04710821766636686,-0.0196826730345796,0.02029854852505153,-0.004279757125066119,0.004864199537087277,-0.02622235960299646,0.03767069355335417,0.024523946513665962,-3.15646548264381,-0.896914770606525,4.112596238987955,4.308456995057782,0.7181234516610822,4.174145457792928,-2.5781581624954626,-4.369345932780316,-3.5418889449639295,0.48663824223724816,1
457,12.974422091955779,3.7074433352473224,29.957197004181605,3.71143912643945,29.965439727877406,3.6798573725639185,28.083956184629425,3.7344734580338392,31.835886383124222,3.6871337134568036,29.89694112362712,3.7192934847937287,28.381854676115097,3.709034092997814,31.170142688768163,3.7121264784401657,31.22324000222542,3.6875209716751747,28.5673041217282,3.6655229956237996,32.466783864818765,3.701384502927202,0.006058832320120278,0.01005462351224784,-0.021527130363283575,0.03308895510663712,-0.014250789470398484,0.017908981866526563,0.007649590070611723,0.01074197551296363,-0.013863531252027439,-0.03586150730340254,0.35856744093226567,0.7748314416040607,-3.9752525382099613,-2.1290545172136355,-2.0105793879955876,-5.961750658678106,3.014845346891999,2.862013663223003,0.9451863578348956,1.5832625655198065,1
458,25.423396505827355,3.707215115093277,29.36579433485207,3.7014457669424976,28.393131451657485,3.711116520551503,31.14244842047248,3.6954694505523435,32.781287191899914,3.691391446023986,30.94002732249332,3.7401694602196343,30.20676399242419,3.6705529187697845,28.027119001801506,3.714679009567285,31.033650531648902,3.6885079628363324,34.3126992634586,3.693284427645192,29.238610752409816,3.701383207820183,0.005831907273093684,6.255912231445393e-05,0.009733312731319721,-0.005913757267839603,-0.009991761796197096,0.038786252399451104,-0.03083028905039864,0.013295801747101876,-0.012875244983850731,-0.008098780174991216,-0.5914026693295362,-1.5723082762199212,3.0584922358430546,0.9454008087756911,1.0430861988662024,1.8249093163090926,-3.1430236869666572,-0.18958947057651798,5.745395141730398,-3.2281731124089497,1
459,6.271911547248996,3.6911235304061734,31.57549108262286,3.6687109202675208,34.275223258758444,3.677300190644778,28.614930231289996,3.699212374042097,27.615916911676138,3.7186550619181054,32.01296665998057,3.7336456819224644,30.63610309635792,3.6963233883935978,30.669858051790975,3.6856625145857507,33.176347856341906,3.692549810029324,27.267027358729266,3.679071695276126,27.211166869482188,3.694225516748594,-0.0031019863424206484,-0.025514596481073237,-0.01692532610381603,0.004986857293503011,0.024429545169511346,0.03942016517387037,0.002097871645003746,-0.008563002162843336,-0.001675706719269865,-0.015153821472468021,2.209696747770792,5.882091807100959,-2.5275181891824836,-5.165370280223776,1.0729393374872487,0.42933910393373154,2.642739049989469,2.1426973246930032,-7.045671904729332,-2.027443882927628,1
460,44.57377896189782,3.7250469272459603,30.380446443689788,3.722729111486497,29.24075100664633,3.702062358514344,31.714316776846577,3.6909710921935015,33.04927719296551,3.680543442148341,24.396176861024216,3.6992487298126764,30.868527299844143,3.711395178394084,27.146701578379307,3.693516462779187,30.99822101359788,3.6560499798947594,30.255854404749158,3.7253742778915315,31.2714530528811,3.700693756036088,0.024353171209872126,0.02203535545040891,0.001368602478255987,-0.009722663842586687,-0.020150313887747018,-0.001445026223411805,0.01070142235799576,-0.007177293256900974,-0.04464377614132875,0.024680521855443338,-1.195044638933073,-5.0344722521121135,3.0993865455565803,5.433360281289374,-7.616789798956354,0.23242420348622161,-3.5231564734116674,-2.1781268427440246,2.9888270460198925,4.060286183398912,1
461,19.003659995946943,3.7273073128928234,31.175556455779297,3.695504820302832,27.310621599500095,3.6899560841655235,30.518057642967428,3.6835941881218863,30.009486719055175,3.676639761523126,29.099690160314545,3.7227268559182374,24.19414535619691,3.692374100783909,28.679341476497253,3.70603601514022,30.604862291552244,3.6634838851621403,28.90287009888575,3.7200454207135123,29.556609926482082,3.697766844472421,0.029540468420402366,-0.002262024169588983,-0.007810760306897535,-0.014172656350534663,-0.021127082949294884,0.024960011445816388,-0.005392743688512169,0.008269170667798864,-0.03428295931028069,0.022278576241091308,0.7951100120895092,-1.9301294071462358,-1.196259133879149,-3.0397904739103367,4.703513299290329,-6.674381943647234,1.5326398981179459,-0.3933587220456367,-1.3529843058634086,-1.7148431263990176,1
462,8.30123417826138,3.698635949393347,29.566345899555714,3.671865611348809,29.41448416245509,3.6984752196535884,31.003800467401344,3.7299376054770175,29.942366796822753,3.687778298750466,30.629943743110665,3.695185513920219,30.429965634909095,3.6659771905146554,32.246854574191524,3.707481241762621,31.35398819475011,3.7052896336990275,30.38572368630038,3.7012740471953154,33.03684406130436,3.6961900311715064,0.002445918221840593,-0.024324419822697507,0.0022851884820820345,0.03374757430551112,-0.00841173242104043,-0.0010045172512871403,-0.030212840656850926,0.011291210591114709,0.009099602527521178,0.005084016023809035,-1.6092105562235837,2.103862562954994,0.4857428244339168,-0.06711992223242191,1.5302535827961208,6.235820278712186,3.5675130976942704,0.7491259031978643,1.4828535874146311,3.4802341348222754,1
463,40.88700399708577,3.6667855100978,32.57148620426613,3.717158971992487,26.82165743097734,3.726996489184092,27.994908735220957,3.7492339003436967,32.438986045133255,3.729034117615537,32.9073363481479,3.6901940317947886,28.681008583364765,3.703743680549772,33.301496688610435,3.694587465069195,31.951764166615504,3.691869461497937,29.464477727908815,3.6977302921832678,25.129468856017468,3.7067333920328567,-0.03994788193505672,0.010425579959630227,0.02026309715123542,0.04250050831084007,0.022300725582680148,-0.016539360238068124,-0.0029897114830848004,-0.01214592696366168,-0.014863930534919856,-0.009003099849588914,3.005140304710416,-2.59282673147775,-3.0088917321803876,2.496619248310502,2.2773926050372353,-1.7489570515443305,1.054642114418911,0.5977759718653957,-0.921245958391566,-7.90737520528689,1
464,49.5440367817052,3.6920490260690846,30.96946929593785,3.6723096396115,29.396403013207493,3.719754570318492,35.06073933728338,3.684487872771248,29.54421488246833,3.684403866485248,29.538427695794557,3.7198385261977394,28.406026662372245,3.6623403310665656,30.247813633042142,3.6695280437866367,31.229922464093548,3.6996373151298387,32.40715610906692,3.705865688580097,27.021431471119563,3.6910214880016454,0.0010275380674391599,-0.01871184839014539,0.02873308231684657,-0.006533615230397416,-0.006617621516397332,0.028817038196093936,-0.028681156935079777,-0.02149344421500876,0.00861582712819331,0.014844200578451705,-1.602016908328281,2.574745582230154,7.065830602062423,-2.8947711626649237,-3.368908652353344,-0.27498192099251995,-3.0536830555682926,-0.7218417025219566,2.942678381158103,1.891962615102095,1
465,45.96849903101523,3.7008066080177833,29.869723328542225,3.6643715020089678,30.896635124860314,3.7154931327178016,27.359063737959456,3.729727920866568,30.771605550249397,3.6777250895915627,31.27825152695699,3.726900373125432,31.30695731243747,3.7226291559269074,30.909005144171257,3.6771360935329995,27.543018647238185,3.692117128012942,29.75705196289991,3.6720912471378067,30.70470422062811,3.6978998250938764,0.002906782923906892,-0.03352832308490861,0.017593307623925192,0.03182809577269152,-0.020174735502313634,0.029000548031555606,0.02472933083303097,-0.020763731560876852,-0.005782697080934263,-0.025808577956069723,-1.0997459673956236,1.5002321116528208,-7.701675599323924,1.2273906677810658,1.7398238311624326,2.9009306500652237,0.6611915111291147,-3.686903816855363,-2.6501041461670063,3.6832727495085464,1
466,9.750903899875851,3.700043671816741,30.83702911831411,3.6724982953366583,29.006697895743507,3.6907493406737326,31.846089654453525,3.7077535975806573,30.812188037697336,3.6744512679230934,28.371693486804794,3.723131633031885,27.669596000069422,3.725392265251997,27.079395129581556,3.6750969884807985,30.375883552865513,3.727152392661003,31.14494282355947,3.6971283682257576,31.301931357558882,3.6993397820982326,0.0007038897185083215,-0.026841486761574274,-0.00859044142449994,0.008413815482424702,-0.024888514175139154,0.023791850933652547,0.026052483153764516,-0.02424279361743409,0.027812610562770512,-0.002211413872474921,0.9673057897718849,-1.889937229116807,4.487025916494069,0.040582487447938576,-2.906558040152195,-3.6373613123680464,-3.8296100145897007,2.8328649056273285,1.3878908606595601,0.5972271369307727,1
467,11.538127038460171,3.7304587184896763,26.713597840286827,3.695991307466113,27.386197542102565,3.7235810043107853,30.960648749750096,3.6711815446423635,29.497925740285556,3.7026148669182426,30.461728820256177,3.6891788918814385,33.63115496319014,3.7056401397351215,29.40805641357548,3.694073851944298,31.268567866364478,3.6731787716207243,30.05627102440251,3.6822518127439774,35.525369065463,3.6968150909752744,0.033643627514401864,-0.0008237835091615686,0.026765913335510927,-0.025633546332910928,0.0057997759429682105,-0.007636199093835838,0.008825048759847132,-0.002741239030976228,-0.023636319354550128,-0.014563278231296994,-4.123431278027283,-1.6205003536409421,-0.8854409047034295,-1.31426229741178,2.0900353334513824,5.961558963120719,2.328661283993924,0.8926843134989646,-1.0886717991569625,4.223437707904122,1
468,27.03024078024226,3.6715046869255703,27.78049974422345,3.6957509659457393,30.646494375067125,3.6939580591795083,26.904860411727377,3.731748012048311,30.40788771503199,3.7079999310588723,30.385979283545858,3.7033171805359735,33.35290992382932,3.7167398230926736,26.87005221311644,3.707369951736781,28.798225648292373,3.6908464601402313,31.645364853148287,3.7214295186050914,30.670634512794617,3.7040664589268752,-0.032561772001304945,-0.008315492981135986,-0.010108399747366992,0.02768155312143561,0.003933472131997018,-0.0007492783909017753,0.01267336416579834,0.003303492809905606,-0.013219998786643927,0.017363059678216164,1.0669019039366248,3.26029683296456,-4.055788338022719,0.9099619747464338,-0.07574953671031892,-0.2782450393608187,-2.5380042004590386,-2.470342218072105,1.5890938287457779,-4.854734552668386,1
469,14.628277887835793,3.7285401780539815,26.917422678196083,3.707428021718645,31.240248101913874,3.703388561678179,26.8222401603899,3.6990545924154117,30.79837743376292,3.67705387032502,29.955181103203596,3.6956950428380924,31.224800321596028,3.739477971568852,27.975051259691217,3.692495615397322,28.92993383061686,3.696879726811535,31.328105906611167,3.725141697842107,28.9803349669964,3.706515527864915,0.02202465018906663,0.0009124938537299343,-0.0031269661867359133,-0.007460935449503214,-0.029461657539894937,-0.010820485026822535,0.03296244370393708,-0.014019912467592821,-0.009635801053379911,0.01862616997719213,-0.863077066027369,0.5937537268467494,-0.08262025133747741,0.3904897187309295,-0.43079818034226136,-2.1281096022332946,1.1049990465747754,0.13170818232448767,-0.3172589465371196,-1.6902995457982186,1
470,32.648450419272464,3.6973344256954173,29.647731604578443,3.7041097285512006,26.931750613102295,3.702286175061185,26.623931349604643,3.7000360701271284,28.798504138722866,3.678213147245758,31.04504153288478,3.722168892034458,28.693725220140117,3.7059039073631768,27.962389604818572,3.7078976298000517,28.370628693524658,3.6838698074194887,29.089315153709375,3.6908155920402153,29.292282074359793,3.6992635375338083,-0.0019291118383910622,0.004846191017392254,0.003022637527376748,0.0007725325933201077,-0.021050390288050114,0.0229053545006499,0.006640369829368442,0.008634092266243343,-0.01539373011431966,-0.008447945493593068,2.73030892638236,-4.308497488811579,-0.19830881078525664,-1.9998732950400537,1.0898604296811847,-2.5310751014559116,-0.01266165487264459,-0.5593051370922026,-2.2387907529017923,0.3119471073633946,1
471,29.809874736153557,3.7312798430969356,29.199750830562515,3.7160431358232566,31.00830472275296,3.6766382609578434,30.1624510063005,3.720273341717337,29.70395698693061,3.7244341627903994,29.033653410150176,3.677157705261628,27.384088500073247,3.6766966676848236,31.183435453563973,3.6877917370820374,31.138748313647426,3.671695897605102,28.76630281801657,3.6843942293115446,27.797689717751155,3.6966404981330903,0.03463934496384535,0.01940263769016637,-0.02000223717524685,0.023632843584246555,0.027793664657309147,-0.019482792871462262,-0.019943830448266642,-0.008848761051052811,-0.024944600527988303,-0.01224626882154567,-0.44798077401592806,4.076554109650665,3.5385196566958577,0.9054528482077444,-2.011388122734605,-1.3096367200668695,3.2210458487454012,2.768119620122768,-0.3230123356928054,-1.4945923566086385,1
472,11.040728859218461,3.711114843560858,30.759399354834226,3.7410818488287196,29.377065610201598,3.712108090095255,30.117217834743585,3.7094527952598004,27.544342867886016,3.710616031673455,29.360185443994173,3.678536194518659,32.78166709635329,3.7023119347735984,30.63761667925651,3.6994046702332724,29.958157925233845,3.7064316908074555,33.79224655250869,3.7023301610495176,27.27833004339784,3.7073388260800586,0.003776017480799254,0.03374302274866103,0.004769264015196395,0.002113969179741826,0.003277205593396282,-0.028802631561399394,-0.005026891306460168,-0.00793415584678625,-0.0009071352726031101,-0.005008665030540982,1.5596485242717115,-1.6312391125513628,-0.04523317155691586,-2.159614119044594,0.3265320338439963,5.3975785962800416,-0.5458187743074632,-1.1805903884135809,5.025943734492124,-0.5193596743533142,1
473,7.454284730381781,3.7086068967634214,28.305371944297725,3.719878555815893,29.09801213374718,3.695428692177476,33.61717993424281,3.699093166530799,31.792798681008765,3.696427993411329,28.085837845466767,3.700671892666537,31.729345861187138,3.6897363123815228,31.25478414816737,3.6896406923101104,29.79216097704232,3.690899543214554,28.584054105987196,3.7031253248323903,28.356971775029525,3.699350907010404,0.009255989753017335,0.020527648805488852,-0.003922214832928095,-0.0002577404796051397,-0.0029229135990749278,0.0013209856561329225,-0.009614594628881257,-0.009710214700293651,-0.008451363795849876,0.0037744178219862867,-2.4540274105365008,-0.27905347645441836,3.4999620994992284,4.2484558131227494,-1.274347598527406,-1.0523212351661506,0.6171674689108606,-0.16599694819152333,-5.2081924465214975,1.0786417316316843,1
474,9.539996094763652,3.732257367414143,32.123633291979466,3.7189323661666087,32.82805827112397,3.7186930941467327,30.436677500884322,3.707398512260088,31.93586389752998,3.6776534598213755,28.56429357129193,3.6991701779084525,31.591727624682452,3.719409769192268,31.308776268121527,3.6748347074126544,30.579822348075325,3.7127310641374653,32.632014839437,3.7464521845052556,28.92243032430522,3.7107532702965047,0.02150409711763812,0.008179095870104014,0.007939823850227956,-0.003354758036416605,-0.03309981047512922,-0.011583092388052219,0.008656498895763143,-0.035918562883850313,0.00197779384096064,0.03569891420875093,3.818261347681741,3.7300461373767924,-3.180502433358491,0.14306521652121518,0.4784557258251638,-0.13761823650468585,0.05399211995415598,0.7876613710330034,4.047960733449802,0.5654585492756965,1
475,37.615518553794594,3.702413092943818,30.328031913281222,3.6869595599372946,30.530637740896438,3.6988210693296213,28.969007377943438,3.7009406872801702,31.172500751060504,3.7048348161706515,28.336148352133126,3.6806426914622983,28.650371511537728,3.694682668286254,31.256660091483592,3.6982266478101176,30.7143234722881,3.6551555668251194,27.444799469663412,3.7166500956274757,33.15474174017607,3.6939326895672826,0.008480403376535328,-0.006973129629987973,0.00488837976233869,0.007007997712887626,0.010902126603368867,-0.013289998104984324,0.0007499787189715335,0.004293958242834961,-0.03877712274216316,0.022717406060193124,-1.7956013786982439,-2.2974205302275337,-1.4676701229408842,-0.7633631464694766,-0.22814521915880448,-2.9413561131447246,-0.05211617663793433,0.13450112421277538,-5.187215369773586,4.23231141587085,1
476,24.159272671863732,3.688651054375433,31.73561091908489,3.736030568156644,30.454810157983243,3.740443482001748,28.220310458117716,3.736623542711318,28.07844088351022,3.6961403726447863,30.50825537414287,3.6643576983603037,31.394101957679453,3.6531392179669635,30.78376252449117,3.687719236769012,27.93080408078669,3.696038527397013,31.30133525758417,3.7260125080211193,30.851821934202825,3.702515620840434,-0.013864566465001005,0.03351494731620974,0.037927861161313636,0.03410792187088374,-0.006375248195647831,-0.0381579224801305,-0.04937640287347067,-0.014796384071422253,-0.006477093443421289,0.0234968871806851,1.4075790058036688,-0.07582758291319536,-0.7486969198257221,-3.0940598675502855,2.172107022009744,2.7437304461417256,-0.47289756699242247,-2.783519391501411,3.856535787920759,-2.3029198059732465,1
477,47.32864478628094,3.6873506316737976,31.403875480953367,3.6801645470784132,28.199084044061106,3.686144220245801,29.278387012321645,3.674525142292684,32.5445407555331,3.7029481896465453,28.841454765423116,3.716275723574686,32.974759614032905,3.6985732000299922,32.22512820414966,3.7343953358585904,31.503247922092715,3.735508291503094,27.65461022068072,3.7061547053765684,29.37602703185936,3.7022039987280166,-0.014853367054219024,-0.022039451649603414,-0.016059778482215847,-0.027678856435332744,0.00074419091852862,0.014071724846669298,-0.0036307986980244067,0.03219133713057376,0.03330429277507729,0.003950706648551794,-0.33173543813152406,-2.2557261139221367,1.0580765542039288,4.46609987202288,-1.666800608719754,1.580657656353452,1.4413656796584924,3.5724438413060255,-3.646725036903451,-1.4757949023434662,1
478,14.18328762808131,3.710518745605093,31.324337507895,3.704877818832409,27.002729005701575,3.6761405325796175,32.38842896602798,3.692145475231484,32.602204126048186,3.6925707595782464,26.00331006571075,3.6644803550607623,28.589366552168304,3.680381065459733,30.991531146031022,3.6845837273877184,31.288776907076365,3.728672500396419,28.643010539025557,3.703829014319147,29.389001073892693,3.6938199994450636,0.016698746160029643,0.011057819387345624,-0.01767946686544608,-0.001674524213579609,-0.0012492398668171312,-0.029339644384301256,-0.013438933985330692,-0.009236272057345118,0.03485250095135539,0.010009014874083455,-0.0795379730583683,-1.1963550383595312,3.110041953706336,0.057663370515086854,-2.838144699712366,-4.385393061864601,-1.2335970581186402,-0.21447101501635046,0.9884003183448371,0.012974042033334854,1
479,8.231339545046113,3.7034753840391454,28.792625456406004,3.6829847030262455,32.91731504587533,3.6970378204105625,30.216024244877996,3.6918560636423727,27.059058612591393,3.6835188176262394,30.433888655191492,3.7202917250652296,31.309582523336267,3.7156344837662862,31.048082874740416,3.7167708295511854,28.124260793676722,3.7164934078663903,33.773443118515104,3.6816793251058484,26.998810825782495,3.7009742560099506,0.002501128029194888,-0.01798955298370508,-0.003936435599388055,-0.009118192367577826,-0.017455438383711108,0.01931746905527909,0.014660227756335686,0.01579657354123487,0.015519151856439706,-0.01929493090410217,-2.531712051488995,5.914586040173752,-2.1724047211499844,-5.543145513456793,4.430578589480742,2.7202159711679634,0.056551728709393956,-3.1645161133996424,5.130432579489547,-2.3901902481101978,1
480,38.032881576039856,3.7272201340953957,31.00873013143682,3.701295827002468,28.91740181007552,3.7153087498875004,26.04635686210482,3.7295544059060415,29.00956980399053,3.7049099736358864,29.391310257892098,3.6948962565697143,29.37414206561997,3.665907560836458,31.23711271395585,3.6983373294855704,33.97135282202968,3.7164684636912466,30.247058403682185,3.718912668551353,29.566536421687076,3.707281136966164,0.01993899712923186,-0.005985309963695951,0.00802761292133658,0.02227326893987769,-0.002371163330277426,-0.012384880396449471,-0.041373576129705825,-0.008943807480593424,0.009187326725082823,0.011631531585189148,2.2161046750308167,-3.9999132357998057,-4.169667382773177,1.950511191399137,-1.042578397299394,-1.9354404577162967,0.18902983921543282,5.847092028352957,-3.5263847148329184,2.56772559590458,1
481,37.034693835318016,3.7018347975197456,28.921228545837,3.6865573468300536,28.536919410547277,3.7055132639526853,26.871590197306062,3.7113227661742476,29.625702390718175,3.705237213185806,31.492587719776907,3.7246833971758275,30.312655831042207,3.6797167746949007,31.599207570604154,3.686060479647129,32.383911935285944,3.721906983887975,29.22873647810896,3.670539603389695,35.29369204597746,3.6993372626458063,0.0024975348739393333,-0.012779915815752663,0.006176001306879009,0.0119855035284413,0.005899950539999477,0.025346134530021214,-0.019620487950905652,-0.013276782998677295,0.022569721242168495,-0.02879765925611144,-2.0875015855998207,-0.38048239952824403,0.8252333352012435,0.6161325867276446,2.101277461884809,0.9385137654222362,0.3620948566483051,-1.5874408867437353,-1.0183219255732254,5.727155624290383,1
482,13.395373683559686,3.6944732940991156,28.68632906261114,3.7086749937192196,27.843369866741543,3.7043133754186726,30.71783516748132,3.692949075145268,27.92041355094353,3.691181956227783,33.6973261379331,3.6776709828963194,27.38471483781312,3.7197572316481304,30.547320238425005,3.7091840836319907,33.13370941442757,3.718355363955903,31.198179518527617,3.6937920772704897,30.351347424983558,3.7010352434012885,-0.006561949302172909,0.007639750317931071,0.003278132017384028,-0.00808616825602071,-0.009853287173505532,-0.023364260504969092,0.018721988246841903,0.00814884023070217,0.017320120554614515,-0.007243166130798784,-0.23489948322585974,-0.6935495438057337,3.846244970175256,-1.7052888397746457,2.2047384181561966,-2.927940993229086,-1.0518873321791489,0.7497974791416269,1.969443040418657,-4.9423446209939,1
483,18.45789393239794,3.727215727109583,34.01039268047089,3.682393676499841,29.58474948659781,3.676543644254669,30.55625097907221,3.708121583332599,26.748215945251008,3.6882630053290253,29.93772892336945,3.6548019726508305,30.668397886343534,3.675141333061789,27.249481038037622,3.6937715130129294,28.132016080726086,3.700963775094958,30.97833726767374,3.701559381987666,28.907347471376177,3.690877561233388,0.03633816587619476,-0.008483884733547331,-0.01433391697871933,0.01724402209921072,-0.0026145559043628808,-0.03607558858255766,-0.015736228171599365,0.002893951779541215,0.010086213861570048,0.010681820754277815,5.324063617859753,1.7413796198562679,-0.16158418840910826,-1.1721976056925207,-3.759597214563655,3.2836830485304134,-3.297839200387383,-5.0016933337014855,-0.2198422508538762,-1.4439999536073813,1
484,47.99363741357434,3.711258213205702,30.889183990146257,3.6978511023641154,30.867670480177754,3.698462691859927,28.49376533875884,3.726269463226505,27.754170645104857,3.6860707782042663,35.00634358181142,3.737283990517747,29.032031320798893,3.6865738481725785,31.398424877343974,3.7017839639322516,26.784717378953605,3.694375928091945,29.440774560190647,3.7024683826700193,29.745601232035114,3.704239836224505,0.007018376981196894,-0.006388733860389628,-0.005777144364578213,0.022029627001999952,-0.018169058020238715,0.033044154293242034,-0.01766598805192654,-0.0024558722922534137,-0.009863908132559995,-0.0017714535544857135,-3.121208690324636,1.2829209935799426,-2.062485640313369,1.0059546998538487,5.068614658441973,-1.636366565544641,4.148943839306352,-1.3472987017724805,-1.5375627074830938,0.8382537606589366,1
485,5.113739742435903,3.7024954697582233,31.21720432786118,3.6965943093634843,28.599970329813424,3.6983705165360345,29.875639891358848,3.710295160403602,29.524048373750208,3.676450280527871,29.393121225726016,3.7008458218799545,28.39871767109622,3.677209944118375,29.136354901150114,3.7032728955200573,27.774590809986996,3.7129295357239673,26.61169067635084,3.7033189172562464,28.59856667891848,3.6981782851087814,0.004317184649441863,-0.001583975745297117,0.00019223142725310893,0.012116875294820417,-0.021728004580910287,0.0026675367711730402,-0.020968340990406453,0.005094610411275902,0.014751250615185896,0.005140632147464963,0.32802033771492134,-2.2677001503643304,1.3818745526000065,1.7698777286453513,-5.613222356085405,-0.6333136497026715,-2.2620699761938603,0.9898734310333914,-2.8290838838398074,-1.147034553116633,1
486,34.54798772629081,3.6964263822478407,30.06840936907615,3.715057821629876,28.290750716489868,3.6877011179496795,29.086016332349537,3.6834966820050896,27.1835464633851,3.7045247617733486,30.154157222762986,3.7223586764545433,32.1113884977663,3.6766136946982706,27.805712260459075,3.6969970433596515,28.754656466895234,3.6653501081006534,31.005092492908364,3.6921359799263564,32.42418143864547,3.694066226814531,0.0023601554333096963,0.02099159481534496,-0.006365108864851532,-0.010569544809441389,0.010458534958817545,0.028292449640012318,-0.01745253211626041,0.002930816545120507,-0.02871611871387758,-0.0019302468881745583,-1.1487949587850288,-0.3092196133235561,-0.7896235590093106,-2.3405019103651092,0.76103599703697,3.7126708266700774,-1.330642640691039,0.9800656569082378,4.393401816557525,3.8256147597269887,1
487,26.062945719180405,3.6868357140231582,32.484818615792406,3.677562380673315,31.929795438212356,3.7005022816805204,29.406796783954256,3.7114968465154083,31.758934373622274,3.7106486745742067,33.99951166391604,3.650638644913886,27.891239609509167,3.686785369882221,31.11089236440586,3.723057760902575,33.971889552176016,3.7065337893068344,31.306059106591057,3.6752841717698717,28.491234281271396,3.6929345634242,-0.006098849401041662,-0.01537218275088481,0.007567718256320521,0.018562283091208442,0.01771411115000676,-0.04229591851031378,-0.00614919354197907,0.030123197478375108,0.013599225882634514,-0.017650391654328246,2.416409246716256,3.639044721722488,0.320780451604719,4.5753879102371755,3.8453544411530522,-4.220148888257132,3.3051801039467854,5.217233085280782,0.30096661368269295,-3.9329471573740733,1
488,41.16883884368367,3.687415324732252,29.33079229093941,3.7582821843153673,31.13126580377344,3.674458308753378,30.545035980459186,3.6783362310666794,32.06087757127358,3.7046719016252316,32.58293777813073,3.742336061099277,30.614006120010725,3.683276102985917,30.583465450756616,3.6946834326870603,30.428221964572266,3.721545873460314,30.978261113298576,3.6996427569022456,30.11034127574293,3.704464817762772,-0.017049493030520058,0.05381736655259539,-0.030006509009393945,-0.026128586696092526,0.00020708386245971155,0.037871243336505156,-0.021188714776855022,-0.00978138507571158,0.017081055697542258,-0.004822060860526278,-3.154026324852996,-0.7985296344389141,1.13823919650493,0.30194319765130473,-1.4165738857853114,2.7227665105015575,-0.5274269136492435,-3.54366758760375,-0.3277979932924815,1.619106994471533,1
489,49.82660739200023,3.6511370938953855,28.317823745976064,3.699922754424163,25.993320285981117,3.68854745994609,34.548480302422725,3.702916361960426,30.670350968201394,3.721852551303462,29.556852822818083,3.7003806835243216,32.78198961040874,3.6927901532265865,30.282958682967607,3.671934579405191,32.664063623262464,3.6978144697556323,32.492722431754444,3.7134455539382136,27.45095825222974,3.6940741661379475,-0.042937072242561936,0.005848588286215595,-0.005526706191857578,0.008842195822478693,0.027778385165514674,0.006306517386374111,-0.0012840129113609322,-0.02213958673275629,0.003740303617684848,0.01937138780026615,-1.0129685449633463,-5.137945517792325,4.0034443219635385,-1.3905266030721855,-3.026084955312644,2.1679834903980186,-0.30050676778900964,2.235841658690198,1.5144613184558686,-2.6593830235131897,1
490,37.29750146345711,3.6867461703302395,32.32300609696395,3.701735221509253,29.630246487509467,3.6893432746244015,26.98850439887167,3.6836146707162127,31.679889079484056,3.719107771423597,33.371403508069946,3.676049353774697,28.70751535170681,3.682123671388368,29.042891466564562,3.6779194873305525,31.031321260166788,3.670195049534019,33.243747495570105,3.7029282858368524,28.960331708549546,3.6889762956468197,-0.002230125316580178,0.012758925862433212,0.00036697897758175557,-0.00536162493060699,0.03013147577677744,-0.012926941872122732,-0.0068526242584519,-0.011056808316267208,-0.01878124611280052,0.013951990190032681,4.005182350987887,3.6369262015283503,-7.559975903551056,1.0095381112826622,3.814550685251863,-4.074474258701933,-1.2400672164030446,-1.6327423630956766,0.7510250638156606,1.509373456319807,1
491,33.09509869480425,3.700400311002219,29.971461644810883,3.667884182800368,29.60701659984148,3.693643389159609,28.39426951953214,3.7030307776165055,30.069538029186536,3.6838057338549657,29.479584997282117,3.7116674446254283,28.258939487543984,3.681850777702004,30.318982048836865,3.7005125534480405,30.727942680112196,3.695433558313233,29.32318555588637,3.712317095963002,31.863138462127512,3.695054582448537,0.005345728553681983,-0.027170399648168697,-0.0014111932889275813,0.007976195167968658,-0.011248848593571115,0.016612862176891507,-0.013203804746532821,0.005457970999503736,0.00037897586469615163,0.017262513514465283,-2.3515444521530675,-0.023229887667987725,1.4057651206604724,-1.6103510502975205,-3.8918185107878287,-0.4485758641628266,1.2760905822723032,-0.3033785800545914,-3.9205619396837363,2.9028067535779662,1
492,6.944616479749924,3.6970355422231376,30.27468264913021,3.7101052268634844,32.37928529097047,3.6926595477055675,30.69124068930289,3.6921918162715675,29.875822603571425,3.7393751461886793,32.084381153966035,3.7187947096349423,30.466570082175743,3.6847879867114974,30.242957158658115,3.711418819878844,30.628045204972228,3.7023670013131036,29.812781953267265,3.707831023505202,30.018453985990938,3.705656682029603,-0.008621139806465283,0.004448544833881574,-0.012997134324035375,-0.013464865758035405,0.03371846415907642,0.013138027605339442,-0.020868695318105424,0.005762137849241178,-0.003289680716499266,0.0021743414755990287,0.30322100431932597,2.7722686911289927,2.2969711697707496,-0.19371542561511035,2.6047961566839177,2.207630594631759,-0.07602489017875058,-0.0998974751399686,0.4895963973808968,-1.8446844761365746,1
493,6.80088383325527,3.689075526310678,29.455691244721525,3.689591940195211,32.466684360901596,3.682979309565809,30.864693928415566,3.678601148972098,30.26903134318923,3.678969375328306,29.486530842314863,3.6629647050745917,32.356602889886425,3.7085331162118496,27.85389808258707,3.739756131295242,30.961750130891932,3.7410314864364045,30.689867685045225,3.6829526375191604,30.0867439133667,3.6954455376909343,-0.00637001138025628,-0.005853597495723228,-0.012466228125125323,-0.016844388718836534,-0.016476162362628166,-0.0324808326163426,0.013087578520915244,0.04431059360430778,0.04558594874547017,-0.012492900171773957,-0.8189914044086848,0.08739906993112356,0.17345323911267485,0.3932087396178048,-2.5978503116511718,1.890032807710682,-2.389059076071046,0.33370492591970446,0.8770857317779601,0.068289927375762,1
494,28.3241801841135,3.696906193377309,32.26585277460207,3.7142775488818027,34.1208453968894,3.7019802889897453,30.504007522403857,3.68955170543245,31.198168370589645,3.6886637336439536,32.074010648738316,3.7162182754523143,29.449035369641955,3.686925159403861,30.36456044707574,3.718308059409699,27.37160094075378,3.724454235856639,30.277270057060903,3.6666257227530776,30.99622399128908,3.7003910923200847,-0.003484898942775594,0.013886456561718052,0.0015891966696606197,-0.010839386887634639,-0.011727358676131061,0.01582718313222964,-0.013465932916223888,0.01791696708961421,0.024063143536554144,-0.03376536956700704,2.810161529880542,1.654161035987805,-0.360686406011709,0.9291370274004151,2.5874798064234525,-2.90756752024447,2.5106623644886703,-3.5901491901381526,-0.4125976279843222,0.9094800779223817,1
495,41.76358027136943,3.7197727704427854,27.899792861066665,3.708946911186127,29.084562103922362,3.699242006755629,29.68946139179248,3.7014837122304436,29.18753248326705,3.6987551904335203,27.143271145499853,3.674314283631411,29.62893899530707,3.6799836107803277,28.082207677104208,3.714810950716474,28.726885580547798,3.674812574500681,31.48104030659999,3.6919155341924963,31.910785992914715,3.6964037544869894,0.02336901595579599,0.012543156699137636,0.0028382522686394296,0.005079957743454155,0.0023514359465308665,-0.02208947085557833,-0.016420143706661783,0.0184071962294845,-0.02159117998630844,-0.004488220294493139,-4.366059913535402,-5.036283292967038,-0.8145461306113759,-2.0106358873225965,-4.930739503238463,0.17990362566511564,-2.2823527699715314,1.355284639794018,1.2037702495390867,0.9145620016256331,1
496,33.572818209244176,3.7156235067257524,29.277539614171253,3.6956922342227987,30.24498185074891,3.702822289934112,30.174714850520527,3.669500301197119,28.538373748782494,3.6973244125495754,30.49058348527387,3.6827912306386636,27.514998326161226,3.713886527622986,28.110182554629866,3.75145504778489,31.29159528320742,3.7099964327194765,27.96867353824035,3.6601771970209067,31.076423210984515,3.6999269180416285,0.015696588684123824,-0.004234683818829854,0.002895371892483567,-0.030426616844509535,-0.0026025054920530977,-0.017135687402964894,0.013959609581357668,0.051528129743261264,0.010069514677848002,-0.03974972102072183,1.3777467531045886,1.1604197468265482,0.4852534587280459,-0.6491587344845549,3.3473123397740174,-2.113940669145844,0.02797487752565786,2.5647097026596235,-3.512366768359641,-0.8343627819301993,1
497,32.605584198406575,3.7353551471592046,27.512968655351816,3.679761453812733,28.563293922338715,3.684070387630033,30.23691909747844,3.670538487138708,27.736227242934802,3.701716326391128,32.12931770081629,3.700875832957262,34.55862566969604,3.7302648216235346,29.410955818374727,3.7155282983727687,28.696626162617594,3.6841846657348993,29.74082077865191,3.7174679107283457,28.885255342975988,3.7019763331548616,0.03337881400434295,-0.022214879342128846,-0.017905945524828493,-0.031437846016153514,-0.0002600067637335002,-0.001100500197599441,0.028288488468672934,0.013551965217907025,-0.017791667419962298,0.015491577573484072,-1.7645709588194372,-1.681687928410195,0.06220424695791493,-0.8021465058476913,1.6387342155424172,7.043627343534816,1.300773263744862,-2.594969120589827,1.7721472404115595,-2.1911678680085274,1
498,13.48695190722164,3.7362311154638785,29.45653992026058,3.7115815260175102,26.26053667609002,3.650176771836971,29.873393554437328,3.724334469849959,29.842823214171286,3.7217925904581834,32.39673713874692,3.6928142939138717,30.02867284435152,3.7143452708756644,29.156835377119414,3.6828120157836564,32.090112290462415,3.690594885674673,30.24158046500222,3.7299709272133974,28.499954636868566,3.7054653867087763,0.030765728755102195,0.006116139308733892,-0.055288614871805475,0.018869083141182852,0.016327203749407104,-0.012651092794904617,0.008879884166888008,-0.022653370925119987,-0.014870501034103256,0.02450554050462106,1.9435712649087655,-2.302757246248696,-0.3635255430411135,2.1065959712364837,0.2674194379306343,-4.529952825344523,-0.2541204412553135,3.3934861278448203,0.5007596863503103,-0.3853007061074223,1
499,30.14066497717552,3.656772778147493,30.8532613800844,3.70227795143997,31.73111753134797,3.758340655424173,29.13655863582116,3.7095769373566516,29.082201824418245,3.7003698011789434,26.14503514493181,3.726253763568993,29.225697888300353,3.7043618561292333,31.906070730195516,3.7141827429102268,30.926448912000268,3.6957939101001593,28.00649619518847,3.7040702072082987,26.1922750497516,3.707200060346414,-0.05042728219892112,-0.004922108906443956,0.051140595077759254,0.002376877010237699,-0.006830259167470487,0.019053703222579266,-0.0028382042171806177,0.006982682563812848,-0.011406150246254576,-0.0031298531381152017,1.3967214598238193,5.47058085525795,-0.736834918616168,-0.7606213897530409,-6.251701993815111,-0.8029749560511661,2.7492353530761022,-1.1636633784621466,-2.2350842698137505,-2.307679587116965,1
